,_Rk,_Player,_Nation,_Pos,_Squad,_Age,_Born,PlayingTime_MP,PlayingTime_Min,PlayingTime_Mn/MP,PlayingTime_Min%,PlayingTime_90s,Starts_Starts,Starts_Mn/Start,Starts_Compl,Subs_Subs,Subs_Mn/Sub,Subs_unSub,TeamSuccess_PPM,TeamSuccess_onG,TeamSuccess_onGA,TeamSuccess_+/-,TeamSuccess_+/-90,TeamSuccess_On-Off,TeamSuccess(xG)_onxG,TeamSuccess(xG)_onxGA,TeamSuccess(xG)_xG+/-,TeamSuccess(xG)_xG+/-90,TeamSuccess(xG)_On-Off,Matches
0,1,Brenden Aaronson,us USA,MFFW,Union Berlin,22.0,2000.0,30,1267.0,42.0,41.4,14.1,14,68.0,2,16,20.0,2,1.07,17.0,23.0,-6.0,-0.43,0.53,15.4,21.2,-5.9,-0.42,-0.19,Matches
1,2,Paxten Aaronson,us USA,MF,Eint Frankfurt,19.0,2003.0,7,101.0,14.0,3.3,1.1,1,45.0,0,6,9.0,7,0.86,2.0,2.0,0.0,0.0,-0.03,1.1,2.6,-1.5,-1.3,-1.16,Matches
2,3,Junior Adamu,at AUT,FWMF,Freiburg,22.0,2001.0,15,105.0,7.0,3.4,1.2,0,,0,15,7.0,13,1.47,1.0,5.0,-4.0,-3.43,-3.15,0.9,3.4,-2.5,-2.17,-2.22,Matches
3,4,Sargis Adamyan,am ARM,FWMF,Köln,30.0,1993.0,20,801.0,40.0,26.2,8.9,8,73.0,1,12,18.0,5,0.8,9.0,21.0,-12.0,-1.35,-0.55,11.8,16.5,-4.6,-0.52,0.31,Matches
4,5,Karim Adeyemi,de GER,FWMF,Dortmund,21.0,2002.0,21,913.0,43.0,29.8,10.1,10,64.0,1,11,25.0,3,1.76,19.0,15.0,4.0,0.39,-0.49,18.4,17.1,1.2,0.12,-0.31,Matches
5,6,Amine Adli,ma MAR,MFFW,Leverkusen,23.0,2000.0,23,898.0,39.0,29.3,10.0,8,71.0,1,15,22.0,4,2.65,28.0,9.0,19.0,1.9,-0.01,24.2,10.4,13.8,1.39,0.14,Matches
6,7,Felix Agu,de GER,DFMF,Werder Bremen,23.0,1999.0,24,1614.0,67.0,52.7,17.9,19,81.0,4,5,14.0,5,1.42,21.0,23.0,-2.0,-0.11,0.14,22.5,28.7,-6.3,-0.35,-0.14,Matches
7,8,Ludovic Ajorque,fr FRA,FW,Mainz 05,29.0,1994.0,26,1360.0,52.0,44.4,15.1,15,80.0,9,11,14.0,6,1.04,13.0,26.0,-13.0,-0.86,-0.91,20.6,20.9,-0.2,-0.01,-0.03,Matches
8,9,Kevin Akpoguma,ng NGA,DF,Hoffenheim,28.0,1995.0,17,1097.0,65.0,35.8,12.2,11,86.0,9,6,26.0,11,1.35,26.0,21.0,5.0,0.41,0.64,20.2,20.1,0.1,0.01,0.34,Matches
9,10,Faride Alidou,de GER,FWMF,Köln,22.0,2001.0,26,1282.0,49.0,41.9,14.2,14,69.0,0,12,27.0,2,0.85,12.0,27.0,-15.0,-1.05,-0.19,15.0,24.5,-9.5,-0.67,0.13,Matches
10,11,Skelly Alvero,fr FRA,MF,Werder Bremen,21.0,2002.0,6,123.0,21.0,4.0,1.4,1,78.0,0,5,9.0,3,0.5,1.0,1.0,0.0,0.0,0.18,2.0,1.7,0.3,0.18,0.49,Matches
11,12,Nadiem Amiri,de GER,MF,Mainz 05,26.0,1996.0,15,1315.0,88.0,43.0,14.6,15,88.0,11,0,,0,1.53,23.0,20.0,3.0,0.21,0.98,23.3,21.7,1.6,0.11,0.18,Matches
12,13,Nadiem Amiri,de GER,MF,Leverkusen,26.0,1996.0,8,86.0,11.0,2.8,1.0,1,67.0,0,7,3.0,11,2.5,0.0,0.0,0.0,0.0,-1.97,2.3,0.7,1.6,1.62,0.34,Matches
13,14,Kofi Amoako,de GER,MF,Wolfsburg,18.0,2005.0,2,2.0,1.0,0.1,0.0,0,,0,2,1.0,4,2.0,0.0,0.0,0.0,0.0,0.44,0.0,0.0,0.0,0.0,0.16,Matches
14,15,Robert Andrich,de GER,MFDF,Leverkusen,28.0,1994.0,28,1690.0,60.0,55.2,18.8,18,87.0,16,10,12.0,6,2.71,47.0,9.0,38.0,2.02,0.25,40.7,14.0,26.6,1.42,0.3,Matches
15,16,Spyridon Angelidis,gr GRE,GK,Werder Bremen,18.0,2005.0,0,,,,,0,,0,0,,1,,,,,,,,,,,,Matches
16,17,Waldemar Anton,de GER,DF,Stuttgart,27.0,1996.0,33,2886.0,87.0,94.3,32.1,32,89.0,30,1,45.0,0,2.12,76.0,38.0,38.0,1.19,0.67,68.4,34.7,33.7,1.05,1.57,Matches
17,18,Christopher Antwi-Adjei,gh GHA,FWMF,Bochum,29.0,1994.0,25,1216.0,49.0,39.7,13.5,11,76.0,1,14,27.0,2,1.0,18.0,28.0,-10.0,-0.74,0.33,17.3,26.1,-8.9,-0.66,-0.15,Matches
18,19,Asaf Arania,il ISR,MF,Darmstadt 98,17.0,2005.0,1,6.0,6.0,0.2,0.1,0,,0,1,6.0,2,0.0,0.0,1.0,-1.0,-15.0,-13.38,0.0,0.5,-0.5,-8.23,-7.04,Matches
19,20,Maximilian Arnold,de GER,MF,Wolfsburg,29.0,1994.0,30,2506.0,84.0,81.9,27.8,27,90.0,26,3,26.0,0,1.0,32.0,49.0,-17.0,-0.61,-0.94,30.6,37.4,-6.7,-0.24,-0.43,Matches
20,21,Arthur,br BRA,DF,Leverkusen,20.0,2003.0,4,184.0,46.0,6.0,2.0,2,75.0,1,2,17.0,4,3.0,8.0,1.0,7.0,3.42,1.61,6.1,1.8,4.3,2.09,0.86,Matches
21,22,Takuma Asano,jp JPN,FWMF,Bochum,28.0,1994.0,29,1986.0,68.0,64.9,22.1,26,74.0,5,3,21.0,0,0.86,25.0,53.0,-28.0,-1.27,-0.93,29.2,41.6,-12.4,-0.56,0.02,Matches
22,23,Jonathan Asp Jensen,dk DEN,FW,Bayern Munich,17.0,2006.0,1,1.0,1.0,0.0,0.0,0,,0,1,1.0,0,3.0,0.0,0.0,0.0,0.0,-1.44,0.0,0.0,0.0,0.0,-1.56,Matches
23,24,Noah Atubolu,de GER,GK,Freiburg,21.0,2002.0,34,3060.0,90.0,100.0,34.0,34,90.0,34,0,,0,1.24,45.0,58.0,-13.0,-0.38,,49.4,50.5,-1.1,-0.03,,Matches
24,25,Adam Aznou,es ESP,DF,Bayern Munich,17.0,2006.0,0,,,,,0,,0,0,,6,,,,,,,,,,,,Matches
25,26,Matthias Bader,de GER,DFMF,Darmstadt 98,26.0,1997.0,24,1802.0,75.0,58.9,20.0,21,82.0,12,3,26.0,0,0.71,22.0,41.0,-19.0,-0.95,1.7,20.5,38.2,-17.7,-0.88,0.77,Matches
26,27,Elias Bakatukanda,de GER,MF,Köln,19.0,2004.0,0,,,,,0,,0,0,,3,,,,,,,,,,,,Matches
27,28,Ridle Baku,de GER,DFMF,Wolfsburg,25.0,1998.0,33,2013.0,61.0,65.8,22.4,22,81.0,10,11,20.0,0,1.09,28.0,34.0,-6.0,-0.27,0.51,24.8,29.9,-5.2,-0.23,-0.2,Matches
28,29,Samuel Bamba,de GER,FW,Dortmund,19.0,2004.0,2,47.0,24.0,1.5,0.5,0,,0,2,24.0,2,1.0,0.0,0.0,0.0,0.0,-0.75,1.6,0.8,0.9,1.66,1.34,Matches
29,30,Aymen Barkok,ma MAR,MFFW,Mainz 05,25.0,1998.0,13,321.0,25.0,10.5,3.6,1,68.0,0,12,21.0,0,0.62,7.0,7.0,0.0,0.0,0.39,5.7,6.2,-0.5,-0.15,-0.17,Matches
30,31,Leandro Barreiro Martins,lu LUX,MF,Mainz 05,23.0,2000.0,31,2606.0,84.0,85.2,29.0,29,88.0,26,2,29.0,0,1.1,36.0,38.0,-2.0,-0.07,1.91,38.9,34.4,4.5,0.15,1.0,Matches
31,32,Daniel Batz,de GER,GK,Mainz 05,32.0,1991.0,4,360.0,90.0,11.8,4.0,4,90.0,4,0,,16,0.5,1.0,3.0,-2.0,-0.5,-0.17,6.2,2.9,3.3,0.83,0.94,Matches
32,33,Maximilian Bauer,de GER,DF,Augsburg,23.0,2000.0,14,810.0,58.0,26.5,9.0,9,83.0,6,5,12.0,15,1.57,15.0,22.0,-7.0,-0.78,-0.66,15.6,17.8,-2.2,-0.24,0.12,Matches
33,34,Elias Baum,de GER,DFMF,Eint Frankfurt,17.0,2005.0,4,28.0,7.0,0.9,0.3,0,,0,4,7.0,1,1.25,1.0,0.0,1.0,3.21,3.21,0.3,1.1,-0.8,-2.5,-2.35,Matches
34,35,Oliver Baumann,de GER,GK,Hoffenheim,33.0,1990.0,34,3060.0,90.0,100.0,34.0,34,90.0,34,0,,0,1.35,66.0,66.0,0.0,0.0,,53.6,60.8,-7.2,-0.21,,Matches
35,36,Christoph Baumgartner,at AUT,MFFW,RB Leipzig,23.0,1999.0,32,1158.0,36.0,37.8,12.9,11,69.0,0,21,19.0,2,1.94,23.0,16.0,7.0,0.54,-0.92,29.3,12.4,16.9,1.32,0.91,Matches
36,37,Mika Baur,de GER,MF,Freiburg,19.0,2004.0,0,,,,,0,,0,0,,4,,,,,,,,,,,,Matches
37,38,Ihlas Bebou,tg TOG,FWDF,Hoffenheim,29.0,1994.0,32,1636.0,51.0,53.5,18.2,16,82.0,6,16,20.0,2,1.34,36.0,37.0,-1.0,-0.06,-0.12,27.7,34.4,-6.7,-0.37,-0.33,Matches
38,39,Adrian Beck,de GER,MFFW,Heidenheim,26.0,1997.0,23,974.0,42.0,31.8,10.8,11,61.0,1,12,26.0,5,1.13,16.0,20.0,-4.0,-0.37,-0.33,11.4,20.3,-9.0,-0.83,-0.24,Matches
39,40,Sheraldo Becker,sr SUR,FWMF,Union Berlin,28.0,1995.0,11,645.0,59.0,21.1,7.2,7,72.0,1,4,35.0,0,0.55,6.0,17.0,-11.0,-1.53,-1.01,9.6,12.1,-2.5,-0.35,-0.06,Matches
40,41,Chris Bedia,ci CIV,FWMF,Union Berlin,27.0,1996.0,7,145.0,21.0,4.7,1.6,0,,0,7,21.0,8,0.0,3.0,5.0,-2.0,-1.24,-0.53,2.4,4.0,-1.7,-1.03,-0.76,Matches
41,42,Donny van de Beek,nl NED,MFFW,Eint Frankfurt,26.0,1997.0,8,357.0,45.0,11.7,4.0,4,59.0,0,4,30.0,7,1.5,4.0,3.0,1.0,0.25,0.25,4.8,5.3,-0.4,-0.11,0.07,Matches
42,43,Kevin Behrens,de GER,FW,Wolfsburg,32.0,1991.0,13,616.0,47.0,20.1,6.8,7,78.0,1,6,12.0,2,1.15,8.0,11.0,-3.0,-0.44,0.0,9.6,7.6,2.0,0.29,0.56,Matches
43,44,Kevin Behrens,de GER,FW,Union Berlin,32.0,1991.0,18,1262.0,70.0,41.2,14.0,14,81.0,6,4,34.0,0,0.94,13.0,24.0,-11.0,-0.78,-0.08,18.1,19.6,-1.4,-0.1,0.35,Matches
44,45,Morten Behrens,de GER,GK,Darmstadt 98,26.0,1997.0,0,,,,,0,,0,0,,12,,,,,,,,,,,,Matches
45,46,Maximilian Beier,de GER,FWMF,Hoffenheim,20.0,2002.0,33,2420.0,73.0,79.1,26.9,29,81.0,9,4,19.0,0,1.3,51.0,51.0,0.0,0.0,0.0,43.2,45.2,-2.0,-0.07,0.65,Matches
46,47,Stefan Bell,de GER,DF,Mainz 05,31.0,1991.0,10,666.0,67.0,21.8,7.4,8,76.0,4,2,29.0,4,0.4,6.0,21.0,-15.0,-2.03,-2.14,6.1,12.6,-6.4,-0.87,-1.12,Matches
47,48,Ramy Bensebaini,dz ALG,DF,Dortmund,28.0,1995.0,17,1033.0,61.0,33.8,11.5,11,83.0,7,6,21.0,3,1.94,21.0,17.0,4.0,0.35,-0.58,23.0,19.5,3.5,0.31,-0.05,Matches
48,49,Mergim Berisha,de GER,FW,Hoffenheim,25.0,1998.0,6,144.0,24.0,4.7,1.6,0,,0,6,24.0,2,1.5,1.0,2.0,-1.0,-0.62,-0.66,1.5,3.0,-1.5,-0.91,-0.74,Matches
49,50,Mergim Berisha,de GER,FW,Augsburg,25.0,1998.0,2,122.0,61.0,4.0,1.4,2,61.0,0,0,,0,0.5,3.0,5.0,-2.0,-1.48,-1.23,2.4,2.4,0.0,-0.03,0.31,Matches
50,51,Bernardo,br BRA,DF,Bochum,28.0,1995.0,33,2924.0,89.0,95.6,32.5,33,89.0,31,0,,0,1.0,41.0,68.0,-27.0,-0.83,2.48,43.9,57.9,-14.0,-0.43,3.09,Matches
51,52,Matúš Bero,sk SVK,MFFW,Bochum,27.0,1995.0,24,1661.0,69.0,54.3,18.5,20,78.0,8,4,25.0,0,0.96,24.0,44.0,-20.0,-1.08,-0.31,22.2,36.6,-14.4,-0.78,-0.47,Matches
52,53,Jan-Niklas Beste,de GER,FWMF,Heidenheim,24.0,1999.0,31,2603.0,84.0,85.1,28.9,31,84.0,5,0,,0,1.26,43.0,45.0,-2.0,-0.07,0.52,32.5,51.8,-19.4,-0.67,-0.06,Matches
53,54,Pep Biel,es ESP,MFFW,Augsburg,26.0,1996.0,11,285.0,26.0,9.3,3.2,0,,0,11,26.0,3,1.09,4.0,4.0,0.0,0.0,0.32,5.1,5.4,-0.3,-0.1,0.26,Matches
54,55,Tom Bischof,de GER,MFFW,Hoffenheim,18.0,2005.0,13,178.0,14.0,5.8,2.0,1,77.0,0,12,8.0,15,1.08,9.0,4.0,5.0,2.53,2.68,6.2,5.1,1.2,0.58,0.84,Matches
55,56,Leonardo Bittencourt,de GER,MF,Werder Bremen,29.0,1993.0,29,1578.0,54.0,51.6,17.5,19,75.0,1,10,15.0,3,1.24,23.0,23.0,0.0,0.0,0.36,22.2,28.3,-6.1,-0.35,-0.13,Matches
56,57,Hendry Blank,de GER,DF,Dortmund,18.0,2004.0,1,45.0,45.0,1.5,0.5,0,,0,1,45.0,4,3.0,3.0,0.0,3.0,6.0,5.34,2.6,1.0,1.6,3.18,2.89,Matches
57,58,Janis Blaswich,de GER,GK,RB Leipzig,32.0,1991.0,21,1890.0,90.0,61.8,21.0,21,90.0,21,0,,13,1.62,45.0,30.0,15.0,0.71,-1.05,40.0,27.4,12.6,0.6,-0.39,Matches
58,59,Sacha Boey,fr FRA,DF,Bayern Munich,22.0,2000.0,2,109.0,55.0,3.6,1.2,1,80.0,0,1,29.0,2,1.5,2.0,2.0,0.0,0.0,-1.49,1.2,1.2,-0.1,-0.06,-1.67,Matches
59,60,Victor Boniface,ng NGA,FW,Leverkusen,22.0,2000.0,23,1546.0,67.0,50.5,17.2,18,80.0,4,5,21.0,0,2.57,52.0,13.0,39.0,2.27,0.72,37.1,16.9,20.1,1.17,-0.23,Matches
60,61,Leonardo Bonucci,it ITA,DF,Union Berlin,36.0,1987.0,7,460.0,66.0,15.0,5.1,6,73.0,2,1,23.0,5,0.43,3.0,13.0,-10.0,-1.96,-1.44,7.1,7.0,0.1,0.02,0.39,Matches
61,62,Yvandro Borges Sanches,lu LUX,MFFW,Gladbach,19.0,2004.0,3,18.0,6.0,0.6,0.2,0,,0,3,6.0,4,0.67,1.0,0.0,1.0,5.0,5.36,0.9,0.4,0.5,2.62,2.86,Matches
62,63,Sebastiaan Bornauw,be BEL,DF,Wolfsburg,24.0,1999.0,20,1431.0,72.0,46.8,15.9,16,84.0,12,4,20.0,7,1.1,17.0,30.0,-13.0,-0.82,-0.71,14.0,22.9,-8.9,-0.56,-0.74,Matches
63,64,Rafael Borré,co COL,FW,Werder Bremen,27.0,1995.0,19,991.0,52.0,32.4,11.0,11,77.0,2,8,19.0,1,1.37,13.0,18.0,-5.0,-0.45,-0.41,12.8,17.4,-4.6,-0.42,-0.21,Matches
64,65,Julian Brandt,de GER,MFFW,Dortmund,27.0,1996.0,32,2223.0,69.0,72.6,24.7,26,78.0,12,6,33.0,0,1.84,44.0,29.0,15.0,0.61,-0.47,42.1,36.4,5.7,0.23,-0.39,Matches
65,66,Fabian Bredlow,de GER,GK,Stuttgart,28.0,1995.0,4,360.0,90.0,11.8,4.0,4,90.0,4,0,,26,2.5,9.0,3.0,6.0,1.5,0.4,7.0,4.4,2.6,0.66,-0.34,Matches
66,67,Tim Breithaupt,de GER,MF,Augsburg,21.0,2002.0,16,629.0,39.0,20.6,7.0,6,70.0,1,10,21.0,13,0.88,6.0,19.0,-13.0,-1.86,-1.97,9.7,16.9,-7.1,-1.02,-0.87,Matches
67,68,Maximilian Breunig,de GER,FW,Freiburg,22.0,2000.0,2,9.0,5.0,0.3,0.1,0,,0,2,5.0,6,1.5,0.0,1.0,-1.0,-10.0,-9.65,0.2,0.3,-0.1,-1.0,-0.97,Matches
68,69,Bennit Bröger,de GER,FW,Wolfsburg,17.0,2006.0,1,11.0,11.0,0.4,0.1,0,,0,1,11.0,0,0.0,0.0,1.0,-1.0,-8.18,-7.77,0.1,0.5,-0.4,-3.0,-2.85,Matches
69,70,John Brooks,us USA,DF,Hoffenheim,30.0,1993.0,21,1539.0,73.0,50.3,17.1,18,81.0,14,3,26.0,10,1.76,36.0,32.0,4.0,0.23,0.47,28.8,31.1,-2.4,-0.14,0.14,Matches
70,71,Moritz Broschinski,de GER,FW,Bochum,22.0,2000.0,26,1247.0,48.0,40.8,13.9,14,71.0,3,12,21.0,4,1.12,20.0,25.0,-5.0,-0.36,0.98,17.9,23.6,-5.8,-0.42,0.26,Matches
71,72,Paris Brunner,de GER,FW,Dortmund,17.0,2006.0,0,,,,,0,,0,0,,1,,,,,,,,,,,,Matches
72,73,Alexander Brunst,de GER,GK,Darmstadt 98,28.0,1995.0,3,270.0,90.0,8.8,3.0,3,90.0,3,0,,21,0.2,2.0,16.0,-14.0,-4.67,-3.31,1.4,7.1,-5.7,-1.9,-0.77,Matches
73,74,Guille Bueno,es ESP,DF,Dortmund,20.0,2002.0,0,,,,,0,,0,0,,1,,,,,,,,,,,,Matches
74,75,Marius Bülter,de GER,DFFW,Hoffenheim,30.0,1993.0,30,1351.0,45.0,44.2,15.0,15,71.0,5,15,19.0,1,1.4,27.0,30.0,-3.0,-0.2,-0.36,25.5,27.5,-1.9,-0.13,0.15,Matches
75,76,Jonathan Burkardt,de GER,FWMF,Mainz 05,23.0,2000.0,21,1538.0,73.0,50.3,17.1,18,82.0,10,3,22.0,0,1.19,24.0,20.0,4.0,0.23,1.18,25.2,20.8,4.4,0.26,0.5,Matches
76,77,Oliver Burke,sct SCO,FW,Werder Bremen,26.0,1997.0,1,32.0,32.0,1.0,0.4,0,,0,1,32.0,0,0.0,0.0,3.0,-3.0,-8.44,-8.35,0.1,1.7,-1.6,-4.44,-4.2,Matches
77,78,Marnon Busch,de GER,DF,Heidenheim,28.0,1994.0,16,595.0,37.0,19.4,6.6,5,67.0,2,11,23.0,5,1.0,9.0,12.0,-3.0,-0.45,-0.38,7.2,9.7,-2.5,-0.37,0.36,Matches
78,79,Jakob Busk,dk DEN,GK,Union Berlin,29.0,1993.0,0,,,,,0,,0,0,,6,,,,,,,,,,,,Matches
79,80,Aurélio Buta,pt POR,DFMF,Eint Frankfurt,26.0,1997.0,30,1744.0,58.0,57.0,19.4,20,78.0,7,10,18.0,2,1.4,30.0,33.0,-3.0,-0.15,-0.43,25.0,32.1,-7.1,-0.37,-0.45,Matches
80,81,Jamie Bynoe-Gittens,eng ENG,FWMF,Dortmund,18.0,2004.0,25,1058.0,42.0,34.6,11.8,14,62.0,1,11,18.0,9,1.84,25.0,12.0,13.0,1.11,0.57,22.6,14.9,7.7,0.65,0.48,Matches
81,82,Anders Børset,no NOR,DF,Wolfsburg,17.0,2006.0,0,,,,,0,,0,0,,1,,,,,,,,,,,,Matches
82,83,Anthony Caci,fr FRA,DF,Mainz 05,26.0,1997.0,31,2486.0,80.0,81.2,27.6,29,84.0,20,2,19.0,0,1.06,32.0,45.0,-13.0,-0.47,-0.63,35.9,37.9,-1.9,-0.07,-0.4,Matches
83,84,Emre Can,de GER,MFDF,Dortmund,29.0,1994.0,25,1953.0,78.0,63.8,21.7,22,86.0,16,3,21.0,4,2.0,41.0,22.0,19.0,0.88,0.39,39.0,28.0,11.0,0.51,0.46,Matches
84,85,Irvin Cardona,fr FRA,MFDF,Augsburg,25.0,1997.0,3,54.0,18.0,1.8,0.6,0,,0,3,18.0,1,0.33,2.0,1.0,1.0,1.67,2.0,1.1,1.4,-0.3,-0.55,-0.22,Matches
85,86,Rasmus Carstensen,dk DEN,DFFW,Köln,22.0,2000.0,23,1659.0,72.0,54.2,18.4,18,87.0,11,5,20.0,9,0.61,14.0,40.0,-26.0,-1.41,-1.03,19.5,41.9,-22.4,-1.22,-1.03,Matches
86,87,Fabio Carvalho,pt POR,MF,RB Leipzig,20.0,2002.0,9,165.0,18.0,5.4,1.8,1,69.0,0,8,12.0,7,1.67,2.0,0.0,2.0,1.09,-0.03,1.9,1.2,0.6,0.35,-0.43,Matches
87,88,Koen Casteels,be BEL,GK,Wolfsburg,31.0,1992.0,25,2250.0,90.0,73.5,25.0,25,90.0,25,0,,0,1.2,31.0,39.0,-8.0,-0.32,0.46,27.4,34.8,-7.3,-0.29,-0.49,Matches
88,89,Václav Černý,cz CZE,FWMF,Wolfsburg,25.0,1997.0,22,921.0,42.0,30.1,10.2,12,67.0,0,10,12.0,8,0.91,13.0,17.0,-4.0,-0.39,0.07,12.5,13.4,-0.9,-0.09,0.1,Matches
89,90,Julian Chabot,de GER,DF,Köln,25.0,1998.0,32,2703.0,84.0,88.3,30.0,32,84.0,27,0,,0,0.84,28.0,52.0,-24.0,-0.8,1.22,35.7,55.2,-19.5,-0.65,0.81,Matches
90,91,El Chadaille Bitshiabu,fr FRA,DFMF,RB Leipzig,18.0,2005.0,6,34.0,6.0,1.1,0.4,0,,0,6,6.0,14,2.33,0.0,0.0,0.0,0.0,-1.13,0.7,1.1,-0.4,-1.04,-1.81,Matches
91,92,Fares Chaïbi,dz ALG,MFFW,Eint Frankfurt,20.0,2002.0,28,1912.0,68.0,62.5,21.2,21,79.0,6,7,35.0,1,1.36,37.0,37.0,0.0,0.0,-0.08,31.4,32.5,-1.1,-0.05,0.32,Matches
92,93,Timothy Chandler,us USA,MFDF,Eint Frankfurt,33.0,1990.0,6,18.0,3.0,0.6,0.2,0,,0,6,3.0,12,1.0,1.0,1.0,0.0,0.0,-0.03,1.0,1.1,-0.1,-0.46,-0.28,Matches
93,94,Anrie Chase,jp JPN,DF,Stuttgart,19.0,2004.0,0,,,,,0,,0,0,,9,,,,,,,,,,,,Matches
94,95,Fabio Chiarodia,it ITA,DF,Gladbach,18.0,2005.0,7,152.0,22.0,5.0,1.7,1,79.0,0,6,12.0,17,1.57,2.0,5.0,-3.0,-1.78,-1.53,2.7,4.3,-1.5,-0.9,-0.71,Matches
95,96,Jacob Christensen,dk DEN,MF,Köln,22.0,2001.0,7,219.0,31.0,7.2,2.4,2,85.0,1,5,10.0,14,0.57,0.0,5.0,-5.0,-2.05,-1.2,2.5,5.0,-2.5,-1.02,-0.3,Matches
96,97,Moussa Cissé,fr FRA,DF,Stuttgart,20.0,2003.0,0,,,,,0,,0,0,,3,,,,,,,,,,,,Matches
97,98,David Čolina,hr CRO,DF,Augsburg,23.0,2000.0,0,,,,,0,,0,0,,3,,,,,,,,,,,,Matches
98,99,Nnamdi Collins,de GER,DF,Eint Frankfurt,19.0,2004.0,2,90.0,45.0,2.9,1.0,1,64.0,0,1,26.0,3,0.5,0.0,1.0,-1.0,-1.0,-1.06,1.5,1.7,-0.2,-0.17,0.0,Matches
99,100,Kingsley Coman,fr FRA,FW,Bayern Munich,27.0,1996.0,17,1113.0,65.0,36.4,12.4,15,71.0,2,2,23.0,1,2.35,30.0,11.0,19.0,1.54,0.15,32.5,7.5,25.0,2.02,0.73,Matches
100,101,Bambasé Conté,de GER,MFFW,Hoffenheim,20.0,2003.0,7,48.0,7.0,1.6,0.5,0,,0,7,7.0,5,0.57,1.0,1.0,0.0,0.0,0.0,0.7,1.4,-0.8,-1.44,-1.25,Matches
101,102,Danny da Costa,de GER,DF,Mainz 05,30.0,1993.0,19,830.0,44.0,27.1,9.2,9,76.0,4,10,15.0,10,0.79,10.0,18.0,-8.0,-0.87,-0.71,9.4,11.6,-2.2,-0.24,-0.34,Matches
102,103,Nicolas Cozza,fr FRA,DF,Wolfsburg,24.0,1999.0,6,276.0,46.0,9.0,3.1,3,70.0,0,3,22.0,8,1.33,4.0,7.0,-3.0,-0.98,-0.59,3.4,2.5,0.9,0.29,0.49,Matches
103,104,Tomáš Čvančara,cz CZE,FW,Gladbach,22.0,2000.0,21,896.0,43.0,29.3,10.0,7,75.0,1,14,27.0,0,0.9,19.0,23.0,-4.0,-0.4,-0.11,14.7,20.4,-5.6,-0.57,-0.48,Matches
104,105,Finn Dahmen,de GER,GK,Augsburg,25.0,1998.0,31,2790.0,90.0,91.2,31.0,31,90.0,31,0,,0,1.26,48.0,52.0,-4.0,-0.13,1.87,41.8,49.1,-7.3,-0.24,1.09,Matches
105,106,Mahmoud Dahoud,de GER,MF,Stuttgart,27.0,1996.0,13,227.0,17.0,7.4,2.5,1,66.0,0,12,13.0,2,2.31,6.0,4.0,2.0,0.79,-0.38,7.7,2.5,5.2,2.07,1.2,Matches
106,107,Maxim Dal,de GER,DF,Mainz 05,17.0,2006.0,0,,,,,0,,0,0,,2,,,,,,,,,,,,Matches
107,108,Lukas Daschner,de GER,MFFW,Bochum,24.0,1998.0,20,536.0,27.0,17.5,6.0,3,73.0,0,17,19.0,13,0.7,8.0,16.0,-8.0,-1.34,-0.49,11.5,13.2,-1.7,-0.29,0.34,Matches
108,109,David Datro Fofana,ci CIV,FWMF,Union Berlin,20.0,2002.0,12,682.0,57.0,22.3,7.6,8,66.0,1,4,40.0,0,0.83,6.0,16.0,-10.0,-1.32,-0.75,9.9,10.8,-0.9,-0.12,0.24,Matches
109,110,Alphonso Davies,ca CAN,DF,Bayern Munich,22.0,2000.0,29,2065.0,71.0,67.5,22.9,24,81.0,16,5,23.0,2,2.17,65.0,30.0,35.0,1.53,0.26,54.4,22.5,31.9,1.39,-0.52,Matches
110,111,David Deger,de GER,MF,Augsburg,23.0,2000.0,0,,,,,0,,0,0,,1,,,,,,,,,,,,Matches
111,112,Olivier Deman,be BEL,DF,Werder Bremen,23.0,2000.0,29,1365.0,47.0,44.6,15.2,14,82.0,7,15,14.0,1,1.34,26.0,27.0,-1.0,-0.07,0.2,21.4,25.0,-3.6,-0.23,0.08,Matches
112,113,Ermedin Demirović,ba BIH,FWMF,Augsburg,25.0,1998.0,33,2873.0,87.0,93.9,31.9,33,87.0,23,0,,0,1.15,47.0,56.0,-9.0,-0.28,0.2,42.9,52.3,-9.4,-0.29,0.63,Matches
113,114,Sepp van den Berg,nl NED,DF,Mainz 05,21.0,2001.0,33,2839.0,86.0,92.8,31.5,31,90.0,30,2,27.0,0,1.03,36.0,46.0,-10.0,-0.32,0.5,42.0,41.8,0.2,0.01,0.03,Matches
114,115,Samuele Di Benedetto,de GER,MF,Stuttgart,18.0,2005.0,1,7.0,7.0,0.2,0.1,0,,0,1,7.0,2,3.0,0.0,0.0,0.0,0.0,-1.15,0.0,0.0,0.0,0.3,-0.67,Matches
115,116,Justin Diehl,de GER,FWMF,Köln,18.0,2004.0,7,168.0,24.0,5.5,1.9,1,59.0,0,6,18.0,0,0.57,0.0,3.0,-3.0,-1.61,-0.7,1.2,4.0,-2.8,-1.5,-0.8,Matches
116,117,Eric Dier,eng ENG,DF,Bayern Munich,29.0,1994.0,15,1166.0,78.0,38.1,13.0,13,85.0,11,2,29.0,3,1.87,36.0,21.0,15.0,1.16,-0.46,30.7,15.8,14.9,1.15,-0.66,Matches
117,118,Florian Dietz,de GER,FWMF,Köln,24.0,1998.0,5,70.0,14.0,2.3,0.8,0,,0,5,14.0,5,0.4,0.0,2.0,-2.0,-2.57,-1.67,0.9,1.1,-0.2,-0.22,0.54,Matches
118,119,Junior Dina Ebimbe,fr FRA,MFDF,Eint Frankfurt,22.0,2000.0,31,1956.0,63.0,63.9,21.7,25,73.0,4,6,24.0,0,1.39,31.0,28.0,3.0,0.14,0.3,26.2,30.8,-4.6,-0.21,-0.1,Matches
119,120,Eren Dinkçi,de GER,FWMF,Heidenheim,21.0,2001.0,33,2650.0,80.0,86.6,29.4,33,80.0,7,0,,0,1.27,43.0,45.0,-2.0,-0.07,0.59,32.8,48.1,-15.3,-0.52,1.06,Matches
120,121,Ritsu Doan,jp JPN,DFMF,Freiburg,25.0,1998.0,30,2246.0,75.0,73.4,25.0,26,83.0,13,4,24.0,0,1.27,32.0,39.0,-7.0,-0.28,0.38,35.4,36.8,-1.4,-0.06,-0.09,Matches
121,122,Danilho Doekhi,nl NED,DF,Union Berlin,25.0,1998.0,24,2160.0,90.0,70.6,24.0,24,90.0,24,0,,3,0.92,26.0,43.0,-17.0,-0.71,0.09,29.3,34.4,-5.1,-0.21,0.32,Matches
122,123,Niklas Dorsch,de GER,MF,Augsburg,25.0,1998.0,21,1386.0,66.0,45.3,15.4,16,81.0,9,5,17.0,5,1.14,20.0,30.0,-10.0,-0.65,-0.65,19.3,27.5,-8.2,-0.53,-0.37,Matches
123,124,Nikola Dovedan,at AUT,MFFW,Heidenheim,29.0,1994.0,21,656.0,31.0,21.4,7.3,5,62.0,0,16,22.0,9,0.86,12.0,11.0,1.0,0.14,0.36,10.8,13.5,-2.7,-0.37,0.37,Matches
124,125,Damion Downs,de GER,FWMF,Köln,19.0,2004.0,10,181.0,18.0,5.9,2.0,0,,0,10,18.0,2,0.6,5.0,4.0,1.0,0.5,1.53,6.3,4.2,2.2,1.08,1.94,Matches
125,126,Dion Drena Beljo,hr CRO,FWMF,Augsburg,21.0,2002.0,26,581.0,22.0,19.0,6.5,3,74.0,1,23,16.0,5,1.12,10.0,14.0,-4.0,-0.62,-0.4,9.7,13.5,-3.8,-0.58,-0.31,Matches
126,127,Tim Drexler,de GER,DF,Hoffenheim,18.0,2005.0,8,573.0,72.0,18.7,6.4,6,85.0,5,2,32.0,3,1.13,12.0,14.0,-2.0,-0.31,-0.39,8.0,14.2,-6.2,-0.97,-0.93,Matches
127,128,Marvin Ducksch,de GER,FW,Werder Bremen,29.0,1994.0,33,2696.0,82.0,88.1,30.0,32,83.0,15,1,45.0,0,1.18,41.0,50.0,-9.0,-0.3,-1.04,39.3,49.7,-10.4,-0.35,-0.54,Matches
128,129,Julien Duranville,be BEL,FWMF,Dortmund,17.0,2006.0,2,12.0,6.0,0.4,0.1,0,,0,2,6.0,3,0.5,0.0,1.0,-1.0,-7.5,-8.27,0.1,0.1,0.0,0.07,-0.27,Matches
129,130,Yannick Eduardo,,FW,RB Leipzig,17.0,2006.0,0,,,,,0,,0,0,,2,,,,,,,,,,,,Matches
130,131,Maximilian Eggestein,de GER,MF,Freiburg,26.0,1996.0,33,2914.0,88.0,95.2,32.4,33,88.0,28,0,,0,1.27,41.0,53.0,-12.0,-0.37,0.25,47.6,47.5,0.2,0.0,0.78,Matches
131,132,Lilian Egloff,de GER,MFDF,Stuttgart,20.0,2002.0,5,106.0,21.0,3.5,1.2,1,69.0,0,4,9.0,7,1.2,2.0,4.0,-2.0,-1.7,-2.95,3.9,1.6,2.3,1.95,1.02,Matches
132,133,Vitus Eicher,de GER,GK,Heidenheim,32.0,1990.0,0,,,,,0,,0,0,,33,,,,,,,,,,,,Matches
133,134,Hugo Ekitike,fr FRA,FW,Eint Frankfurt,21.0,2002.0,14,716.0,51.0,23.4,8.0,7,78.0,0,7,24.0,0,1.07,9.0,16.0,-7.0,-0.88,-1.19,10.4,12.7,-2.3,-0.29,-0.15,Matches
134,135,Agon Elezi,mk MKD,MF,Bochum,22.0,2001.0,0,,,,,0,,0,0,,5,,,,,,,,,,,,Matches
135,136,Elif Elmas,mk MKD,MFFW,RB Leipzig,23.0,1999.0,14,266.0,19.0,8.7,3.0,2,59.0,0,12,12.0,3,1.57,7.0,3.0,4.0,1.35,0.26,7.4,3.8,3.6,1.22,0.52,Matches
136,137,Nico Elvedi,ch SUI,DF,Gladbach,26.0,1996.0,30,2482.0,83.0,81.1,27.6,28,87.0,24,2,27.0,1,1.0,44.0,48.0,-4.0,-0.15,0.94,35.7,40.5,-4.8,-0.17,0.28,Matches
137,138,Arne Engels,be BEL,MFDF,Augsburg,19.0,2003.0,32,1405.0,44.0,45.9,15.6,13,74.0,2,19,23.0,0,1.22,25.0,21.0,4.0,0.26,1.02,23.0,25.9,-2.9,-0.19,0.27,Matches
138,139,Michael Esser,de GER,GK,Bochum,35.0,1987.0,0,,,,,0,,0,0,,1,,,,,,,,,,,,Matches
139,140,Ohis Felix Uduokhai,de GER,DF,Augsburg,25.0,1997.0,33,2921.0,89.0,95.5,32.5,33,89.0,31,0,,0,1.15,49.0,59.0,-10.0,-0.31,-0.31,42.2,54.9,-12.7,-0.39,-1.29,Matches
140,141,Frank Feller,de GER,GK,Heidenheim,19.0,2004.0,0,,,,,0,,0,0,,1,,,,,,,,,,,,Matches
141,142,Edimilson Fernandes,ch SUI,DF,Mainz 05,27.0,1996.0,21,1290.0,61.0,42.2,14.3,13,87.0,10,8,20.0,5,1.0,18.0,32.0,-14.0,-0.98,-1.08,16.7,23.4,-6.8,-0.47,-0.83,Matches
142,143,Nacho Ferri,es ESP,FWMF,Eint Frankfurt,18.0,2004.0,8,74.0,9.0,2.4,0.8,0,,0,8,9.0,4,1.63,3.0,1.0,2.0,2.43,2.46,3.2,1.4,1.7,2.12,2.35,Matches
143,144,Max Finkgräfe,de GER,DFFW,Köln,19.0,2004.0,24,1756.0,73.0,57.4,19.5,18,88.0,13,6,29.0,2,0.83,17.0,33.0,-16.0,-0.82,0.28,22.4,34.4,-12.0,-0.62,0.3,Matches
144,145,Kilian Fischer,de GER,DFMF,Wolfsburg,22.0,2000.0,6,291.0,49.0,9.5,3.2,4,69.0,1,2,9.0,18,1.67,3.0,5.0,-2.0,-0.62,-0.2,3.1,4.7,-1.6,-0.48,-0.36,Matches
145,146,Jonas Föhrenbach,de GER,DF,Heidenheim,27.0,1996.0,33,2788.0,84.0,91.1,31.0,32,87.0,28,1,9.0,0,1.24,44.0,53.0,-9.0,-0.29,-1.61,34.7,55.5,-20.8,-0.67,-0.13,Matches
146,147,Emil Forsberg,se SWE,MFFW,RB Leipzig,31.0,1991.0,14,464.0,33.0,15.2,5.2,5,64.0,0,9,16.0,2,1.93,12.0,5.0,7.0,1.36,0.28,8.9,9.1,-0.3,-0.05,-0.95,Matches
147,148,Philipp Förster,de GER,MFFW,Bochum,28.0,1995.0,13,385.0,30.0,12.6,4.3,3,63.0,0,10,20.0,12,0.85,6.0,8.0,-2.0,-0.47,0.54,6.6,8.1,-1.5,-0.36,0.24,Matches
148,149,Timothy Fosu-Mensah,nl NED,DF,Leverkusen,25.0,1998.0,0,,,,,0,,0,0,,7,,,,,,,,,,,,Matches
149,150,Bartol Franjić,hr CRO,MF,Darmstadt 98,23.0,2000.0,20,1229.0,61.0,40.2,13.7,14,79.0,7,6,21.0,6,0.5,6.0,45.0,-39.0,-2.86,-2.02,10.7,34.7,-24.0,-1.76,-0.93,Matches
150,151,Marco Friedl,at AUT,DF,Werder Bremen,25.0,1998.0,25,2197.0,88.0,71.8,24.4,25,88.0,23,0,,0,1.36,33.0,32.0,1.0,0.04,0.77,31.3,41.7,-10.4,-0.43,-0.52,Matches
151,152,Marvin Friedrich,de GER,DF,Gladbach,27.0,1995.0,24,1566.0,65.0,51.2,17.4,17,85.0,14,7,17.0,9,0.96,23.0,39.0,-16.0,-0.92,-1.22,20.8,33.1,-12.4,-0.71,-0.99,Matches
152,153,Jeremie Frimpong,nl NED,DF,Leverkusen,22.0,2000.0,31,2251.0,73.0,73.6,25.0,27,80.0,7,4,22.0,2,2.61,61.0,21.0,40.0,1.6,-1.18,50.9,23.2,27.7,1.11,-0.67,Matches
153,154,Chris Führich,de GER,FWMF,Stuttgart,25.0,1998.0,34,2567.0,76.0,83.9,28.5,33,76.0,5,1,45.0,0,2.15,64.0,31.0,33.0,1.16,0.06,58.7,30.2,28.5,1.0,0.23,Matches
154,155,Shiō Fukuda,jp JPN,FWMF,Gladbach,19.0,2004.0,5,36.0,7.0,1.2,0.4,0,,0,5,7.0,1,0.2,0.0,2.0,-2.0,-5.0,-4.73,0.5,1.5,-1.0,-2.4,-2.2,Matches
155,156,Taichi Fukui,jp JPN,MF,Bayern Munich,19.0,2004.0,0,,,,,0,,0,0,,1,,,,,,,,,,,,Matches
156,157,Niclas Füllkrug,de GER,FW,Werder Bremen,30.0,1993.0,2,180.0,90.0,5.9,2.0,2,90.0,2,0,,0,0.0,0.0,5.0,-5.0,-2.5,-2.47,1.6,5.2,-3.6,-1.82,-1.63,Matches
157,158,Niclas Füllkrug,de GER,FW,Dortmund,30.0,1993.0,29,2212.0,76.0,72.3,24.6,27,80.0,10,2,23.0,2,1.83,47.0,31.0,16.0,0.65,-0.3,41.5,37.8,3.7,0.15,-0.68,Matches
158,159,Cristian Gamboa,cr CRC,DF,Bochum,33.0,1989.0,22,1187.0,54.0,38.8,13.2,12,82.0,6,10,21.0,10,1.14,16.0,28.0,-12.0,-0.91,0.05,18.8,25.0,-6.2,-0.47,0.16,Matches
159,160,Dennis Geiger,de GER,MF,Hoffenheim,25.0,1998.0,3,64.0,21.0,2.1,0.7,0,,0,3,21.0,1,2.0,0.0,2.0,-2.0,-2.81,-2.87,0.5,2.8,-2.3,-3.23,-3.09,Matches
160,161,Yannick Gerhardt,de GER,MFDF,Wolfsburg,29.0,1994.0,25,1630.0,65.0,53.3,18.1,18,84.0,8,7,18.0,5,1.36,23.0,23.0,0.0,0.0,0.94,22.5,21.6,1.0,0.05,0.46,Matches
161,162,Anwar El Ghazi,nl NED,MFDF,Mainz 05,28.0,1995.0,3,54.0,18.0,1.8,0.6,0,,0,3,18.0,0,0.33,1.0,1.0,0.0,0.0,0.36,0.6,1.9,-1.3,-2.25,-2.3,Matches
162,163,Benedikt Gimber,de GER,DF,Heidenheim,26.0,1997.0,24,2021.0,84.0,66.0,22.5,24,84.0,18,0,,5,1.42,31.0,30.0,1.0,0.04,0.56,22.9,35.0,-12.1,-0.54,0.36,Matches
163,164,Matthias Ginter,de GER,DF,Freiburg,29.0,1994.0,23,1913.0,83.0,62.5,21.3,22,85.0,18,1,54.0,0,1.39,30.0,39.0,-9.0,-0.42,-0.11,32.9,31.3,1.6,0.08,0.29,Matches
164,165,Klaus Gjasula,al ALB,DFMF,Darmstadt 98,33.0,1989.0,22,1363.0,62.0,44.5,15.1,17,75.0,10,5,18.0,5,0.55,15.0,31.0,-16.0,-1.06,1.06,15.3,28.8,-13.5,-0.89,0.56,Matches
165,166,Serge Gnabry,de GER,FWMF,Bayern Munich,28.0,1995.0,10,432.0,43.0,14.1,4.8,5,66.0,0,5,21.0,3,1.6,15.0,6.0,9.0,1.87,0.51,12.5,4.3,8.2,1.7,0.17,Matches
166,167,Leon Goretzka,de GER,MF,Bayern Munich,28.0,1995.0,30,2241.0,75.0,73.2,24.9,25,84.0,17,5,28.0,0,2.0,64.0,39.0,25.0,1.0,-1.63,59.5,25.3,34.1,1.37,-0.7,Matches
167,168,Robin Gosens,de GER,DFMF,Union Berlin,29.0,1994.0,30,2283.0,76.0,74.6,25.4,27,82.0,10,3,20.0,0,1.0,27.0,45.0,-18.0,-0.71,0.1,31.5,34.7,-3.2,-0.13,0.71,Matches
168,169,Mario Götze,de GER,MF,Eint Frankfurt,31.0,1992.0,30,2068.0,69.0,67.6,23.0,23,82.0,7,7,25.0,1,1.33,32.0,30.0,2.0,0.09,0.18,30.5,34.5,-3.9,-0.17,0.01,Matches
169,170,Jeffrey Gouweleeuw,nl NED,DF,Augsburg,32.0,1991.0,30,2593.0,86.0,84.7,28.8,29,88.0,27,1,45.0,0,1.13,40.0,46.0,-6.0,-0.21,0.56,39.1,47.1,-8.1,-0.28,0.35,Matches
170,171,Jens Grahl,de GER,GK,Eint Frankfurt,34.0,1988.0,2,180.0,90.0,5.9,2.0,2,90.0,2,0,,32,2.0,4.0,2.0,2.0,1.0,1.03,4.8,2.9,1.9,0.96,1.2,Matches
171,172,Ryan Gravenberch,nl NED,FW,Bayern Munich,21.0,2002.0,1,10.0,10.0,0.3,0.1,0,,0,1,10.0,1,3.0,0.0,1.0,-1.0,-9.0,-10.48,0.6,0.3,0.3,2.46,0.91,Matches
172,173,Michael Gregoritsch,at AUT,FW,Freiburg,29.0,1994.0,32,1682.0,53.0,55.0,18.7,19,75.0,6,13,20.0,0,1.28,29.0,25.0,4.0,0.21,1.32,32.0,25.3,6.7,0.36,0.87,Matches
173,174,Vincenzo Grifo,it ITA,MFFW,Freiburg,30.0,1993.0,32,2325.0,73.0,76.0,25.8,29,76.0,6,3,41.0,2,1.22,32.0,42.0,-10.0,-0.39,-0.02,35.5,35.1,0.4,0.02,0.2,Matches
174,175,Florian Grillitsch,at AUT,DFMF,Hoffenheim,27.0,1995.0,30,2295.0,77.0,75.0,25.5,25,86.0,20,5,30.0,0,1.37,50.0,53.0,-3.0,-0.12,-0.47,39.9,47.5,-7.6,-0.3,-0.35,Matches
175,176,Álex Grimaldo,es ESP,DF,Leverkusen,27.0,1995.0,33,2784.0,84.0,91.0,30.9,31,89.0,26,2,13.0,0,2.64,76.0,23.0,53.0,1.71,-2.2,65.3,26.1,39.2,1.27,-0.22,Matches
176,177,Christian Groß,de GER,DFMF,Werder Bremen,34.0,1989.0,20,797.0,40.0,26.0,8.9,8,83.0,2,12,11.0,11,1.4,14.0,23.0,-9.0,-1.02,-1.14,15.5,19.0,-3.5,-0.39,-0.15,Matches
177,178,Brajan Gruda,de GER,MFFW,Mainz 05,19.0,2004.0,28,1641.0,59.0,53.6,18.2,19,76.0,2,9,21.0,1,1.0,22.0,28.0,-6.0,-0.33,0.05,27.2,26.0,1.2,0.07,0.13,Matches
178,179,Ilia Gruev,bg BUL,MF,Werder Bremen,23.0,2000.0,1,4.0,4.0,0.1,0.0,0,,0,1,4.0,1,0.0,0.0,1.0,-1.0,-22.5,-22.35,0.2,0.2,-0.1,-1.89,-1.61,Matches
179,180,Raphaël Guerreiro,pt POR,DFMF,Bayern Munich,29.0,1993.0,20,1191.0,60.0,38.9,13.2,13,75.0,5,7,31.0,2,1.9,33.0,17.0,16.0,1.21,-0.38,33.0,13.2,19.8,1.49,-0.11,Matches
180,181,Josuha Guilavogui,fr FRA,DF,Mainz 05,32.0,1990.0,11,409.0,37.0,13.4,4.5,5,62.0,2,6,16.0,12,1.64,5.0,8.0,-3.0,-0.66,-0.35,5.8,8.7,-2.9,-0.64,-0.74,Matches
181,182,Serhou Guirassy,gn GUI,FW,Stuttgart,27.0,1996.0,28,2208.0,79.0,72.2,24.5,25,85.0,15,3,28.0,0,2.39,59.0,24.0,35.0,1.43,1.0,50.3,27.3,23.0,0.94,-0.08,Matches
182,183,Péter Gulácsi,hu HUN,GK,RB Leipzig,33.0,1990.0,13,1170.0,90.0,38.2,13.0,13,90.0,13,0,,16,2.38,32.0,9.0,23.0,1.77,1.05,25.6,12.7,12.9,0.99,0.39,Matches
183,184,Manuel Gulde,de GER,DF,Freiburg,32.0,1991.0,27,2047.0,76.0,66.9,22.7,23,85.0,18,4,25.0,5,1.26,33.0,40.0,-7.0,-0.31,0.23,33.7,32.6,1.0,0.04,0.23,Matches
184,185,Robert Gumny,pl POL,DF,Augsburg,25.0,1998.0,13,481.0,37.0,15.7,5.3,6,64.0,2,7,14.0,10,0.85,9.0,9.0,0.0,0.0,0.35,8.2,10.0,-1.8,-0.34,-0.01,Matches
185,186,Christian Günter,de GER,DF,Freiburg,30.0,1993.0,15,1060.0,71.0,34.6,11.8,13,79.0,4,2,15.0,1,1.07,17.0,17.0,0.0,0.0,0.59,18.0,17.1,1.0,0.08,0.18,Matches
186,187,Janik Haberer,de GER,MFDF,Union Berlin,29.0,1994.0,21,1221.0,58.0,39.9,13.6,14,75.0,6,7,25.0,7,0.71,10.0,30.0,-20.0,-1.47,-1.23,14.0,23.2,-9.2,-0.68,-0.62,Matches
187,188,Robin Hack,de GER,FWMF,Gladbach,24.0,1998.0,29,1348.0,46.0,44.1,15.0,14,75.0,3,15,20.0,3,0.97,23.0,26.0,-3.0,-0.2,0.22,20.2,22.7,-2.6,-0.17,0.1,Matches
188,189,Eduardo Dos Santos Haesler,de GER,GK,Werder Bremen,24.0,1999.0,0,,,,,0,,0,0,,9,,,,,,,,,,,,Matches
189,190,Amadou Haidara,ml MLI,MF,RB Leipzig,25.0,1998.0,21,1526.0,73.0,49.9,17.0,19,79.0,4,2,11.0,2,2.1,44.0,17.0,27.0,1.59,0.95,35.8,18.2,17.6,1.04,0.58,Matches
190,191,Sébastien Haller,ci CIV,FW,Dortmund,29.0,1994.0,14,396.0,28.0,12.9,4.4,5,56.0,0,9,13.0,3,2.0,6.0,5.0,1.0,0.23,-0.58,8.2,5.4,2.8,0.64,0.35,Matches
191,192,Andreas Hanche-Olsen,no NOR,DF,Mainz 05,26.0,1997.0,15,992.0,66.0,32.4,11.0,12,80.0,6,3,12.0,0,1.6,18.0,10.0,8.0,0.73,1.6,18.3,13.7,4.6,0.42,0.61,Matches
192,193,Isak Hansen-Aarøen,no NOR,MF,Werder Bremen,18.0,2004.0,3,27.0,9.0,0.9,0.3,0,,0,3,9.0,7,1.0,0.0,3.0,-3.0,-10.0,-9.91,0.1,1.9,-1.8,-6.12,-5.89,Matches
193,194,Genki Haraguchi,jp JPN,MF,Stuttgart,32.0,1991.0,2,27.0,14.0,0.9,0.3,0,,0,2,14.0,24,1.5,0.0,2.0,-2.0,-6.67,-7.88,0.2,0.5,-0.3,-1.0,-1.98,Matches
194,195,Makoto Hasebe,jp JPN,DFMF,Eint Frankfurt,39.0,1984.0,8,218.0,27.0,7.1,2.4,2,87.0,1,6,7.0,23,1.75,3.0,7.0,-4.0,-1.65,-1.81,2.5,4.9,-2.4,-0.98,-0.87,Matches
195,196,Daniel Hausmann,de GER,MF,Augsburg,20.0,2003.0,0,,,,,0,,0,0,,2,,,,,,,,,,,,Matches
196,197,Thorgan Hazard,be BEL,DF,Dortmund,30.0,1993.0,1,7.0,7.0,0.2,0.1,0,,0,1,7.0,1,3.0,1.0,0.0,1.0,12.86,12.15,0.3,0.0,0.2,3.05,2.71,Matches
197,198,Dominique Heintz,de GER,DF,Köln,29.0,1993.0,12,568.0,47.0,18.6,6.3,6,76.0,3,6,19.0,19,1.17,5.0,9.0,-4.0,-0.63,0.38,8.6,12.5,-3.9,-0.62,0.16,Matches
198,199,Benjamin Henrichs,de GER,DF,RB Leipzig,26.0,1997.0,33,2526.0,77.0,82.5,28.1,28,86.0,18,5,22.0,0,1.94,65.0,31.0,34.0,1.21,0.54,51.8,32.3,19.5,0.69,-0.32,Matches
199,200,Patrick Herrmann,de GER,FWDF,Gladbach,32.0,1991.0,8,86.0,11.0,2.8,1.0,0,,0,8,11.0,21,1.38,2.0,2.0,0.0,0.0,0.33,1.9,1.4,0.6,0.58,0.83,Matches
200,201,Piero Hincapié,ec ECU,DF,Leverkusen,21.0,2002.0,26,1484.0,57.0,48.5,16.5,16,84.0,10,10,15.0,5,2.62,36.0,9.0,27.0,1.64,-0.53,34.5,11.9,22.6,1.37,0.16,Matches
201,202,Adam Hložek,cz CZE,MFFW,Leverkusen,21.0,2002.0,23,459.0,20.0,15.0,5.1,5,71.0,1,18,6.0,7,2.83,13.0,3.0,10.0,1.96,0.06,13.4,4.8,8.6,1.68,0.46,Matches
202,203,Nicolas Höfler,de GER,MF,Freiburg,33.0,1990.0,28,2330.0,83.0,76.1,25.9,26,89.0,22,2,13.0,0,1.18,37.0,46.0,-9.0,-0.35,0.15,38.7,38.8,-0.1,0.0,0.13,Matches
203,204,Jonas Hofmann,de GER,MF,Leverkusen,31.0,1992.0,32,2204.0,69.0,72.0,24.5,26,81.0,7,6,16.0,1,2.63,67.0,20.0,47.0,1.92,0.03,52.0,22.4,29.6,1.21,-0.27,Matches
204,205,Philipp Hofmann,de GER,FW,Bochum,30.0,1993.0,29,1571.0,54.0,51.3,17.5,18,72.0,4,11,25.0,2,0.86,24.0,40.0,-16.0,-0.92,0.05,24.6,28.9,-4.3,-0.24,0.67,Matches
205,206,Lucas Höler,de GER,FWMF,Freiburg,29.0,1994.0,33,2305.0,70.0,75.3,25.6,26,83.0,10,7,21.0,0,1.18,31.0,50.0,-19.0,-0.74,-1.46,33.7,36.7,-3.0,-0.12,-0.34,Matches
206,207,Fabian Holland,de GER,MFDF,Darmstadt 98,33.0,1990.0,23,1835.0,80.0,60.0,20.4,23,80.0,11,0,,0,0.48,21.0,48.0,-27.0,-1.32,0.81,21.4,38.6,-17.2,-0.84,0.89,Matches
207,208,Benedict Hollerbach,de GER,FWMF,Union Berlin,22.0,2001.0,28,1282.0,46.0,41.9,14.2,15,68.0,1,13,20.0,5,0.93,14.0,26.0,-12.0,-0.84,-0.18,15.8,20.7,-4.9,-0.35,-0.07,Matches
208,209,Gerrit Holtmann,ph PHI,MFFW,Darmstadt 98,28.0,1995.0,10,392.0,39.0,12.8,4.4,2,65.0,0,8,33.0,1,0.4,3.0,11.0,-8.0,-1.84,-0.22,4.7,11.4,-6.7,-1.54,-0.39,Matches
209,210,Franck Honorat,fr FRA,DFFW,Gladbach,26.0,1996.0,32,2345.0,73.0,76.6,26.1,28,81.0,10,4,16.0,0,1.06,47.0,50.0,-3.0,-0.12,0.89,36.9,38.0,-1.1,-0.04,0.8,Matches
210,211,Mathias Honsak,at AUT,FWMF,Darmstadt 98,26.0,1996.0,23,1021.0,44.0,33.4,11.3,10,73.0,2,13,22.0,0,0.57,9.0,39.0,-30.0,-2.64,-1.5,8.5,29.3,-20.8,-1.84,-0.96,Matches
211,212,Fraser Hornby,sct SCO,FWMF,Darmstadt 98,23.0,1999.0,7,217.0,31.0,7.1,2.4,1,61.0,0,6,26.0,1,1.0,1.0,6.0,-5.0,-2.07,-0.46,3.7,4.7,-1.1,-0.44,0.81,Matches
212,213,Lukáš Hrádecký,fi FIN,GK,Leverkusen,33.0,1989.0,33,2970.0,90.0,97.1,33.0,33,90.0,33,0,,1,2.7,89.0,24.0,65.0,1.97,1.97,70.7,29.6,41.1,1.25,-1.39,Matches
213,214,Timo Hübers,de GER,DF,Köln,27.0,1996.0,31,2778.0,90.0,90.8,30.9,31,90.0,30,0,,0,0.81,24.0,53.0,-29.0,-0.94,0.02,36.9,57.7,-20.8,-0.67,0.75,Matches
214,215,Tom Hülsmann,de GER,GK,Bayern Munich,19.0,2004.0,0,,,,,0,,0,0,,2,,,,,,,,,,,,Matches
215,216,Mats Hummels,de GER,DF,Dortmund,34.0,1988.0,25,1581.0,63.0,51.7,17.6,20,75.0,13,5,18.0,4,1.88,34.0,24.0,10.0,0.57,-0.34,31.0,26.5,4.5,0.26,-0.17,Matches
216,217,Denis Huseinbasic,ba BIH,MF,Köln,22.0,2001.0,26,1627.0,63.0,53.2,18.1,18,83.0,10,8,18.0,6,0.77,18.0,36.0,-18.0,-1.0,-0.12,19.3,35.2,-15.9,-0.88,-0.29,Matches
217,218,Iago,br BRA,DF,Augsburg,26.0,1997.0,23,1622.0,71.0,53.0,18.0,18,82.0,12,5,29.0,0,1.43,29.0,20.0,9.0,0.5,1.69,22.9,25.6,-2.7,-0.15,0.39,Matches
218,219,Borja Iglesias,es ESP,FW,Leverkusen,30.0,1993.0,7,256.0,37.0,8.4,2.8,2,78.0,1,5,20.0,4,3.0,11.0,1.0,10.0,3.52,1.75,10.3,1.4,8.9,3.12,2.0,Matches
219,220,Joel Imasuen,us USA,FW,Werder Bremen,18.0,2004.0,1,2.0,2.0,0.1,0.0,0,,0,1,2.0,1,0.0,0.0,0.0,0.0,0.0,0.18,0.0,0.1,-0.1,-4.99,-4.71,Matches
220,221,Thomas Isherwood,se SWE,DF,Darmstadt 98,25.0,1998.0,12,636.0,53.0,20.8,7.1,8,72.0,2,4,16.0,14,0.5,8.0,25.0,-17.0,-2.41,-0.96,4.8,19.3,-14.5,-2.06,-1.08,Matches
221,222,Ko Itakura,jp JPN,DFMF,Gladbach,26.0,1997.0,20,1596.0,80.0,52.2,17.7,18,87.0,13,2,20.0,0,0.8,23.0,36.0,-13.0,-0.73,-0.86,24.0,26.6,-2.5,-0.14,0.18,Matches
222,223,Hiroki Ito,jp JPN,DF,Stuttgart,24.0,1999.0,26,2228.0,86.0,72.8,24.8,25,88.0,20,1,22.0,0,2.31,59.0,27.0,32.0,1.29,0.54,52.7,28.4,24.3,0.98,0.07,Matches
223,224,Ken Izekor,de GER,FW,Leverkusen,16.0,2007.0,0,,,,,0,,0,0,,2,,,,,,,,,,,,Matches
224,225,Lee Jae-sung,kr KOR,MFFW,Mainz 05,30.0,1992.0,29,2113.0,73.0,69.1,23.5,24,79.0,6,5,43.0,0,1.1,33.0,32.0,1.0,0.04,1.28,33.0,26.2,6.8,0.29,0.92,Matches
225,226,Paul Jaeckel,de GER,DF,Union Berlin,25.0,1998.0,6,234.0,39.0,7.6,2.6,2,90.0,2,4,14.0,19,1.67,2.0,6.0,-4.0,-1.54,-0.87,3.2,4.9,-1.7,-0.65,-0.37,Matches
226,227,Kristijan Jakić,hr CRO,MF,Augsburg,26.0,1997.0,14,1051.0,75.0,34.3,11.7,13,78.0,8,1,31.0,0,1.29,17.0,15.0,2.0,0.17,0.71,14.2,16.7,-2.5,-0.21,0.19,Matches
227,228,Kristijan Jakić,hr CRO,MFFW,Eint Frankfurt,26.0,1997.0,4,200.0,50.0,6.5,2.2,1,69.0,0,3,44.0,2,1.75,2.0,1.0,1.0,0.45,0.45,2.7,3.1,-0.4,-0.19,-0.01,Matches
228,229,Luka Janes,de GER,MF,Heidenheim,19.0,2004.0,0,,,,,0,,0,0,,5,,,,,,,,,,,,Matches
229,230,Tony Jantschke,de GER,DFMF,Gladbach,33.0,1990.0,4,27.0,7.0,0.9,0.3,0,,0,4,7.0,8,1.75,1.0,1.0,0.0,0.0,0.33,0.6,0.5,0.1,0.18,0.42,Matches
230,231,Seedy Jarju,gm GAM,DF,Heidenheim,18.0,2004.0,0,,,,,0,,0,0,,1,,,,,,,,,,,,Matches
231,232,Nuha Jatta,gm GAM,FW,RB Leipzig,17.0,2006.0,1,1.0,1.0,0.0,0.0,0,,0,1,1.0,2,1.0,0.0,0.0,0.0,0.0,-1.12,0.0,0.0,0.0,0.0,-0.75,Matches
232,233,Fredrik Jensen,fi FIN,MFFW,Augsburg,25.0,1997.0,22,1338.0,61.0,43.7,14.9,18,70.0,0,4,19.0,2,1.45,26.0,22.0,4.0,0.27,1.0,19.0,20.8,-1.8,-0.12,0.38,Matches
233,234,Moritz Jenz,de GER,DF,Wolfsburg,24.0,1999.0,22,1742.0,79.0,56.9,19.4,21,81.0,16,1,45.0,6,0.82,23.0,32.0,-9.0,-0.46,-0.06,20.2,23.3,-3.1,-0.16,0.01,Matches
234,235,Ryan Johansson,ie IRL,MF,Freiburg,22.0,2001.0,0,,,,,0,,0,0,,2,,,,,,,,,,,,Matches
235,236,Anthony Jung,de GER,DF,Werder Bremen,31.0,1991.0,31,2579.0,83.0,84.3,28.7,30,86.0,24,1,11.0,1,1.32,41.0,36.0,5.0,0.17,2.23,38.4,42.7,-4.3,-0.15,0.84,Matches
236,237,Josip Juranović,hr CRO,DF,Union Berlin,27.0,1995.0,21,1294.0,62.0,42.3,14.4,14,83.0,8,7,19.0,3,0.95,18.0,23.0,-5.0,-0.35,0.67,17.5,21.7,-4.2,-0.29,0.03,Matches
237,238,David Jurásek,cz CZE,DF,Hoffenheim,22.0,2000.0,13,496.0,38.0,16.2,5.5,4,75.0,2,9,22.0,3,1.31,13.0,8.0,5.0,0.91,1.08,6.9,11.8,-5.0,-0.9,-0.82,Matches
238,239,Julian Justvan,de GER,FWMF,Hoffenheim,25.0,1998.0,4,49.0,12.0,1.6,0.5,0,,0,4,12.0,2,0.5,0.0,1.0,-1.0,-1.84,-1.87,0.3,1.1,-0.8,-1.42,-1.23,Matches
239,240,Julian Justvan,de GER,MFFW,Darmstadt 98,25.0,1998.0,14,1023.0,73.0,33.4,11.4,11,86.0,7,3,26.0,0,0.29,8.0,34.0,-26.0,-2.29,-0.96,10.7,27.6,-16.9,-1.49,-0.43,Matches
240,241,Ozan Kabak,tr TUR,DF,Hoffenheim,23.0,2000.0,28,2282.0,82.0,74.6,25.4,28,82.0,17,0,,1,1.29,46.0,52.0,-6.0,-0.24,-0.93,38.2,43.2,-5.0,-0.2,0.05,Matches
241,242,Pavel Kadeřábek,cz CZE,DFFW,Hoffenheim,31.0,1992.0,29,2412.0,83.0,78.8,26.8,28,85.0,18,1,45.0,0,1.45,55.0,49.0,6.0,0.22,1.06,43.5,49.0,-5.5,-0.2,0.03,Matches
242,243,Florian Kainz,at AUT,MFFW,Köln,30.0,1992.0,33,2197.0,67.0,71.8,24.4,29,73.0,7,4,22.0,1,0.82,22.0,41.0,-19.0,-0.78,0.58,26.6,43.6,-17.0,-0.7,0.17,Matches
243,244,Sasa Kalajdzic,at AUT,FW,Eint Frankfurt,26.0,1997.0,5,325.0,65.0,10.6,3.6,5,65.0,1,0,,0,1.6,4.0,2.0,2.0,0.55,0.59,4.3,4.6,-0.3,-0.08,0.11,Matches
244,245,Jakub Kamiński,pl POL,FWMF,Wolfsburg,21.0,2002.0,17,473.0,28.0,15.5,5.3,4,69.0,1,13,15.0,12,1.24,4.0,9.0,-5.0,-0.95,-0.6,4.6,6.3,-1.7,-0.31,-0.18,Matches
245,246,Kevin Kampl,si SVN,MF,RB Leipzig,32.0,1990.0,26,1363.0,52.0,44.5,15.1,14,83.0,7,12,17.0,7,1.69,30.0,15.0,15.0,0.99,-0.23,25.6,18.9,6.7,0.44,-0.55,Matches
246,247,Harry Kane,eng ENG,FW,Bayern Munich,30.0,1993.0,32,2839.0,89.0,92.8,31.5,32,89.0,27,0,,0,2.16,85.0,39.0,46.0,1.46,0.24,81.1,28.6,52.5,1.66,1.46,Matches
247,248,Atakan Karazor,de GER,MF,Stuttgart,26.0,1996.0,33,2623.0,79.0,85.7,29.1,31,84.0,21,2,16.0,0,2.12,64.0,34.0,30.0,1.03,-0.82,56.6,33.6,22.9,0.79,-1.22,Matches
248,249,Emir Karic,at AUT,DF,Darmstadt 98,26.0,1997.0,27,1783.0,66.0,58.3,19.8,18,87.0,12,9,25.0,2,0.37,15.0,56.0,-41.0,-2.07,-1.01,16.3,46.4,-30.0,-1.52,-0.76,Matches
249,250,Thomas Kastanaras,gr GRE,FW,Stuttgart,20.0,2003.0,0,,,,,0,,0,0,,2,,,,,,,,,,,,Matches
250,251,Silas Katompa,cd COD,FWMF,Stuttgart,24.0,1998.0,27,900.0,33.0,29.4,10.0,8,70.0,0,19,18.0,1,2.15,30.0,10.0,20.0,2.0,1.21,27.6,10.4,17.2,1.72,1.08,Matches
251,252,Mikkel Kaufmann,dk DEN,FW,Union Berlin,22.0,2001.0,18,486.0,27.0,15.9,5.4,4,66.0,0,14,16.0,6,0.94,5.0,7.0,-2.0,-0.37,0.43,6.2,8.1,-1.9,-0.36,-0.06,Matches
252,253,Naby Keïta,gn GUI,MFDF,Werder Bremen,28.0,1995.0,5,109.0,22.0,3.6,1.2,1,58.0,0,4,13.0,7,0.6,3.0,3.0,0.0,0.0,0.18,1.8,2.3,-0.4,-0.35,-0.07,Matches
253,254,Yannik Keitel,de GER,DFMF,Freiburg,23.0,2000.0,15,920.0,61.0,30.1,10.2,11,80.0,7,4,9.0,10,1.53,13.0,13.0,0.0,0.0,0.55,14.6,12.9,1.7,0.16,0.28,Matches
254,255,Thomas Keller,de GER,MFFW,Heidenheim,23.0,1999.0,2,2.0,1.0,0.1,0.0,0,,0,2,1.0,4,3.0,0.0,0.0,0.0,0.0,0.15,0.0,0.0,0.0,2.24,2.91,Matches
255,256,Aljoscha Kemlein,de GER,MF,Union Berlin,18.0,2004.0,2,29.0,15.0,0.9,0.3,0,,0,2,15.0,4,3.0,2.0,0.0,2.0,6.21,7.01,1.0,1.1,-0.2,-0.5,-0.2,Matches
256,257,Tobias Kempe,de GER,MF,Darmstadt 98,34.0,1989.0,24,1350.0,56.0,44.1,15.0,15,79.0,5,9,19.0,5,0.54,19.0,34.0,-15.0,-1.0,1.16,17.2,33.1,-15.9,-1.06,0.25,Matches
257,258,Rani Khedira,de GER,MF,Union Berlin,29.0,1994.0,20,1343.0,67.0,43.9,14.9,18,73.0,8,2,19.0,1,1.1,16.0,19.0,-3.0,-0.2,0.95,15.9,18.2,-2.3,-0.16,0.27,Matches
258,259,Luca Kilian,de GER,DF,Köln,23.0,1999.0,13,635.0,49.0,20.8,7.1,6,80.0,4,7,22.0,12,0.77,4.0,14.0,-10.0,-1.42,-0.6,5.0,17.3,-12.4,-1.75,-1.28,Matches
259,260,Joshua Kimmich,de GER,MFDF,Bayern Munich,28.0,1995.0,28,2176.0,78.0,71.1,24.2,27,79.0,17,1,31.0,0,1.93,62.0,31.0,31.0,1.28,-0.55,58.8,20.0,38.8,1.6,0.16,Matches
260,261,Christoph Klarer,at AUT,DF,Darmstadt 98,23.0,2000.0,30,2354.0,78.0,76.9,26.2,28,83.0,22,2,14.0,1,0.47,24.0,65.0,-41.0,-1.57,0.34,24.2,56.9,-32.7,-1.25,-0.22,Matches
261,262,Tim Kleindienst,de GER,FW,Heidenheim,27.0,1995.0,33,2869.0,87.0,93.8,31.9,33,87.0,23,0,,0,1.24,49.0,52.0,-3.0,-0.09,0.85,37.9,57.9,-20.0,-0.63,0.52,Matches
262,263,Niklas Klinger,de GER,GK,Wolfsburg,27.0,1995.0,0,,,,,0,,0,0,,7,,,,,,,,,,,,Matches
263,264,Lukas Klostermann,de GER,DF,RB Leipzig,27.0,1996.0,25,1436.0,57.0,46.9,16.0,16,84.0,13,9,10.0,4,2.04,34.0,22.0,12.0,0.75,-0.69,34.1,18.0,16.1,1.01,0.48,Matches
264,265,Ansgar Knauff,de GER,MFDF,Eint Frankfurt,21.0,2002.0,31,2109.0,68.0,68.9,23.4,24,78.0,5,7,35.0,1,1.35,35.0,37.0,-2.0,-0.09,-0.37,31.1,37.9,-6.8,-0.29,-0.37,Matches
265,266,Robin Knoche,de GER,DF,Union Berlin,31.0,1992.0,24,1917.0,80.0,62.6,21.3,20,89.0,18,4,33.0,7,1.08,25.0,31.0,-6.0,-0.28,1.21,24.8,31.9,-7.1,-0.33,-0.07,Matches
266,267,Matthias Köbbing,de GER,GK,Köln,26.0,1997.0,0,,,,,0,,0,0,,10,,,,,,,,,,,,Matches
267,268,Gregor Kobel,ch SUI,GK,Dortmund,25.0,1997.0,27,2365.0,88.0,77.3,26.3,27,88.0,26,0,,0,1.85,53.0,34.0,19.0,0.72,-0.05,51.6,42.5,9.2,0.35,0.04,Matches
268,269,Robin Koch,de GER,DF,Eint Frankfurt,27.0,1996.0,31,2738.0,88.0,89.5,30.4,31,88.0,29,0,,0,1.45,45.0,43.0,2.0,0.07,0.35,41.3,44.6,-3.3,-0.11,0.62,Matches
269,270,Tim Köhler,de GER,DF,RB Leipzig,18.0,2005.0,0,,,,,0,,0,0,,1,,,,,,,,,,,,Matches
270,271,Dominik Kohr,de GER,DFMF,Mainz 05,29.0,1994.0,31,2184.0,70.0,71.4,24.3,27,79.0,16,4,10.0,0,1.06,24.0,34.0,-10.0,-0.41,-0.21,29.0,26.1,2.9,0.12,0.4,Matches
271,272,Randal Kolo Muani,fr FRA,FW,Eint Frankfurt,24.0,1998.0,2,153.0,77.0,5.0,1.7,2,77.0,0,0,,0,2.0,1.0,1.0,0.0,0.0,-0.03,1.9,1.3,0.6,0.34,0.54,Matches
272,273,Mert Kömür,de GER,MFDF,Augsburg,18.0,2005.0,4,118.0,30.0,3.9,1.3,1,73.0,0,3,15.0,8,0.75,2.0,3.0,-1.0,-0.76,-0.49,1.6,3.4,-1.7,-1.33,-1.04,Matches
273,274,Manu Koné,fr FRA,MF,Gladbach,22.0,2001.0,22,1561.0,71.0,51.0,17.3,18,83.0,7,4,19.0,1,1.0,26.0,30.0,-4.0,-0.23,0.19,22.3,24.7,-2.4,-0.14,0.18,Matches
274,275,Odilon Kossonou,ci CIV,DF,Leverkusen,22.0,2001.0,22,1811.0,82.0,59.2,20.1,21,86.0,18,1,3.0,7,2.64,58.0,14.0,44.0,2.19,0.67,43.0,19.4,23.6,1.17,-0.28,Matches
275,276,Tomáš Koubek,cz CZE,GK,Augsburg,30.0,1992.0,3,270.0,90.0,8.8,3.0,3,90.0,3,0,,31,0.0,2.0,8.0,-6.0,-2.0,-1.87,4.3,8.3,-4.0,-1.32,-1.09,Matches
276,277,Matej Kovar,cz CZE,GK,Leverkusen,23.0,2000.0,1,90.0,90.0,2.9,1.0,1,90.0,1,0,,32,1.0,0.0,0.0,0.0,0.0,-1.97,2.9,0.3,2.6,2.64,1.39,Matches
277,278,Dawid Kownacki,pl POL,FW,Werder Bremen,26.0,1997.0,22,380.0,17.0,12.4,4.2,3,62.0,0,19,10.0,10,0.95,9.0,9.0,0.0,0.0,0.2,9.1,8.8,0.3,0.07,0.4,Matches
278,279,Alex Král,cz CZE,MF,Union Berlin,25.0,1998.0,24,1370.0,57.0,44.8,15.2,13,81.0,9,11,28.0,6,1.0,15.0,23.0,-8.0,-0.53,0.38,17.8,22.9,-5.2,-0.34,-0.06,Matches
279,280,Andrej Kramarić,hr CRO,MFFW,Hoffenheim,32.0,1991.0,30,2199.0,73.0,71.9,24.4,25,83.0,12,5,23.0,1,1.23,52.0,44.0,8.0,0.33,1.16,39.9,41.5,-1.6,-0.07,0.51,Matches
280,281,Christoph Kramer,de GER,MF,Gladbach,32.0,1991.0,14,249.0,18.0,8.1,2.8,1,58.0,0,13,15.0,6,1.47,3.0,10.0,-7.0,-2.53,-2.4,3.4,8.0,-4.6,-1.66,-1.55,Matches
281,282,Frans Krätzig,de GER,DF,Bayern Munich,20.0,2003.0,4,56.0,14.0,1.8,0.6,0,,0,4,14.0,16,3.0,6.0,0.0,6.0,9.64,8.35,3.2,0.1,3.1,4.82,3.33,Matches
282,283,Tom Krauß,de GER,MF,Mainz 05,22.0,2001.0,29,1346.0,46.0,44.0,15.0,13,79.0,3,16,20.0,3,0.9,17.0,25.0,-8.0,-0.53,-0.32,18.2,20.5,-2.3,-0.15,-0.28,Matches
283,284,Lukas Kübler,de GER,DF,Freiburg,30.0,1992.0,26,1847.0,71.0,60.4,20.5,22,81.0,14,4,14.0,3,1.27,25.0,36.0,-11.0,-0.54,-0.39,29.6,29.3,0.3,0.01,0.12,Matches
284,285,Mahmut Kücüksahin,,MF,Augsburg,19.0,2004.0,1,1.0,1.0,0.0,0.0,0,,0,1,1.0,0,0.0,0.0,0.0,0.0,0.0,0.29,0.0,0.0,0.0,0.0,0.33,Matches
285,286,Christian Kühlwetter,de GER,MF,Heidenheim,27.0,1996.0,1,8.0,8.0,0.3,0.1,0,,0,1,8.0,8,3.0,1.0,0.0,1.0,11.25,11.43,0.6,0.2,0.5,5.1,5.77,Matches
286,287,Moritz-Broni Kwarteng,gh GHA,FW,Bochum,25.0,1998.0,11,281.0,26.0,9.2,3.1,2,63.0,0,9,17.0,6,1.36,3.0,8.0,-5.0,-1.6,-0.73,7.8,8.8,-1.0,-0.32,0.28,Matches
287,288,Maxence Lacroix,fr FRA,DF,Wolfsburg,23.0,2000.0,28,2362.0,84.0,77.2,26.2,27,87.0,23,1,15.0,0,1.25,33.0,40.0,-7.0,-0.27,0.76,32.5,34.3,-1.8,-0.07,0.41,Matches
288,289,Aïssa Laïdouni,tn TUN,MF,Union Berlin,26.0,1996.0,23,1071.0,47.0,35.0,11.9,10,76.0,4,13,24.0,7,0.91,13.0,25.0,-12.0,-1.01,-0.42,13.7,19.1,-5.5,-0.46,-0.23,Matches
289,290,Konrad Laimer,at AUT,DFMF,Bayern Munich,26.0,1997.0,29,1772.0,61.0,57.9,19.7,18,83.0,12,11,25.0,1,2.28,61.0,25.0,36.0,1.83,0.92,56.4,16.4,40.0,2.03,1.12,Matches
290,291,Stefan Lainer,at AUT,DFMF,Gladbach,30.0,1992.0,15,751.0,50.0,24.5,8.3,8,73.0,2,7,24.0,2,0.8,13.0,18.0,-5.0,-0.6,-0.37,10.4,12.9,-2.5,-0.3,-0.1,Matches
291,292,Hugo Larsson,se SWE,MF,Eint Frankfurt,19.0,2004.0,29,1886.0,65.0,61.6,21.0,21,81.0,13,8,22.0,1,1.38,35.0,32.0,3.0,0.14,0.3,30.0,34.4,-4.4,-0.21,-0.09,Matches
292,293,Diogo Leite,pt POR,DF,Union Berlin,24.0,1999.0,32,2702.0,84.0,88.3,30.0,31,86.0,25,1,27.0,0,1.0,26.0,49.0,-23.0,-0.77,-0.26,34.7,45.7,-11.0,-0.37,-0.5,Matches
293,294,Maxim Leitsch,de GER,DF,Mainz 05,25.0,1998.0,7,379.0,54.0,12.4,4.2,4,85.0,3,3,13.0,1,1.0,5.0,2.0,3.0,0.71,1.22,3.5,3.0,0.5,0.11,0.12,Matches
294,295,Christopher Lenz,de GER,DFMF,RB Leipzig,28.0,1994.0,5,47.0,9.0,1.5,0.5,0,,0,5,9.0,21,2.6,2.0,0.0,2.0,3.83,2.75,1.1,0.9,0.1,0.25,-0.5,Matches
295,296,Christopher Lenz,de GER,DF,Eint Frankfurt,28.0,1994.0,1,10.0,10.0,0.3,0.1,0,,0,1,10.0,0,1.0,1.0,0.0,1.0,9.0,9.0,0.6,0.1,0.5,4.39,4.58,Matches
296,297,Jamie Leweling,de GER,FWMF,Stuttgart,22.0,2001.0,34,1523.0,45.0,49.8,16.9,17,71.0,1,17,18.0,0,2.15,34.0,16.0,18.0,1.06,-0.17,31.1,19.9,11.2,0.66,-0.6,Matches
297,298,Philipp Lienhart,at AUT,DF,Freiburg,27.0,1996.0,15,1265.0,84.0,41.3,14.1,14,88.0,13,1,29.0,1,1.4,17.0,23.0,-6.0,-0.43,-0.08,19.1,22.0,-2.9,-0.2,-0.29,Matches
298,299,Matthijs de Ligt,nl NED,DF,Bayern Munich,23.0,1999.0,22,1390.0,63.0,45.4,15.4,16,82.0,12,6,14.0,4,2.36,48.0,21.0,27.0,1.75,0.56,44.0,16.9,27.1,1.75,0.36,Matches
299,300,Dimitris Limnios,gr GRE,FWMF,Köln,25.0,1998.0,0,,,,,0,,0,0,,4,,,,,,,,,,,,Matches
300,301,Jesper Lindstrøm,dk DEN,FW,Eint Frankfurt,23.0,2000.0,1,83.0,83.0,2.7,0.9,1,83.0,0,0,,1,3.0,1.0,0.0,1.0,1.08,1.08,1.4,0.5,0.9,1.01,1.22,Matches
301,302,Dejan Ljubicic,at AUT,MFFW,Köln,25.0,1997.0,26,2048.0,79.0,66.9,22.8,24,83.0,15,2,23.0,0,0.73,17.0,40.0,-23.0,-1.01,-0.21,23.5,41.0,-17.5,-0.77,-0.08,Matches
302,303,Niklas Lomb,de GER,GK,Leverkusen,30.0,1993.0,0,,,,,0,,0,0,,2,,,,,,,,,,,,Matches
303,304,Noah Loosli,ch SUI,DF,Bochum,26.0,1997.0,10,346.0,35.0,11.3,3.8,2,90.0,2,8,21.0,16,1.4,3.0,9.0,-6.0,-1.56,-0.7,3.8,7.7,-3.9,-1.02,-0.51,Matches
304,305,Jakob Löpping,de GER,MF,Werder Bremen,20.0,2003.0,0,,,,,0,,0,0,,1,,,,,,,,,,,,Matches
305,306,Anthony Losilla,fr FRA,MF,Bochum,37.0,1986.0,31,2576.0,83.0,84.2,28.6,31,83.0,19,0,,0,0.94,32.0,54.0,-22.0,-0.77,1.09,33.7,49.5,-15.8,-0.55,0.1,Matches
306,307,Marcel Lotka,pl POL,GK,Dortmund,22.0,2001.0,0,,,,,0,,0,0,,7,,,,,,,,,,,,Matches
307,308,Castello Lukeba,fr FRA,DF,RB Leipzig,20.0,2002.0,32,2191.0,68.0,71.6,24.3,24,88.0,22,8,10.0,2,1.91,55.0,28.0,27.0,1.11,-0.03,46.9,31.0,15.9,0.65,-0.34,Matches
308,309,Andreas Luthe,de GER,GK,Bochum,36.0,1987.0,1,90.0,90.0,2.9,1.0,1,90.0,1,0,,11,0.0,1.0,4.0,-3.0,-3.0,-2.12,0.8,2.1,-1.3,-1.29,-0.75,Matches
309,310,Senne Lynen,be BEL,MF,Werder Bremen,24.0,1999.0,32,1797.0,56.0,58.7,20.0,20,80.0,10,12,16.0,1,1.31,29.0,28.0,1.0,0.05,0.55,27.5,30.7,-3.2,-0.16,0.3,Matches
310,311,Ian Maatsen,nl NED,DF,Dortmund,21.0,2002.0,16,1264.0,79.0,41.3,14.0,15,81.0,8,1,45.0,0,2.06,30.0,9.0,21.0,1.5,1.29,25.2,15.0,10.2,0.73,0.66,Matches
311,312,Matej Maglica,hr CRO,DF,Darmstadt 98,24.0,1998.0,26,1698.0,65.0,55.5,18.9,21,78.0,13,5,13.0,1,0.58,16.0,41.0,-25.0,-1.33,0.72,19.8,35.0,-15.3,-0.81,0.88,Matches
312,313,Arne Maier,de GER,MF,Augsburg,24.0,1999.0,22,1003.0,46.0,32.8,11.1,10,77.0,3,12,19.0,5,1.0,20.0,19.0,1.0,0.09,0.57,17.6,21.1,-3.5,-0.31,0.03,Matches
313,314,Linton Maina,de GER,FWMF,Köln,24.0,1999.0,31,1901.0,61.0,62.1,21.1,21,75.0,5,10,32.0,0,0.87,18.0,35.0,-17.0,-0.8,0.36,25.6,41.5,-15.8,-0.75,-0.02,Matches
314,315,Patrick Mainka,de GER,DF,Heidenheim,28.0,1994.0,34,3060.0,90.0,100.0,34.0,34,90.0,34,0,,0,1.24,50.0,55.0,-5.0,-0.15,,39.4,61.8,-22.5,-0.66,,Matches
315,316,Lovro Majer,hr CRO,MFFW,Wolfsburg,25.0,1998.0,32,2106.0,66.0,68.8,23.4,25,76.0,4,7,30.0,2,0.97,32.0,38.0,-6.0,-0.26,0.59,28.8,30.5,-1.7,-0.07,0.29,Matches
316,317,Jordy Makengo,fr FRA,DF,Freiburg,21.0,2001.0,20,1026.0,51.0,33.5,11.4,10,82.0,5,10,21.0,7,1.25,13.0,17.0,-4.0,-0.35,0.05,14.8,15.3,-0.5,-0.05,-0.02,Matches
317,318,Julián Malatini,ar ARG,DF,Werder Bremen,22.0,2001.0,11,602.0,55.0,19.7,6.7,6,85.0,4,5,19.0,6,1.27,6.0,13.0,-7.0,-1.05,-1.08,10.3,10.1,0.2,0.02,0.38,Matches
318,319,Donyell Malen,nl NED,FWMF,Dortmund,24.0,1999.0,27,1781.0,66.0,58.2,19.8,21,77.0,10,6,29.0,2,2.0,43.0,25.0,18.0,0.91,0.42,40.5,29.0,11.6,0.58,0.59,Matches
319,320,Lennard Maloney,us USA,MF,Heidenheim,23.0,1999.0,29,2284.0,79.0,74.6,25.4,27,84.0,17,2,13.0,0,1.28,35.0,44.0,-9.0,-0.35,-0.82,28.6,49.4,-20.8,-0.82,-0.63,Matches
320,321,David Mamutovic,de GER,FWDF,Mainz 05,22.0,2000.0,2,11.0,6.0,0.4,0.1,0,,0,2,6.0,16,0.0,0.0,0.0,0.0,0.0,0.35,0.0,0.1,-0.1,-0.69,-0.7,Matches
321,322,Braydon Manu,gh GHA,MF,Darmstadt 98,26.0,1997.0,4,171.0,43.0,5.6,1.9,3,52.0,0,1,15.0,0,0.25,1.0,6.0,-5.0,-2.63,-1.04,1.6,4.3,-2.7,-1.43,-0.25,Matches
322,323,Omar Marmoush,eg EGY,FWMF,Eint Frankfurt,24.0,1999.0,29,2301.0,79.0,75.2,25.6,27,83.0,15,2,26.0,0,1.38,43.0,41.0,2.0,0.08,0.2,37.2,37.3,-0.2,-0.01,0.67,Matches
323,324,Eric Martel,de GER,MF,Köln,21.0,2002.0,30,2457.0,82.0,80.3,27.3,29,84.0,20,1,25.0,0,0.9,21.0,46.0,-25.0,-0.92,0.13,29.9,52.9,-23.0,-0.84,-0.5,Matches
324,325,Erhan Mašović,rs SRB,DFMF,Bochum,24.0,1998.0,29,2219.0,77.0,72.5,24.7,24,87.0,21,5,24.0,3,1.0,25.0,53.0,-28.0,-1.14,-0.71,28.5,45.8,-17.3,-0.7,-0.48,Matches
325,326,Roberto Massimo,de GER,FWDF,Stuttgart,22.0,2000.0,5,84.0,17.0,2.7,0.9,0,,0,5,17.0,7,1.8,1.0,2.0,-1.0,-1.07,-2.28,1.3,0.8,0.5,0.55,-0.43,Matches
326,327,Jean Mattéo Bahoya,fr FRA,MFFW,Eint Frankfurt,18.0,2005.0,8,177.0,22.0,5.8,2.0,1,64.0,0,7,16.0,1,0.5,2.0,6.0,-4.0,-2.03,-2.19,2.9,3.3,-0.5,-0.23,-0.06,Matches
327,328,Philipp Max,de GER,DF,Eint Frankfurt,29.0,1993.0,23,1350.0,59.0,44.1,15.0,17,73.0,3,6,18.0,11,1.52,22.0,22.0,0.0,0.0,-0.05,20.3,19.7,0.6,0.04,0.38,Matches
328,329,Eric Maxim Choupo-Moting,cm CMR,MFFW,Bayern Munich,34.0,1989.0,27,717.0,27.0,23.4,8.0,7,76.0,3,20,9.0,5,2.0,27.0,19.0,8.0,1.0,-0.57,24.2,9.6,14.6,1.83,0.35,Matches
329,330,Noussair Mazraoui,ma MAR,DF,Bayern Munich,25.0,1997.0,19,1197.0,63.0,39.1,13.3,15,73.0,8,4,24.0,2,2.11,40.0,16.0,24.0,1.8,0.6,37.1,11.3,25.8,1.94,0.63,Matches
330,331,Kevin Mbabu,ch SUI,DF,Augsburg,28.0,1995.0,25,2047.0,82.0,66.9,22.7,22,88.0,18,3,41.0,1,1.12,28.0,37.0,-9.0,-0.4,-0.31,29.4,36.9,-7.5,-0.33,0.01,Matches
331,332,Noah Mbamba,be BEL,MF,Leverkusen,18.0,2005.0,3,16.0,5.0,0.5,0.2,0,,0,3,5.0,13,3.0,1.0,0.0,1.0,5.63,3.73,1.0,0.0,1.0,5.83,4.56,Matches
332,333,Nathanael Mbuku,fr FRA,FW,Augsburg,21.0,2002.0,1,5.0,5.0,0.2,0.1,0,,0,1,5.0,5,0.0,0.0,0.0,0.0,0.0,0.29,0.1,0.2,-0.1,-2.52,-2.19,Matches
333,334,Marvin Mehlem,de GER,MF,Darmstadt 98,25.0,1997.0,20,1482.0,74.0,48.4,16.5,19,77.0,6,1,24.0,1,0.55,16.0,38.0,-22.0,-1.34,0.6,16.3,31.4,-15.1,-0.92,0.54,Matches
334,335,Thomas Meunier,be BEL,DF,Dortmund,31.0,1991.0,8,586.0,73.0,19.2,6.5,7,83.0,4,1,7.0,2,1.63,13.0,5.0,8.0,1.23,0.61,14.3,8.5,5.8,0.89,0.68,Matches
335,336,Alexander Meyer,de GER,GK,Dortmund,32.0,1991.0,8,695.0,87.0,22.7,7.7,7,90.0,7,1,65.0,26,1.75,15.0,9.0,6.0,0.78,0.05,11.9,9.5,2.4,0.31,-0.04,Matches
336,337,Sven Michel,de GER,FWMF,Augsburg,33.0,1990.0,22,583.0,27.0,19.1,6.5,5,64.0,0,17,15.0,8,1.09,12.0,15.0,-3.0,-0.46,-0.21,12.7,12.8,-0.1,-0.02,0.39,Matches
337,338,Enzo Millot,fr FRA,MFFW,Stuttgart,21.0,2002.0,31,2241.0,72.0,73.2,24.9,27,80.0,8,4,24.0,1,2.26,55.0,25.0,30.0,1.2,0.22,52.1,26.8,25.3,1.02,0.21,Matches
338,339,Jovan Milošević,rs SRB,FWMF,Stuttgart,18.0,2005.0,5,28.0,6.0,0.9,0.3,0,,0,5,6.0,10,2.4,0.0,0.0,0.0,0.0,-1.16,0.5,0.0,0.5,1.59,0.63,Matches
339,340,Kim Min-jae,kr KOR,DF,Bayern Munich,26.0,1996.0,25,1970.0,79.0,64.4,21.9,22,86.0,18,3,24.0,3,2.16,61.0,28.0,33.0,1.51,0.19,53.8,18.9,34.8,1.59,0.09,Matches
340,341,Maximilian Mittelstädt,de GER,DF,Stuttgart,26.0,1997.0,31,2103.0,68.0,68.7,23.4,23,85.0,16,8,18.0,2,2.16,53.0,24.0,29.0,1.24,0.3,49.8,25.3,24.5,1.05,0.28,Matches
341,342,Marko Mladenović,rs SRB,MF,Eint Frankfurt,18.0,2005.0,1,6.0,6.0,0.2,0.1,0,,0,1,6.0,0,0.0,0.0,0.0,0.0,0.0,-0.03,0.0,0.0,0.0,0.0,0.17,Matches
342,343,Max Moerstedt,de GER,DFFW,Hoffenheim,,,1,12.0,12.0,0.4,0.1,0,,0,1,12.0,3,1.0,1.0,0.0,1.0,7.5,7.53,0.6,0.0,0.6,4.52,4.75,Matches
343,344,Mateu Morey,es ESP,DF,Dortmund,23.0,2000.0,3,110.0,37.0,3.6,1.2,2,54.0,0,1,3.0,11,2.0,4.0,4.0,0.0,0.0,-0.76,3.7,3.9,-0.2,-0.17,-0.53,Matches
344,345,Ilaix Moriba,gn GUI,MF,RB Leipzig,20.0,2003.0,0,,,,,0,,0,0,,6,,,,,,,,,,,,Matches
345,346,Youssoufa Moukoko,de GER,FW,Dortmund,18.0,2004.0,20,625.0,31.0,20.4,6.9,4,80.0,2,16,19.0,10,1.6,18.0,11.0,7.0,1.01,0.34,16.9,11.4,5.6,0.8,0.58,Matches
346,347,Andreas Müller,de GER,MF,Darmstadt 98,23.0,2000.0,11,349.0,32.0,11.4,3.9,2,45.0,0,9,29.0,11,0.55,3.0,7.0,-4.0,-1.03,0.69,2.8,7.8,-5.0,-1.29,-0.1,Matches
347,348,Florian Müller,de GER,GK,Freiburg,25.0,1997.0,0,,,,,0,,0,0,,34,,,,,,,,,,,,Matches
348,349,Jannik Müller,de GER,DFMF,Darmstadt 98,29.0,1994.0,16,1134.0,71.0,37.1,12.6,12,83.0,9,4,36.0,11,0.69,13.0,30.0,-17.0,-1.35,0.47,13.3,23.5,-10.2,-0.81,0.62,Matches
349,350,Kevin Müller,de GER,GK,Heidenheim,32.0,1991.0,34,3060.0,90.0,100.0,34.0,34,90.0,34,0,,0,1.24,50.0,55.0,-5.0,-0.15,,39.4,61.8,-22.5,-0.66,,Matches
350,351,Marcus Müller,de GER,MF,Mainz 05,20.0,2002.0,1,18.0,18.0,0.6,0.2,0,,0,1,18.0,2,0.0,0.0,0.0,0.0,0.0,0.36,0.5,0.1,0.4,1.79,1.8,Matches
351,352,Thomas Müller,de GER,MFFW,Bayern Munich,33.0,1989.0,31,1654.0,53.0,54.1,18.4,20,74.0,4,11,16.0,3,2.19,51.0,22.0,29.0,1.58,0.3,43.4,16.8,26.6,1.45,-0.25,Matches
352,353,Tim Müller,de GER,DF,Mainz 05,18.0,2004.0,0,,,,,0,,0,0,,2,,,,,,,,,,,,Matches
353,354,Reno Münz,de GER,DF,Leverkusen,17.0,2005.0,0,,,,,0,,0,0,,2,,,,,,,,,,,,Matches
354,355,Jamal Musiala,de GER,MFFW,Bayern Munich,20.0,2003.0,24,1755.0,73.0,57.4,19.5,20,82.0,4,4,28.0,1,2.0,54.0,21.0,33.0,1.69,0.59,49.2,19.2,30.0,1.54,-0.05,Matches
355,356,Florent Muslija,xk KVX,MFFW,Freiburg,25.0,1998.0,10,105.0,11.0,3.4,1.2,0,,0,10,11.0,6,1.1,3.0,2.0,1.0,0.86,1.28,2.4,4.6,-2.3,-1.93,-1.97,Matches
356,357,Phillipp Mwene,at AUT,DF,Mainz 05,29.0,1994.0,23,1996.0,87.0,65.2,22.2,23,87.0,16,0,,2,1.09,24.0,27.0,-3.0,-0.14,0.63,30.7,28.7,2.1,0.09,0.25,Matches
357,358,Joakim Mæhle,dk DEN,DFMF,Wolfsburg,26.0,1997.0,30,2452.0,82.0,80.1,27.2,27,87.0,22,3,33.0,1,1.03,34.0,44.0,-10.0,-0.37,0.37,33.4,34.2,-0.8,-0.03,0.67,Matches
358,359,Nathan N'Goumou,fr FRA,FWMF,Gladbach,23.0,2000.0,32,1385.0,43.0,45.3,15.4,14,70.0,0,18,23.0,2,0.94,27.0,31.0,-4.0,-0.26,0.12,21.7,25.0,-3.3,-0.21,0.03,Matches
359,360,Stanley N'Soki,fr FRA,DF,Hoffenheim,24.0,1999.0,11,631.0,57.0,20.6,7.0,7,78.0,4,4,21.0,3,0.82,7.0,14.0,-7.0,-1.0,-1.26,9.8,13.2,-3.4,-0.49,-0.35,Matches
360,361,Luca Netz,de GER,DF,Gladbach,20.0,2003.0,30,2225.0,74.0,72.7,24.7,25,82.0,14,5,33.0,1,1.0,39.0,43.0,-4.0,-0.16,0.59,34.6,36.7,-2.0,-0.08,0.53,Matches
361,362,Manuel Neuer,de GER,GK,Bayern Munich,37.0,1986.0,23,2053.0,89.0,67.1,22.8,23,89.0,22,0,,0,2.13,64.0,33.0,31.0,1.36,-0.25,58.1,23.2,34.9,1.53,-0.09,Matches
362,363,Florian Neuhaus,de GER,MF,Gladbach,26.0,1997.0,25,1224.0,49.0,40.0,13.6,15,71.0,2,10,16.0,7,1.04,22.0,24.0,-2.0,-0.15,0.29,20.2,21.6,-1.3,-0.1,0.22,Matches
363,364,Jessic Ngankam,de GER,FWMF,Mainz 05,23.0,2000.0,7,184.0,26.0,6.0,2.0,2,65.0,0,5,11.0,4,1.14,0.0,4.0,-4.0,-1.96,-1.71,2.9,3.0,-0.1,-0.06,-0.07,Matches
364,365,Jessic Ngankam,de GER,FW,Eint Frankfurt,23.0,2000.0,15,280.0,19.0,9.2,3.1,2,56.0,0,13,13.0,2,1.53,5.0,2.0,3.0,0.96,1.03,4.0,6.6,-2.5,-0.82,-0.71,Matches
365,366,Moritz Nicolas,de GER,GK,Gladbach,25.0,1997.0,27,2430.0,90.0,79.4,27.0,27,90.0,27,0,,7,1.07,47.0,49.0,-2.0,-0.07,1.21,38.3,41.9,-3.6,-0.13,0.46,Matches
366,367,Justin Njinmah,de GER,FW,Werder Bremen,22.0,2000.0,24,1016.0,42.0,33.2,11.3,10,75.0,1,14,19.0,2,1.25,18.0,16.0,2.0,0.18,0.53,16.7,16.3,0.4,0.04,0.48,Matches
367,368,Noel Nkili,de GER,MF,Bayern Munich,17.0,2005.0,0,,,,,0,,0,0,,3,,,,,,,,,,,,Matches
368,369,Niels Nkounkou,fr FRA,DFMF,Eint Frankfurt,22.0,2000.0,29,1309.0,45.0,42.8,14.5,13,77.0,6,16,20.0,2,1.24,20.0,18.0,2.0,0.14,0.19,18.2,21.6,-3.4,-0.23,-0.11,Matches
369,370,Felix Nmecha,de GER,MF,Dortmund,22.0,2000.0,20,1021.0,51.0,33.4,11.3,10,78.0,4,10,24.0,0,1.95,25.0,17.0,8.0,0.71,-0.05,23.0,20.9,2.1,0.19,-0.23,Matches
370,371,Lukas Nmecha,de GER,FW,Wolfsburg,24.0,1998.0,3,42.0,14.0,1.4,0.5,0,,0,3,14.0,0,0.67,1.0,1.0,0.0,0.0,0.45,0.5,0.5,0.0,0.02,0.19,Matches
371,372,Nahuel Noll,de GER,GK,Hoffenheim,20.0,2003.0,0,,,,,0,,0,0,,7,,,,,,,,,,,,Matches
372,373,Jonathan Norbye,no NOR,MF,RB Leipzig,16.0,2007.0,1,1.0,1.0,0.0,0.0,0,,0,1,1.0,0,1.0,0.0,0.0,0.0,0.0,-1.12,0.0,0.0,0.0,0.0,-0.75,Matches
373,374,Hugo Novoa,es ESP,FW,RB Leipzig,20.0,2003.0,0,,,,,0,,0,0,,1,,,,,,,,,,,,Matches
374,375,Alexander Nübel,de GER,GK,Stuttgart,26.0,1996.0,30,2700.0,90.0,88.2,30.0,30,90.0,30,0,,0,2.1,69.0,36.0,33.0,1.1,-0.4,63.8,33.8,30.1,1.0,0.34,Matches
375,376,Kasim Nuhu,gh GHA,DF,Hoffenheim,28.0,1995.0,1,5.0,5.0,0.2,0.1,0,,0,1,5.0,7,0.0,0.0,0.0,0.0,0.0,0.0,0.0,0.3,-0.3,-6.21,-6.01,Matches
376,377,Fabian Nürnberger,de GER,DFMF,Darmstadt 98,24.0,1999.0,21,1513.0,72.0,49.4,16.8,17,81.0,10,4,32.0,0,0.71,14.0,41.0,-27.0,-1.61,0.08,17.5,33.7,-16.3,-0.97,0.46,Matches
377,378,Tim Oermann,de GER,DF,Bochum,19.0,2003.0,16,714.0,45.0,23.3,7.9,8,71.0,3,8,18.0,2,1.38,12.0,13.0,-1.0,-0.13,1.06,10.1,16.8,-6.8,-0.85,-0.37,Matches
378,379,Oluwaseun Ogbemudia,de GER,DF,Union Berlin,17.0,2006.0,0,,,,,0,,0,0,,2,,,,,,,,,,,,Matches
379,380,Masaya Okugawa,jp JPN,FWDF,Augsburg,27.0,1996.0,2,32.0,16.0,1.0,0.4,0,,0,2,16.0,3,1.5,2.0,0.0,2.0,5.63,5.98,0.7,0.8,-0.1,-0.38,-0.05,Matches
380,381,Finn Ole Becker,de GER,MF,Hoffenheim,23.0,2000.0,22,606.0,28.0,19.8,6.7,5,70.0,0,17,15.0,10,1.5,14.0,18.0,-4.0,-0.59,-0.74,9.1,13.3,-4.3,-0.64,-0.53,Matches
381,382,Mathias Olesen,lu LUX,MFFW,Köln,22.0,2001.0,6,112.0,19.0,3.7,1.2,0,,0,6,19.0,2,0.67,0.0,3.0,-3.0,-2.41,-1.53,1.9,1.6,0.3,0.25,1.04,Matches
382,383,Dani Olmo,es ESP,MF,RB Leipzig,25.0,1998.0,21,1449.0,69.0,47.4,16.1,17,82.0,7,4,16.0,0,2.0,41.0,20.0,21.0,1.3,0.35,27.3,18.0,9.3,0.58,-0.32,Matches
383,384,Jan Olschowsky,de GER,GK,Gladbach,21.0,2001.0,0,,,,,0,,0,0,,23,,,,,,,,,,,,Matches
384,385,Jonas Omlin,ch SUI,GK,Gladbach,29.0,1994.0,7,630.0,90.0,20.6,7.0,7,90.0,7,0,,1,0.71,9.0,18.0,-9.0,-1.29,-1.21,8.2,12.4,-4.2,-0.6,-0.46,Matches
385,386,Karim Onisiwo,at AUT,FWMF,Mainz 05,31.0,1992.0,24,1493.0,62.0,48.8,16.6,17,81.0,6,7,18.0,2,0.88,13.0,21.0,-8.0,-0.48,-0.25,15.4,18.4,-3.0,-0.18,-0.37,Matches
386,387,Francis Onyeka,de GER,FW,Leverkusen,16.0,2007.0,0,,,,,0,,0,0,,2,,,,,,,,,,,,Matches
387,388,Loïs Openda,be BEL,FW,RB Leipzig,23.0,2000.0,34,2697.0,79.0,88.1,30.0,33,81.0,13,1,26.0,0,1.91,69.0,33.0,36.0,1.2,0.71,58.9,33.8,25.0,0.84,0.72,Matches
388,389,Leon Opitz,de GER,FWDF,Werder Bremen,18.0,2005.0,3,18.0,6.0,0.6,0.2,0,,0,3,6.0,11,1.0,0.0,2.0,-2.0,-10.0,-9.88,0.0,1.4,-1.3,-6.34,-6.1,Matches
389,390,Willi Orban,hu HUN,DF,RB Leipzig,30.0,1992.0,19,1582.0,83.0,51.7,17.6,18,88.0,16,1,6.0,0,2.0,45.0,17.0,28.0,1.59,0.98,31.7,19.1,12.6,0.72,-0.07,Matches
390,391,Ivan Ordets,ua UKR,DF,Bochum,31.0,1992.0,24,1880.0,78.0,61.4,20.9,21,87.0,20,3,16.0,2,0.83,25.0,57.0,-32.0,-1.53,-1.53,27.0,49.3,-22.3,-1.07,-1.3,Matches
391,392,Jordi Osei-Tutu,eng ENG,DFMF,Bochum,24.0,1998.0,0,,,,,0,,0,0,,1,,,,,,,,,,,,Matches
392,393,Patrick Osterhage,de GER,MF,Bochum,23.0,2000.0,24,1861.0,78.0,60.8,20.7,21,86.0,15,3,18.0,3,1.0,22.0,36.0,-14.0,-0.68,0.67,23.3,34.1,-10.8,-0.52,0.12,Matches
393,394,Salih Özcan,tr TUR,MF,Dortmund,25.0,1998.0,23,1184.0,51.0,38.7,13.2,13,78.0,8,10,17.0,9,1.91,27.0,21.0,6.0,0.46,-0.46,24.7,24.1,0.6,0.04,-0.48,Matches
394,395,Willian Pacho,ec ECU,DF,Eint Frankfurt,21.0,2001.0,33,2970.0,90.0,97.1,33.0,33,90.0,33,0,,0,1.42,51.0,48.0,3.0,0.09,2.09,45.3,50.8,-5.4,-0.16,0.32,Matches
395,396,Gonçalo Paciência,pt POR,FWMF,Bochum,28.0,1994.0,19,650.0,34.0,21.2,7.2,6,67.0,0,13,19.0,8,0.79,14.0,14.0,0.0,0.0,1.2,12.6,14.4,-1.8,-0.25,0.41,Matches
396,397,Exequiel Palacios,ar ARG,MF,Leverkusen,24.0,1998.0,24,1831.0,76.0,59.8,20.3,21,84.0,10,3,23.0,3,2.67,55.0,19.0,36.0,1.77,-0.35,40.2,20.3,20.0,0.98,-0.76,Matches
397,398,Miloš Pantović,rs SRB,MF,Union Berlin,27.0,1996.0,1,15.0,15.0,0.5,0.2,0,,0,1,15.0,0,3.0,1.0,0.0,1.0,6.0,6.77,0.8,0.8,0.0,-0.18,0.13,Matches
398,399,Antonios Papadopoulos,de GER,DF,Dortmund,23.0,1999.0,2,117.0,59.0,3.8,1.3,1,90.0,1,1,27.0,3,2.0,5.0,2.0,3.0,2.31,1.63,4.2,3.8,0.4,0.34,0.0,Matches
399,400,Matondo-Merveille Papela,de GER,MFDF,Mainz 05,22.0,2001.0,11,257.0,23.0,8.4,2.9,3,59.0,0,8,10.0,19,0.91,1.0,7.0,-6.0,-2.1,-1.91,3.1,3.6,-0.4,-0.15,-0.17,Matches
400,401,Leart Paqarada,xk KVX,DF,Köln,28.0,1994.0,17,1075.0,63.0,35.1,11.9,11,85.0,9,6,24.0,8,0.47,11.0,31.0,-20.0,-1.67,-1.13,15.6,23.4,-7.8,-0.65,0.14,Matches
401,402,Kevin Paredes,us USA,FWMF,Wolfsburg,20.0,2003.0,28,1432.0,51.0,46.8,15.9,15,80.0,6,13,18.0,3,1.07,20.0,27.0,-7.0,-0.44,0.0,20.1,18.1,2.0,0.12,0.54,Matches
402,403,Felix Passlack,de GER,DF,Bochum,25.0,1998.0,15,960.0,64.0,31.4,10.7,13,72.0,3,2,11.0,11,0.93,14.0,23.0,-9.0,-0.84,0.14,15.3,15.1,0.2,0.02,0.85,Matches
403,404,Raul Paula,de GER,MF,Stuttgart,19.0,2004.0,0,,,,,0,,0,0,,4,,,,,,,,,,,,Matches
404,405,Benjamin Pavard,fr FRA,DF,Bayern Munich,27.0,1996.0,0,,,,,0,,0,0,,1,,,,,,,,,,,,Matches
405,406,Jiří Pavlenka,cz CZE,GK,Werder Bremen,31.0,1992.0,7,630.0,90.0,20.6,7.0,7,90.0,7,0,,17,0.86,12.0,17.0,-5.0,-0.71,-0.68,11.8,13.5,-1.7,-0.24,0.05,Matches
406,407,Aleksandar Pavlovic,de GER,MF,Bayern Munich,19.0,2004.0,19,1227.0,65.0,40.1,13.6,14,79.0,7,5,25.0,6,2.42,35.0,17.0,18.0,1.32,-0.2,27.9,14.5,13.3,0.98,-0.97,Matches
407,408,Kristian Pedersen,dk DEN,DFMF,Köln,28.0,1994.0,0,,,,,0,,0,0,,1,,,,,,,,,,,,Matches
408,409,Mads Pedersen,dk DEN,DF,Augsburg,26.0,1996.0,27,1786.0,66.0,58.4,19.8,19,83.0,14,8,25.0,3,0.96,29.0,43.0,-14.0,-0.71,-0.99,30.7,37.3,-6.6,-0.33,0.0,Matches
409,410,Jordan Pefok,us USA,FW,Gladbach,27.0,1996.0,25,1420.0,57.0,46.4,15.8,18,74.0,6,7,14.0,1,1.0,28.0,31.0,-3.0,-0.19,0.25,27.2,22.0,5.2,0.33,1.05,Matches
410,411,Jordan Pefok,us USA,FW,Union Berlin,27.0,1996.0,1,27.0,27.0,0.9,0.3,0,,0,1,27.0,1,3.0,1.0,0.0,1.0,3.33,4.1,0.2,1.1,-0.9,-3.07,-2.79,Matches
411,412,Dženan Pejčinović,de GER,FW,Wolfsburg,18.0,2005.0,4,37.0,9.0,1.2,0.4,0,,0,4,9.0,4,0.75,0.0,0.0,0.0,0.0,0.45,1.1,0.1,1.0,2.39,2.59,Matches
412,413,Philipp Pentke,de GER,GK,Köln,38.0,1985.0,0,,,0.0,0.0,0,,0,0,,24,1.0,1.0,1.0,0.0,,,,,,,,Matches
413,414,Daniel Peretz,il ISR,GK,Bayern Munich,23.0,2000.0,1,17.0,17.0,0.6,0.2,0,,0,1,17.0,13,3.0,0.0,0.0,0.0,0.0,-1.45,0.0,0.0,0.0,-0.25,-1.82,Matches
414,415,Matteo Perez Vinlöf,se SWE,FW,Bayern Munich,17.0,2005.0,1,16.0,16.0,0.5,0.2,0,,0,1,16.0,1,3.0,0.0,0.0,0.0,0.0,-1.45,0.0,0.0,0.0,-0.27,-1.84,Matches
415,416,Pavao Pervan,at AUT,GK,Wolfsburg,35.0,1987.0,9,810.0,90.0,26.5,9.0,9,90.0,9,0,,25,0.78,10.0,17.0,-7.0,-0.78,-0.46,11.7,10.0,1.8,0.2,0.49,Matches
416,417,Jens Petter Hauge,no NOR,MFFW,Eint Frankfurt,23.0,1999.0,10,147.0,15.0,4.8,1.6,0,,0,10,15.0,4,1.6,5.0,2.0,3.0,1.84,1.9,3.3,4.0,-0.7,-0.44,-0.27,Matches
417,418,Luca Pfeiffer,de GER,FWMF,Darmstadt 98,26.0,1996.0,24,1619.0,67.0,52.9,18.0,20,77.0,9,4,20.0,6,0.46,20.0,37.0,-17.0,-0.95,1.49,20.0,32.4,-12.4,-0.69,1.09,Matches
418,419,Patric Pfeiffer,de GER,DF,Augsburg,23.0,1999.0,11,511.0,46.0,16.7,5.7,4,81.0,2,7,27.0,11,0.64,3.0,14.0,-11.0,-1.94,-1.97,6.1,9.8,-3.7,-0.66,-0.39,Matches
419,420,Luca Philipp,de GER,GK,Hoffenheim,22.0,2000.0,0,,,0.0,0.0,0,,0,0,,26,0.0,2.0,3.0,-1.0,,,,,,,,Matches
420,421,Maximilian Philipp,de GER,FWMF,Freiburg,29.0,1994.0,17,323.0,19.0,10.6,3.6,1,72.0,0,16,16.0,7,0.88,7.0,7.0,0.0,0.0,0.43,5.1,8.5,-3.5,-0.97,-1.05,Matches
421,422,Florian Pick,de GER,MFFW,Heidenheim,27.0,1995.0,22,327.0,15.0,10.7,3.6,1,90.0,1,21,11.0,12,1.14,2.0,8.0,-6.0,-1.65,-1.68,3.7,7.8,-4.1,-1.12,-0.52,Matches
422,423,Amos Pieper,de GER,DF,Werder Bremen,25.0,1998.0,7,590.0,84.0,19.3,6.6,7,84.0,6,0,,5,1.0,10.0,14.0,-4.0,-0.61,-0.54,11.6,12.3,-0.7,-0.11,0.21,Matches
423,424,Marvin Pieringer,de GER,MFFW,Heidenheim,23.0,1999.0,31,1513.0,49.0,49.4,16.8,18,67.0,1,13,24.0,0,1.23,27.0,23.0,4.0,0.24,0.76,21.0,29.4,-8.3,-0.5,0.33,Matches
424,425,Alassane Pléa,fr FRA,FWMF,Gladbach,30.0,1993.0,27,1913.0,71.0,62.5,21.3,24,75.0,5,3,34.0,0,1.0,37.0,41.0,-4.0,-0.19,0.36,25.1,33.9,-8.7,-0.41,-0.48,Matches
425,426,Ole Pohlmann,de GER,MF,Dortmund,22.0,2001.0,2,54.0,27.0,1.8,0.6,0,,0,2,27.0,3,0.5,0.0,0.0,0.0,0.0,-0.75,0.2,0.4,-0.2,-0.36,-0.71,Matches
426,427,Sebastian Polter,de GER,FW,Darmstadt 98,32.0,1991.0,9,446.0,50.0,14.6,5.0,4,80.0,1,5,26.0,0,0.33,4.0,12.0,-8.0,-1.61,0.04,5.0,12.1,-7.1,-1.43,-0.27,Matches
427,428,Yussuf Poulsen,dk DEN,FW,RB Leipzig,29.0,1994.0,28,1217.0,43.0,39.8,13.5,12,75.0,2,16,20.0,3,1.75,34.0,15.0,19.0,1.41,0.48,29.3,17.1,12.2,0.9,0.25,Matches
428,429,Grischa Prömel,de GER,MF,Hoffenheim,28.0,1995.0,28,2139.0,76.0,69.9,23.8,27,78.0,15,1,33.0,0,1.43,45.0,44.0,1.0,0.04,0.14,40.4,38.5,2.0,0.08,0.97,Matches
429,430,Gustavo Puerta,co COL,DFMF,Leverkusen,20.0,2003.0,7,46.0,7.0,1.5,0.5,0,,0,7,7.0,21,3.0,4.0,0.0,4.0,7.83,6.0,3.4,0.6,2.9,5.62,4.4,Matches
430,431,Joshua Quarshie,de GER,MF,Hoffenheim,19.0,2004.0,0,,,,,0,,0,0,,1,,,,,,,,,,,,Matches
431,432,Luca Raimund,de GER,FWMF,Stuttgart,18.0,2005.0,3,30.0,10.0,1.0,0.3,0,,0,3,10.0,8,1.0,1.0,2.0,-1.0,-3.0,-4.19,1.6,1.4,0.2,0.56,-0.41,Matches
432,433,Grant Ranos,am ARM,MFFW,Gladbach,20.0,2003.0,9,49.0,5.0,1.6,0.5,0,,0,9,5.0,11,1.0,1.0,0.0,1.0,1.84,2.2,1.5,0.8,0.7,1.21,1.46,Matches
433,434,Nicolai Rapp,de GER,DF,Werder Bremen,26.0,1996.0,2,76.0,38.0,2.5,0.8,1,71.0,0,1,5.0,9,0.0,1.0,2.0,-1.0,-1.18,-1.03,0.8,1.4,-0.6,-0.72,-0.45,Matches
434,435,David Raum,de GER,DF,RB Leipzig,25.0,1998.0,31,2739.0,88.0,89.5,30.4,31,88.0,25,0,,2,1.94,69.0,36.0,33.0,1.08,-0.32,60.1,36.0,24.1,0.79,0.38,Matches
435,436,Rocco Reitz,de GER,MF,Gladbach,21.0,2002.0,34,2136.0,63.0,69.8,23.7,24,80.0,7,10,21.0,0,1.0,39.0,45.0,-6.0,-0.25,0.23,33.1,37.8,-4.7,-0.2,0.09,Matches
436,437,Marco Reus,de GER,MFFW,Dortmund,34.0,1989.0,26,1601.0,62.0,52.3,17.8,18,77.0,2,8,28.0,6,1.81,37.0,28.0,9.0,0.51,-0.48,30.4,29.4,0.9,0.05,-0.6,Matches
437,438,Elvis Rexhbeçaj,de GER,MF,Augsburg,25.0,1997.0,25,1985.0,79.0,64.9,22.1,24,81.0,14,1,31.0,1,1.2,29.0,40.0,-11.0,-0.5,-0.58,27.1,35.1,-8.0,-0.36,-0.09,Matches
438,439,Gio Reyna,us USA,MFFW,Dortmund,20.0,2002.0,11,280.0,25.0,9.2,3.1,1,45.0,0,10,24.0,4,1.91,9.0,4.0,5.0,1.61,0.96,11.4,5.0,6.5,2.08,1.92,Matches
439,440,Marco Richter,de GER,MFFW,Mainz 05,25.0,1997.0,20,717.0,36.0,23.4,8.0,7,73.0,1,13,16.0,9,0.75,3.0,12.0,-9.0,-1.13,-1.01,9.2,10.0,-0.8,-0.1,-0.13,Matches
440,441,Clemens Riedel,de GER,DF,Darmstadt 98,20.0,2003.0,14,755.0,54.0,24.7,8.4,9,80.0,7,5,8.0,6,0.71,9.0,20.0,-11.0,-1.31,0.45,8.6,16.6,-8.0,-0.95,0.33,Matches
441,442,Manuel Riemann,de GER,GK,Bochum,34.0,1988.0,33,2970.0,90.0,97.1,33.0,33,90.0,33,0,,0,1.0,41.0,70.0,-29.0,-0.88,2.12,43.7,61.7,-18.0,-0.55,0.75,Matches
442,443,Lasse Rieß,de GER,GK,Mainz 05,22.0,2001.0,0,,,,,0,,0,0,,21,,,,,,,,,,,,Matches
443,444,Cimo Röcker,de GER,DF,Werder Bremen,29.0,1994.0,0,,,,,0,,0,0,,11,,,,,,,,,,,,Matches
444,445,Sebastian Rode,de GER,MF,Eint Frankfurt,32.0,1990.0,8,61.0,8.0,2.0,0.7,1,5.0,0,7,8.0,0,1.38,1.0,3.0,-2.0,-2.95,-3.04,0.5,1.2,-0.7,-1.02,-0.86,Matches
445,446,Rogério,br BRA,DF,Wolfsburg,25.0,1998.0,13,906.0,70.0,29.6,10.1,10,83.0,7,3,26.0,3,0.77,10.0,15.0,-5.0,-0.5,-0.08,9.6,13.7,-4.1,-0.41,-0.35,Matches
446,447,Merlin Röhl,de GER,MFFW,Freiburg,21.0,2002.0,24,1477.0,62.0,48.3,16.4,17,74.0,3,7,31.0,3,1.29,21.0,29.0,-8.0,-0.49,-0.2,23.5,26.2,-2.7,-0.16,-0.25,Matches
447,448,Hugo Rölleke,de GER,GK,Bochum,18.0,2005.0,0,,,,,0,,0,0,,2,,,,,,,,,,,,Matches
448,449,Moritz Römling,de GER,FW,Bochum,22.0,2001.0,0,,,,,0,,0,0,,2,,,,,,,,,,,,Matches
449,450,Frank Ronstadt,de GER,DFMF,Darmstadt 98,26.0,1997.0,4,76.0,19.0,2.5,0.8,0,,0,4,19.0,2,1.0,2.0,2.0,0.0,0.0,1.69,0.9,2.0,-1.0,-1.23,-0.03,Matches
450,451,Max Rosenfelder,de GER,DF,Freiburg,20.0,2003.0,0,,,,,0,,0,0,,1,,,,,,,,,,,,Matches
451,452,Anthony Rouault,fr FRA,DF,Stuttgart,22.0,2001.0,22,1010.0,46.0,33.0,11.2,11,77.0,5,11,15.0,4,2.18,27.0,15.0,12.0,1.07,-0.12,21.2,11.8,9.4,0.84,-0.19,Matches
452,453,Jérôme Roussillon,fr FRA,DF,Union Berlin,30.0,1993.0,23,752.0,33.0,24.6,8.4,8,72.0,2,15,12.0,3,1.13,10.0,12.0,-2.0,-0.24,0.66,8.4,14.4,-6.0,-0.72,-0.55,Matches
453,454,Fabian Rüdlin,de GER,MF,Freiburg,26.0,1997.0,1,7.0,7.0,0.2,0.1,0,,0,1,7.0,7,0.0,0.0,1.0,-1.0,-12.86,-12.5,0.0,0.2,-0.2,-2.66,-2.64,Matches
454,455,Julian Ryerson,no NOR,DF,Dortmund,25.0,1997.0,21,1767.0,84.0,57.7,19.6,20,86.0,14,1,45.0,3,2.0,35.0,24.0,11.0,0.56,-0.41,30.4,29.9,0.4,0.02,-0.75,Matches
455,456,Frederik Rønnow,dk DEN,GK,Union Berlin,30.0,1992.0,33,2970.0,90.0,97.1,33.0,33,90.0,33,0,,0,1.0,33.0,56.0,-23.0,-0.7,1.3,39.6,49.4,-9.8,-0.3,0.27,Matches
456,457,Marcel Sabitzer,at AUT,MF,Dortmund,29.0,1994.0,25,1961.0,78.0,64.1,21.8,23,84.0,18,2,16.0,2,1.88,44.0,26.0,18.0,0.83,0.25,39.5,31.6,7.9,0.36,0.07,Matches
457,458,Roland Sallai,hu HUN,MFFW,Freiburg,26.0,1997.0,27,1840.0,68.0,60.1,20.4,22,79.0,5,5,21.0,0,1.33,26.0,34.0,-8.0,-0.39,-0.02,30.1,25.9,4.2,0.21,0.6,Matches
458,459,Diadie Samassékou,ml MLI,MF,Hoffenheim,27.0,1996.0,1,1.0,1.0,0.0,0.0,0,,0,1,1.0,10,3.0,0.0,0.0,0.0,0.0,0.0,0.0,0.0,0.0,0.0,0.21,Matches
459,460,Jadon Sancho,eng ENG,FWMF,Dortmund,23.0,2000.0,14,947.0,68.0,30.9,10.5,11,78.0,2,3,28.0,2,1.86,19.0,11.0,8.0,0.76,0.04,18.6,15.2,3.4,0.32,-0.03,Matches
460,461,Leroy Sané,de GER,FW,Bayern Munich,27.0,1996.0,27,2137.0,79.0,69.8,23.7,25,84.0,16,2,24.0,0,2.19,67.0,26.0,41.0,1.73,0.95,63.7,19.6,44.1,1.86,0.99,Matches
461,462,Mohamed Sankoh,nl NED,FW,Stuttgart,19.0,2003.0,0,,,,,0,,0,0,,1,,,,,,,,,,,,Matches
462,463,Kauã Santos,br BRA,GK,Eint Frankfurt,20.0,2003.0,0,,,,,0,,0,0,,2,,,,,,,,,,,,Matches
463,464,Amin Sarr,se SWE,FWMF,Wolfsburg,22.0,2001.0,14,386.0,28.0,12.6,4.3,2,68.0,0,12,21.0,6,0.71,2.0,8.0,-6.0,-1.4,-1.1,4.9,5.0,0.0,-0.01,0.17,Matches
464,465,Bouna Sarr,sn SEN,DF,Bayern Munich,31.0,1992.0,2,106.0,53.0,3.5,1.2,1,90.0,1,1,16.0,8,3.0,4.0,2.0,2.0,1.7,0.27,2.0,1.5,0.5,0.39,-1.21,Matches
465,466,Kein Sato,jp JPN,FW,Werder Bremen,22.0,2001.0,0,,,,,0,,0,0,,3,,,,,,,,,,,,Matches
466,467,Joe Scally,us USA,DF,Gladbach,20.0,2002.0,31,2236.0,72.0,73.1,24.8,25,85.0,19,6,20.0,3,1.06,43.0,50.0,-7.0,-0.28,0.16,31.2,42.2,-11.0,-0.44,-0.8,Matches
467,468,András Schäfer,hu HUN,MF,Union Berlin,24.0,1999.0,20,1214.0,61.0,39.7,13.5,14,74.0,4,6,30.0,0,1.0,13.0,23.0,-10.0,-0.74,-0.01,16.6,20.2,-3.6,-0.27,0.07,Matches
468,469,Patrik Schick,cz CZE,FW,Leverkusen,27.0,1996.0,20,1063.0,53.0,34.7,11.8,12,76.0,3,8,19.0,4,2.5,27.0,7.0,20.0,1.69,-0.33,26.7,8.9,17.8,1.51,0.34,Matches
469,470,Stefan Schimmer,de GER,MFFW,Heidenheim,29.0,1994.0,16,153.0,10.0,5.0,1.7,0,,0,16,10.0,18,0.81,2.0,3.0,-1.0,-0.59,-0.46,3.5,4.3,-0.8,-0.45,0.23,Matches
470,471,Xaver Schlager,at AUT,MF,RB Leipzig,25.0,1997.0,29,2477.0,85.0,80.9,27.5,29,85.0,22,0,,0,1.93,64.0,32.0,32.0,1.16,0.24,55.4,29.8,25.6,0.93,0.95,Matches
471,472,Tim Schleinitz,de GER,MF,Union Berlin,18.0,2005.0,0,,,,,0,,0,0,,1,,,,,,,,,,,,Matches
472,473,Keven Schlotterbeck,de GER,DF,Freiburg,26.0,1997.0,0,,,,,0,,0,0,,1,,,,,,,,,,,,Matches
473,474,Keven Schlotterbeck,de GER,DF,Bochum,26.0,1997.0,27,2185.0,81.0,71.4,24.3,24,90.0,23,3,10.0,2,1.07,33.0,48.0,-15.0,-0.62,1.13,34.0,42.8,-8.8,-0.36,0.72,Matches
474,475,Nico Schlotterbeck,de GER,DF,Dortmund,23.0,1999.0,33,2859.0,87.0,93.4,31.8,32,88.0,29,1,28.0,1,1.82,62.0,41.0,21.0,0.66,-1.13,57.4,46.8,10.6,0.33,-0.08,Matches
475,476,Romano Schmid,at AUT,MFFW,Werder Bremen,23.0,2000.0,33,2601.0,79.0,85.0,28.9,30,84.0,13,3,23.0,0,1.27,43.0,48.0,-5.0,-0.17,0.02,38.6,48.4,-9.9,-0.34,-0.4,Matches
476,477,Kenneth Schmidt,de GER,DF,Freiburg,21.0,2002.0,5,68.0,14.0,2.2,0.8,0,,0,5,14.0,7,0.8,1.0,4.0,-3.0,-3.97,-3.67,0.5,2.3,-1.8,-2.42,-2.44,Matches
477,478,Benno Schmitz,de GER,DF,Köln,28.0,1994.0,22,1155.0,53.0,37.7,12.8,13,80.0,7,9,13.0,8,0.73,12.0,19.0,-7.0,-0.55,0.64,14.7,21.4,-6.7,-0.52,0.35,Matches
478,479,Fabian Schnellhardt,de GER,MF,Darmstadt 98,29.0,1994.0,10,235.0,24.0,7.7,2.6,2,64.0,0,8,13.0,13,0.3,1.0,7.0,-6.0,-2.3,-0.7,2.8,7.5,-4.8,-1.83,-0.68,Matches
479,480,Florian Schock,de GER,GK,Stuttgart,22.0,2001.0,0,,,,,0,,0,0,,3,,,,,,,,,,,,Matches
480,481,Max Scholze,de GER,FW,Bayern Munich,18.0,2005.0,0,,,,,0,,0,0,,1,,,,,,,,,,,,Matches
481,482,Jan Schöppner,de GER,MF,Heidenheim,24.0,1999.0,26,1998.0,77.0,65.3,22.2,23,84.0,16,3,21.0,8,1.31,31.0,32.0,-1.0,-0.05,0.29,23.4,36.6,-13.2,-0.6,0.18,Matches
482,483,Marcel Schuhen,de GER,GK,Darmstadt 98,30.0,1993.0,31,2790.0,90.0,91.2,31.0,31,90.0,31,0,,2,0.52,29.0,76.0,-47.0,-1.52,1.48,31.0,66.1,-35.1,-1.13,0.77,Matches
483,484,Philipp Schulze,de GER,GK,Wolfsburg,20.0,2003.0,0,,,,,0,,0,0,,4,,,,,,,,,,,,Matches
484,485,Marvin Schwäbe,de GER,GK,Köln,28.0,1995.0,34,3060.0,90.0,100.0,34.0,34,90.0,34,0,,0,0.79,28.0,60.0,-32.0,-0.94,,39.3,64.6,-25.3,-0.74,,Matches
485,486,Alexander Schwolow,de GER,GK,Union Berlin,31.0,1992.0,1,90.0,90.0,2.9,1.0,1,90.0,1,0,,28,0.0,0.0,2.0,-2.0,-2.0,-1.3,0.5,1.1,-0.6,-0.57,-0.27,Matches
486,487,Dennis Seimen,de GER,GK,Stuttgart,17.0,2005.0,0,,,,,0,,0,0,,6,,,,,,,,,,,,Matches
487,488,Nicolas Seiwald,at AUT,MF,RB Leipzig,22.0,2001.0,21,718.0,34.0,23.5,8.0,6,74.0,2,15,18.0,13,1.76,16.0,14.0,2.0,0.25,-1.13,14.0,12.7,1.3,0.16,-0.77,Matches
488,489,Davie Selke,de GER,FW,Köln,28.0,1995.0,19,1265.0,67.0,41.3,14.1,16,75.0,5,3,20.0,1,0.74,9.0,24.0,-15.0,-1.07,-0.21,15.7,30.5,-14.8,-1.05,-0.53,Matches
489,490,Benjamin Šeško,si SVN,FW,RB Leipzig,20.0,2003.0,31,1526.0,49.0,49.9,17.0,17,74.0,2,14,19.0,2,2.0,34.0,23.0,11.0,0.65,-0.94,26.7,21.5,5.2,0.3,-0.89,Matches
490,491,Kevin Sessa,de GER,MFFW,Heidenheim,23.0,2000.0,30,1011.0,34.0,33.0,11.2,7,70.0,0,23,23.0,2,1.27,21.0,15.0,6.0,0.53,1.02,15.6,17.9,-2.3,-0.21,0.68,Matches
491,492,Aaron Seydel,de GER,FW,Darmstadt 98,27.0,1996.0,16,619.0,39.0,20.2,6.9,5,72.0,2,11,23.0,2,0.5,6.0,15.0,-9.0,-1.31,0.42,5.7,13.5,-7.8,-1.14,0.08,Matches
492,493,Tim Siersleben,de GER,DF,Heidenheim,23.0,2000.0,14,910.0,65.0,29.7,10.1,10,86.0,9,4,14.0,19,1.14,13.0,23.0,-10.0,-0.99,-1.2,12.7,24.4,-11.7,-1.15,-0.7,Matches
493,494,Kiliann Sildillia,fr FRA,DF,Freiburg,21.0,2002.0,27,1806.0,67.0,59.0,20.1,20,86.0,17,7,13.0,4,1.33,26.0,33.0,-7.0,-0.35,0.08,27.3,31.3,-3.9,-0.2,-0.4,Matches
494,495,Mohamed Simakan,fr FRA,DF,RB Leipzig,23.0,2000.0,32,2138.0,67.0,69.9,23.8,23,84.0,13,9,24.0,0,1.91,49.0,30.0,19.0,0.8,-1.05,46.8,29.1,17.8,0.75,0.0,Matches
495,496,Simon Simoni,al ALB,GK,Eint Frankfurt,19.0,2004.0,0,,,,,0,,0,0,,1,,,,,,,,,,,,Matches
496,497,Xavi Simons,nl NED,MF,RB Leipzig,20.0,2003.0,32,2653.0,83.0,86.7,29.5,32,83.0,10,0,,0,2.0,69.0,28.0,41.0,1.39,2.05,57.9,33.4,24.6,0.83,0.62,Matches
497,498,Tobias Sippel,de GER,GK,Gladbach,35.0,1988.0,0,,,,,0,,0,0,,4,,,,,,,,,,,,Matches
498,499,Tim Skarke,de GER,FWDF,Darmstadt 98,26.0,1996.0,30,2404.0,80.0,78.6,26.7,29,82.0,13,1,32.0,0,0.57,22.0,69.0,-47.0,-1.76,-0.52,21.2,57.1,-35.8,-1.34,-0.66,Matches
499,500,Ellyes Skhiri,tn TUN,MF,Eint Frankfurt,28.0,1995.0,27,2168.0,80.0,70.8,24.1,24,88.0,18,3,22.0,0,1.41,36.0,32.0,4.0,0.17,0.47,34.6,34.8,-0.2,-0.01,0.57,Matches
500,501,Robert Skov,dk DEN,DFFW,Hoffenheim,27.0,1996.0,25,1260.0,50.0,41.2,14.0,14,70.0,2,11,26.0,6,1.28,29.0,32.0,-3.0,-0.21,-0.36,22.6,24.2,-1.6,-0.11,0.17,Matches
501,502,Hrvoje Smolčić,hr CRO,DF,Eint Frankfurt,22.0,2000.0,11,347.0,32.0,11.3,3.9,3,87.0,2,8,11.0,20,1.73,4.0,6.0,-2.0,-0.52,-0.62,5.1,6.2,-1.1,-0.28,-0.12,Matches
502,503,Danilo Soares,br BRA,DF,Bochum,31.0,1991.0,5,351.0,70.0,11.5,3.9,3,88.0,2,2,44.0,11,0.6,3.0,6.0,-3.0,-0.77,0.19,3.7,6.9,-3.3,-0.84,-0.3,Matches
503,504,Borna Sosa,hr CRO,FWDF,Stuttgart,25.0,1998.0,2,46.0,23.0,1.5,0.5,0,,0,2,23.0,0,1.5,0.0,4.0,-4.0,-7.83,-9.11,0.4,0.8,-0.4,-0.76,-1.75,Matches
504,505,Anton Stach,de GER,MF,Hoffenheim,24.0,1998.0,31,2321.0,75.0,75.8,25.8,26,83.0,16,5,33.0,0,1.29,47.0,55.0,-8.0,-0.31,-1.28,38.4,47.7,-9.3,-0.36,-0.62,Matches
505,506,Anton Stach,de GER,MF,Mainz 05,24.0,1998.0,2,170.0,85.0,5.6,1.9,2,85.0,1,0,,0,0.5,2.0,4.0,-2.0,-1.06,-0.75,2.7,2.3,0.4,0.21,0.21,Matches
506,507,Jens Stage,dk DEN,MF,Werder Bremen,26.0,1996.0,30,2327.0,78.0,76.0,25.9,26,85.0,15,4,29.0,0,1.2,32.0,39.0,-7.0,-0.27,-0.39,34.6,41.5,-6.9,-0.27,0.06,Matches
507,508,Josip Stanišić,hr CRO,DF,Leverkusen,23.0,2000.0,20,1261.0,63.0,41.2,14.0,13,90.0,12,7,13.0,12,2.7,35.0,9.0,26.0,1.86,-0.1,31.6,10.2,21.4,1.53,0.41,Matches
508,509,Niklas Stark,de GER,DF,Werder Bremen,28.0,1995.0,17,1088.0,64.0,35.6,12.1,12,85.0,10,5,13.0,3,1.47,20.0,16.0,4.0,0.33,0.79,20.3,17.9,2.5,0.21,0.76,Matches
509,510,Pascal Stenzel,de GER,DF,Stuttgart,27.0,1996.0,23,1064.0,46.0,34.8,11.8,14,68.0,1,9,12.0,9,2.3,31.0,13.0,18.0,1.52,0.58,25.3,14.0,11.4,0.96,0.0,Matches
510,511,Leonidas Stergiou,ch SUI,DF,Stuttgart,21.0,2002.0,15,594.0,40.0,19.4,6.6,6,81.0,4,9,12.0,17,2.13,14.0,6.0,8.0,1.21,0.08,11.8,8.1,3.7,0.56,-0.49,Matches
511,512,Angelo Stiller,de GER,MF,Hoffenheim,22.0,2001.0,1,84.0,84.0,2.7,0.9,1,84.0,0,0,,0,0.0,1.0,2.0,-1.0,-1.07,-1.1,1.2,2.5,-1.3,-1.42,-1.24,Matches
512,513,Angelo Stiller,de GER,MF,Stuttgart,22.0,2001.0,31,2694.0,87.0,88.0,29.9,30,89.0,26,1,20.0,0,2.23,69.0,31.0,38.0,1.27,1.02,62.3,33.6,28.7,0.96,-0.03,Matches
513,514,Kevin Stöger,at AUT,MF,Bochum,29.0,1993.0,32,2668.0,83.0,87.2,29.6,32,83.0,21,0,,0,0.94,38.0,65.0,-27.0,-0.91,0.24,38.8,54.0,-15.1,-0.51,0.45,Matches
514,515,Filip Stojilković,ch SUI,FWMF,Darmstadt 98,23.0,2000.0,6,154.0,26.0,5.0,1.7,0,,0,6,26.0,2,0.0,0.0,4.0,-4.0,-2.34,-0.73,2.1,4.7,-2.6,-1.55,-0.37,Matches
515,516,Niklas Süle,de GER,DF,Dortmund,27.0,1995.0,23,1514.0,66.0,49.5,16.8,14,87.0,13,9,33.0,9,1.74,30.0,19.0,11.0,0.65,-0.16,31.6,28.3,3.2,0.19,-0.29,Matches
516,517,Mattias Svanberg,se SWE,MF,Wolfsburg,24.0,1999.0,25,1715.0,69.0,56.0,19.1,20,80.0,5,5,25.0,4,1.16,25.0,33.0,-8.0,-0.42,0.05,23.4,27.8,-4.4,-0.23,-0.15,Matches
517,518,Attila Szalai,hu HUN,DF,Hoffenheim,25.0,1998.0,4,288.0,72.0,9.4,3.2,4,72.0,2,0,,14,1.5,7.0,7.0,0.0,0.0,0.0,5.0,6.4,-1.4,-0.42,-0.23,Matches
518,519,Attila Szalai,hu HUN,DF,Freiburg,25.0,1998.0,3,103.0,34.0,3.4,1.1,0,,0,3,34.0,12,1.0,0.0,3.0,-3.0,-2.62,-2.32,0.4,3.3,-2.8,-2.46,-2.52,Matches
519,520,Jonathan Tah,de GER,DF,Leverkusen,27.0,1996.0,31,2631.0,85.0,86.0,29.2,30,87.0,27,1,19.0,2,2.68,78.0,21.0,57.0,1.95,0.27,63.4,26.1,37.3,1.28,-0.07,Matches
520,521,Japhet Tanganga,eng ENG,DF,Augsburg,24.0,1999.0,0,,,,,0,,0,0,,1,,,,,,,,,,,,Matches
521,522,Edmond Tapsoba,bf BFA,DF,Leverkusen,24.0,1999.0,28,2087.0,75.0,68.2,23.2,23,89.0,20,5,9.0,2,2.64,62.0,19.0,43.0,1.85,-0.18,48.5,23.7,24.8,1.07,-0.68,Matches
522,523,Mathys Tel,fr FRA,FWMF,Bayern Munich,18.0,2005.0,30,1050.0,35.0,34.3,11.7,6,85.0,4,24,22.0,4,2.1,37.0,17.0,20.0,1.71,0.42,26.9,14.7,12.3,1.05,-0.78,Matches
523,524,Nathan Tella,ng NGA,DFMF,Leverkusen,24.0,1999.0,24,819.0,34.0,26.8,9.1,8,73.0,1,16,15.0,8,2.75,24.0,2.0,22.0,2.42,0.69,20.9,6.3,14.6,1.61,0.44,Matches
524,525,Norman Theuerkauf,de GER,MFDF,Heidenheim,36.0,1987.0,25,1259.0,50.0,41.1,14.0,14,74.0,4,11,20.0,8,1.4,20.0,21.0,-1.0,-0.07,0.13,16.1,28.9,-12.8,-0.92,-0.43,Matches
525,526,Niclas Thiede,de GER,GK,Bochum,24.0,1999.0,0,,,,,0,,0,0,,20,,,,,,,,,,,,Matches
526,527,Jan Thielmann,de GER,FWDF,Köln,21.0,2002.0,22,1579.0,72.0,51.6,17.5,20,76.0,7,2,29.0,1,0.86,8.0,18.0,-10.0,-0.57,0.77,15.3,27.0,-11.7,-0.67,0.16,Matches
527,528,Denis Thomalla,de GER,MFFW,Heidenheim,30.0,1992.0,21,446.0,21.0,14.6,5.0,3,68.0,0,18,13.0,5,1.24,9.0,11.0,-2.0,-0.4,-0.3,7.8,11.8,-4.0,-0.81,-0.17,Matches
528,529,Phillip Tietz,de GER,FW,Augsburg,26.0,1997.0,34,2382.0,70.0,77.8,26.5,31,74.0,4,3,30.0,0,1.15,41.0,45.0,-4.0,-0.15,0.65,33.9,42.5,-8.6,-0.33,0.03,Matches
529,530,Steffen Tigges,de GER,FW,Köln,25.0,1998.0,25,727.0,29.0,23.8,8.1,6,69.0,1,19,17.0,4,0.88,9.0,10.0,-1.0,-0.12,1.07,12.7,13.4,-0.8,-0.09,0.85,Matches
530,531,Umut Tohumcu,de GER,MF,Hoffenheim,18.0,2004.0,20,1011.0,51.0,33.0,11.2,12,67.0,2,8,26.0,6,1.4,22.0,17.0,5.0,0.45,0.66,18.0,17.2,0.8,0.07,0.42,Matches
531,532,Tiago Tomás,pt POR,FWMF,Wolfsburg,21.0,2002.0,26,1032.0,40.0,33.7,11.5,11,63.0,0,15,23.0,2,1.08,11.0,20.0,-9.0,-0.78,-0.52,12.5,18.2,-5.7,-0.5,-0.51,Matches
532,533,Fabio Torsiello,it ITA,FWDF,Darmstadt 98,18.0,2005.0,10,156.0,16.0,5.1,1.7,1,45.0,0,9,12.0,7,0.1,2.0,5.0,-3.0,-1.73,-0.09,1.2,5.1,-3.9,-2.27,-1.13,Matches
533,534,Lucas Tousart,fr FRA,MF,Union Berlin,26.0,1997.0,23,1572.0,68.0,51.4,17.5,18,80.0,10,5,28.0,3,0.83,11.0,28.0,-17.0,-0.97,-0.49,20.7,23.9,-3.2,-0.18,0.25,Matches
534,535,Omar Traoré,de GER,DF,Heidenheim,25.0,1998.0,31,2472.0,80.0,80.8,27.5,29,83.0,19,2,38.0,1,1.13,42.0,46.0,-4.0,-0.15,0.01,31.2,53.9,-22.7,-0.83,-0.87,Matches
535,536,Kevin Trapp,de GER,GK,Eint Frankfurt,33.0,1990.0,32,2880.0,90.0,94.1,32.0,32,90.0,32,0,,0,1.34,47.0,48.0,-1.0,-0.03,-1.03,41.3,49.2,-7.8,-0.24,-1.2,Matches
536,537,Christopher Trimmel,at AUT,DF,Union Berlin,36.0,1987.0,26,1646.0,63.0,53.8,18.3,19,79.0,8,7,20.0,6,0.88,15.0,33.0,-18.0,-0.98,-0.54,23.2,26.5,-3.3,-0.18,0.27,Matches
537,538,Tuta,br BRA,DF,Eint Frankfurt,24.0,1999.0,30,2600.0,87.0,85.0,28.9,30,87.0,22,0,,1,1.4,43.0,42.0,1.0,0.03,0.03,38.0,44.9,-6.9,-0.24,-0.43,Matches
538,539,Lukas Ullrich,de GER,DFFW,Gladbach,19.0,2004.0,4,47.0,12.0,1.5,0.5,0,,0,4,12.0,2,0.0,0.0,3.0,-3.0,-5.74,-5.51,0.6,0.8,-0.3,-0.52,-0.3,Matches
539,540,Sven Ulreich,de GER,GK,Bayern Munich,34.0,1988.0,11,990.0,90.0,32.4,11.0,11,90.0,11,0,,21,2.09,30.0,12.0,18.0,1.64,0.29,27.0,8.9,18.2,1.65,0.14,Matches
540,541,Deniz Undav,de GER,FWMF,Stuttgart,27.0,1996.0,30,2089.0,70.0,68.3,23.2,23,83.0,8,7,27.0,0,2.2,53.0,27.0,26.0,1.12,-0.08,50.2,28.5,21.8,0.94,-0.08,Matches
541,542,Dayot Upamecano,fr FRA,DF,Bayern Munich,24.0,1998.0,25,1762.0,70.0,57.6,19.6,19,82.0,14,6,34.0,3,1.92,42.0,28.0,14.0,0.72,-1.71,43.4,16.3,27.1,1.38,-0.42,Matches
542,543,Mark Uth,de GER,MFFW,Köln,31.0,1991.0,11,373.0,34.0,12.2,4.1,3,65.0,0,8,22.0,2,0.91,6.0,9.0,-3.0,-0.72,0.25,9.5,10.7,-1.2,-0.3,0.51,Matches
543,544,Josha Vagnoman,de GER,DF,Stuttgart,22.0,2000.0,18,1183.0,66.0,38.7,13.1,12,85.0,7,6,28.0,0,2.17,25.0,19.0,6.0,0.46,-1.13,25.2,14.9,10.3,0.79,-0.29,Matches
544,545,Ruben Vargas,ch SUI,MFFW,Augsburg,24.0,1998.0,31,1962.0,63.0,64.1,21.8,25,72.0,3,6,26.0,0,1.16,32.0,41.0,-9.0,-0.41,-0.33,27.0,35.6,-8.6,-0.4,-0.18,Matches
545,546,Miloš Veljković,rs SRB,DF,Werder Bremen,27.0,1995.0,23,1920.0,83.0,62.7,21.3,21,88.0,19,2,36.0,1,1.04,33.0,40.0,-7.0,-0.33,-0.41,27.8,38.9,-11.1,-0.52,-0.64,Matches
546,547,Yorbe Vertessen,be BEL,FWMF,Union Berlin,22.0,2001.0,13,593.0,46.0,19.4,6.6,7,60.0,0,6,28.0,2,1.0,7.0,10.0,-3.0,-0.46,0.35,8.1,8.6,-0.5,-0.07,0.29,Matches
547,548,Oscar Vilhelmsson,se SWE,FWMF,Darmstadt 98,19.0,2003.0,26,1374.0,53.0,44.9,15.3,16,73.0,5,10,21.0,2,0.31,12.0,37.0,-25.0,-1.64,0.02,15.3,31.2,-15.9,-1.04,0.29,Matches
548,549,Kevin Vogt,de GER,DF,Hoffenheim,31.0,1991.0,16,1319.0,82.0,43.1,14.7,14,88.0,13,2,42.0,0,1.5,32.0,27.0,5.0,0.34,0.6,25.9,24.8,1.1,0.07,0.5,Matches
549,550,Kevin Vogt,de GER,DF,Union Berlin,31.0,1991.0,16,1323.0,83.0,43.2,14.7,16,83.0,13,0,,0,0.88,8.0,22.0,-14.0,-0.95,-0.38,15.3,20.8,-5.6,-0.38,-0.13,Matches
550,551,Kevin Volland,de GER,FWMF,Union Berlin,31.0,1992.0,26,1345.0,52.0,44.0,14.9,17,68.0,3,9,22.0,1,1.12,13.0,22.0,-9.0,-0.6,0.24,17.2,20.9,-3.7,-0.25,0.1,Matches
551,552,Aster Vranckx,be BEL,MF,Wolfsburg,20.0,2002.0,24,1153.0,48.0,37.7,12.8,12,84.0,9,12,13.0,3,1.21,13.0,24.0,-11.0,-0.86,-0.67,12.6,20.6,-8.0,-0.62,-0.74,Matches
552,553,Simon Walde,de GER,DF,Gladbach,18.0,2005.0,0,,,,,0,,0,0,,3,,,,,,,,,,,,Matches
553,554,Luca Waldschmidt,de GER,MFFW,Köln,27.0,1996.0,22,1146.0,52.0,37.5,12.7,14,68.0,2,8,25.0,0,0.86,11.0,19.0,-8.0,-0.63,0.5,15.3,24.4,-9.1,-0.72,0.04,Matches
554,555,Kjell-Arik Wätjen,de GER,MFFW,Dortmund,17.0,2006.0,2,105.0,53.0,3.4,1.2,1,90.0,1,1,15.0,3,1.5,5.0,1.0,4.0,3.43,2.79,4.0,2.5,1.4,1.23,0.92,Matches
555,556,Wout Weghorst,nl NED,FW,Hoffenheim,30.0,1992.0,28,1977.0,71.0,64.6,22.0,24,79.0,12,4,20.0,1,1.57,40.0,37.0,3.0,0.14,0.39,33.5,36.5,-3.0,-0.14,0.21,Matches
556,557,Julian Weigl,de GER,MF,Gladbach,27.0,1995.0,31,2764.0,89.0,90.3,30.7,31,89.0,29,0,,0,0.97,53.0,63.0,-10.0,-0.33,-0.02,41.5,49.0,-7.4,-0.24,-0.13,Matches
557,558,Nelson Weiper,de GER,FWMF,Mainz 05,18.0,2005.0,5,124.0,25.0,4.1,1.4,1,69.0,0,4,14.0,2,1.0,1.0,3.0,-2.0,-1.45,-1.15,2.4,2.2,0.3,0.21,0.21,Matches
558,559,Mitchell Weiser,de GER,DFMF,Werder Bremen,29.0,1994.0,30,2636.0,88.0,86.1,29.3,30,88.0,26,0,,1,1.2,43.0,45.0,-2.0,-0.07,0.78,41.3,47.7,-6.4,-0.22,0.46,Matches
559,560,Noah Weißhaupt,de GER,DFFW,Freiburg,21.0,2001.0,24,759.0,32.0,24.8,8.4,6,82.0,3,18,15.0,3,1.04,13.0,16.0,-3.0,-0.36,0.04,15.3,14.8,0.5,0.06,0.13,Matches
560,561,Timo Werner,de GER,FWMF,RB Leipzig,27.0,1996.0,8,207.0,26.0,6.8,2.3,2,62.0,0,6,14.0,4,2.0,6.0,4.0,2.0,0.87,-0.27,4.8,3.3,1.5,0.64,-0.11,Matches
561,562,Silvan Widmer,ch SUI,DF,Mainz 05,30.0,1993.0,20,1242.0,62.0,40.6,13.8,13,82.0,4,7,26.0,5,1.25,16.0,19.0,-3.0,-0.22,0.23,19.7,18.7,0.9,0.07,0.11,Matches
562,563,Lasse Wilhelm,de GER,DF,Mainz 05,20.0,2003.0,0,,,,,0,,0,0,,4,,,,,,,,,,,,Matches
563,564,Patrick Wimmer,at AUT,FWMF,Wolfsburg,22.0,2001.0,14,589.0,42.0,19.2,6.5,8,61.0,0,6,17.0,4,1.36,14.0,8.0,6.0,0.92,1.68,8.3,5.7,2.6,0.4,0.69,Matches
564,565,Jonas Wind,dk DEN,FW,Wolfsburg,24.0,1999.0,34,2651.0,78.0,86.6,29.5,31,84.0,16,3,16.0,0,1.09,38.0,47.0,-9.0,-0.31,1.01,34.6,38.3,-3.8,-0.13,0.26,Matches
565,566,Frederik Winther,dk DEN,DF,Augsburg,22.0,2001.0,0,,,,,0,,0,0,,3,,,,,,,,,,,,Matches
566,567,Florian Wirtz,de GER,MF,Leverkusen,20.0,2003.0,32,2372.0,74.0,77.5,26.4,26,85.0,9,6,29.0,0,2.63,69.0,19.0,50.0,1.9,-0.07,55.3,22.7,32.7,1.24,-0.21,Matches
567,568,Maximilian Wittek,de GER,DFFW,Bochum,27.0,1995.0,21,1070.0,51.0,35.0,11.9,13,73.0,6,8,15.0,11,0.81,14.0,36.0,-22.0,-1.85,-1.4,14.6,26.5,-11.9,-1.01,-0.67,Matches
568,569,Maximilian Wöber,at AUT,DF,Gladbach,25.0,1998.0,25,2066.0,83.0,67.5,23.0,24,85.0,17,1,21.0,0,0.96,45.0,46.0,-1.0,-0.04,0.86,32.7,35.7,-3.0,-0.13,0.31,Matches
569,570,Marius Wolf,de GER,DF,Dortmund,28.0,1995.0,22,1166.0,53.0,38.1,13.0,12,82.0,9,10,19.0,10,1.95,30.0,22.0,8.0,0.62,-0.19,25.5,21.3,4.2,0.32,-0.03,Matches
570,571,Nick Woltemade,de GER,FWMF,Werder Bremen,21.0,2002.0,30,1189.0,40.0,38.9,13.2,12,73.0,1,18,18.0,3,1.37,20.0,17.0,3.0,0.23,0.66,20.9,20.9,0.0,0.0,0.46,Matches
571,572,Jeong Woo-yeong,kr KOR,MFFW,Stuttgart,23.0,1999.0,26,633.0,24.0,20.7,7.0,5,75.0,1,21,12.0,0,2.12,19.0,9.0,10.0,1.42,0.35,14.0,8.7,5.4,0.76,-0.25,Matches
572,573,Granit Xhaka,ch SUI,MF,Leverkusen,30.0,1992.0,33,2821.0,85.0,92.2,31.3,32,88.0,24,1,21.0,0,2.7,78.0,21.0,57.0,1.82,-1.19,65.2,26.9,38.3,1.22,-0.84,Matches
573,574,Dan-Axel Zagadou,fr FRA,DF,Stuttgart,24.0,1999.0,19,1453.0,76.0,47.5,16.1,16,88.0,14,3,13.0,0,1.95,37.0,22.0,15.0,0.93,-0.42,34.7,16.7,18.0,1.12,0.29,Matches
574,575,Bryan Zaragoza,es ESP,FWMF,Bayern Munich,22.0,2001.0,7,183.0,26.0,6.0,2.0,1,74.0,0,6,18.0,6,1.29,4.0,6.0,-2.0,-0.98,-2.58,3.7,3.0,0.7,0.34,-1.3,Matches
575,576,Robin Zentner,de GER,GK,Mainz 05,28.0,1994.0,30,2700.0,90.0,88.2,30.0,30,90.0,30,0,,0,1.1,38.0,48.0,-10.0,-0.33,0.17,38.4,41.5,-3.2,-0.11,-0.94,Matches
576,577,Cedric Zesiger,ch SUI,DF,Wolfsburg,25.0,1998.0,23,1634.0,71.0,53.4,18.2,18,84.0,14,5,24.0,10,1.35,20.0,32.0,-12.0,-0.66,-0.47,22.4,27.4,-5.0,-0.27,-0.24,Matches
577,578,Michael Zetterer,de GER,GK,Werder Bremen,28.0,1995.0,27,2430.0,90.0,79.4,27.0,27,90.0,27,0,,7,1.33,36.0,37.0,-1.0,-0.04,0.68,35.1,43.0,-7.9,-0.29,-0.05,Matches
578,579,Christoph Zimmermann,de GER,DF,Darmstadt 98,30.0,1993.0,19,1220.0,64.0,39.9,13.6,12,81.0,8,7,35.0,5,0.42,8.0,34.0,-26.0,-1.92,-0.45,10.7,29.2,-18.4,-1.36,-0.27,Matches
579,580,Leopold Zingerle,de GER,GK,RB Leipzig,29.0,1994.0,0,,,,,0,,0,0,,10,,,,,,,,,,,,Matches
580,581,Simon Zoller,de GER,FWMF,Bochum,32.0,1991.0,1,45.0,45.0,1.5,0.5,0,,0,1,45.0,0,0.0,0.0,3.0,-3.0,-6.0,-5.13,0.2,1.8,-1.6,-3.14,-2.61,Matches
581,582,Lovro Zvonarek,hr CRO,FWMF,Bayern Munich,18.0,2005.0,5,163.0,33.0,5.3,1.8,1,89.0,0,4,19.0,9,2.4,2.0,4.0,-2.0,-1.1,-2.69,1.1,1.8,-0.8,-0.42,-2.09,Matches
582,583,Marcel Łubik,pl POL,GK,Augsburg,19.0,2004.0,0,,,,,0,,0,0,,3,,,,,,,,,,,,Matches
