,_Rk,_Player,_Nation,_Pos,_Squad,_Age,_Born,_90s,_Att,PassTypes_Live,PassTypes_Dead,PassTypes_FK,PassTypes_TB,PassTypes_Sw,PassTypes_Crs,PassTypes_TI,PassTypes_CK,CornerKicks_In,CornerKicks_Out,CornerKicks_Str,Outcomes_Cmp,Outcomes_Off,Outcomes_Blocks,Matches
0,1,Abner,br BRA,DF,Betis,22,2000,6.7,351.0,275.0,75.0,1.0,0.0,2.0,13,74.0,0.0,0.0,0.0,0.0,252.0,1.0,15.0,Matches
1,2,Álvaro Aceves,es ESP,GK,Valladolid,19,2003,0.1,8.0,7.0,1.0,0.0,0.0,0.0,0,0.0,0.0,0.0,0.0,0.0,7.0,0.0,0.0,Matches
2,3,Marcos Acuña,ar ARG,DF,Sevilla,30,1991,21.2,1307.0,1048.0,257.0,49.0,3.0,14.0,147,174.0,34.0,7.0,22.0,0.0,970.0,2.0,25.0,Matches
3,4,Julen Agirrezabala,es ESP,GK,Athletic Club,21,2000,7.5,241.0,169.0,72.0,10.0,0.0,0.0,0,0.0,0.0,0.0,0.0,0.0,171.0,0.0,0.0,Matches
4,5,Álvaro Aguado,es ESP,MF,Valladolid,26,1996,21.0,1142.0,1040.0,95.0,50.0,3.0,39.0,57,5.0,35.0,3.0,24.0,0.0,930.0,7.0,17.0,Matches
5,6,Joseph Aidoo,gh GHA,DF,Celta Vigo,26,1995,34.7,1766.0,1710.0,51.0,42.0,0.0,5.0,2,8.0,0.0,0.0,0.0,0.0,1525.0,5.0,13.0,Matches
6,7,Sergio Akieme,es ESP,DF,Almería,24,1997,25.5,1061.0,824.0,230.0,25.0,3.0,13.0,70,205.0,0.0,0.0,0.0,0.0,821.0,7.0,20.0,Matches
7,8,Babatunde Akinsola,ng NGA,FW,Valladolid,19,2003,0.1,2.0,2.0,0.0,0.0,0.0,0.0,0,0.0,0.0,0.0,0.0,0.0,2.0,0.0,0.0,Matches
8,9,Paul Akouokou,ci CIV,MFDF,Betis,24,1997,5.0,174.0,168.0,4.0,2.0,1.0,2.0,0,2.0,0.0,0.0,0.0,0.0,160.0,2.0,3.0,Matches
9,10,David Alaba,at AUT,DF,Real Madrid,30,1992,20.4,1189.0,1082.0,98.0,45.0,4.0,3.0,26,46.0,3.0,3.0,0.0,0.0,1042.0,9.0,11.0,Matches
10,11,Ángel Alarcón,es ESP,FW,Barcelona,18,2004,0.3,,,,,,,1,,,,,,,,,Matches
11,12,Tomás Alarcón,cl CHI,MF,Cádiz,23,1999,2.5,95.0,88.0,7.0,5.0,1.0,3.0,6,0.0,2.0,1.0,1.0,0.0,78.0,0.0,0.0,Matches
12,13,Jordi Alba,es ESP,DF,Barcelona,33,1989,15.8,1460.0,1277.0,178.0,40.0,4.0,8.0,91,137.0,1.0,0.0,0.0,0.0,1217.0,5.0,24.0,Matches
13,14,Raúl Albiol,es ESP,DF,Villarreal,36,1985,23.5,1472.0,1428.0,42.0,34.0,0.0,15.0,1,0.0,0.0,0.0,0.0,0.0,1303.0,2.0,7.0,Matches
14,15,Rubén Alcaraz,es ESP,MF,Cádiz,31,1991,22.7,1046.0,978.0,63.0,44.0,6.0,27.0,44,0.0,15.0,9.0,2.0,2.0,827.0,5.0,17.0,Matches
15,16,Omar Alderete,py PAR,DF,Getafe,25,1996,22.7,877.0,826.0,37.0,30.0,1.0,25.0,7,7.0,0.0,0.0,0.0,0.0,509.0,14.0,13.0,Matches
16,17,Iván Alejo,es ESP,MFFW,Cádiz,27,1995,14.6,392.0,365.0,25.0,5.0,1.0,0.0,108,13.0,7.0,2.0,4.0,0.0,219.0,2.0,26.0,Matches
17,18,Carles Aleñá,es ESP,MFFW,Getafe,24,1998,23.5,809.0,782.0,21.0,8.0,3.0,10.0,43,2.0,9.0,5.0,4.0,0.0,607.0,6.0,18.0,Matches
18,19,Alejandro Alfaro,es ESP,MF,Elche,20,2002,0.2,1.0,1.0,0.0,0.0,0.0,0.0,0,0.0,0.0,0.0,0.0,0.0,1.0,0.0,0.0,Matches
19,20,Ángel Algobia,es ESP,MF,Getafe,23,1999,12.6,521.0,502.0,17.0,15.0,0.0,5.0,11,0.0,1.0,1.0,0.0,0.0,420.0,2.0,8.0,Matches
20,21,Mohamed Ali Cho,fr FRA,FWMF,Real Sociedad,18,2004,6.5,165.0,158.0,6.0,0.0,0.0,0.0,30,0.0,2.0,1.0,1.0,0.0,108.0,1.0,6.0,Matches
21,22,Domingos André Ribeiro Almeida,pt POR,MF,Valencia,22,2000,28.2,1402.0,1226.0,164.0,72.0,7.0,12.0,127,13.0,63.0,22.0,17.0,0.0,1110.0,12.0,18.0,Matches
22,23,Marcos Alonso,es ESP,DF,Barcelona,31,1990,13.0,1005.0,956.0,47.0,16.0,1.0,11.0,23,16.0,12.0,6.0,4.0,0.0,896.0,2.0,8.0,Matches
23,24,Carlos Álvarez,es ESP,MF,Sevilla,18,2003,0.1,4.0,4.0,0.0,0.0,0.0,0.0,0,0.0,0.0,0.0,0.0,0.0,4.0,0.0,0.0,Matches
24,25,Gastón Álvarez,uy URU,DF,Getafe,22,2000,16.7,579.0,431.0,147.0,6.0,0.0,2.0,23,141.0,0.0,0.0,0.0,0.0,350.0,1.0,16.0,Matches
25,26,Yeray Álvarez,es ESP,DF,Athletic Club,27,1995,25.9,1392.0,1308.0,80.0,72.0,5.0,35.0,9,2.0,0.0,0.0,0.0,0.0,1123.0,4.0,12.0,Matches
26,27,Selim Amallah,ma MAR,MFFW,Valladolid,25,1996,3.0,83.0,80.0,3.0,0.0,0.0,1.0,2,2.0,0.0,0.0,0.0,0.0,63.0,0.0,1.0,Matches
27,28,Amath,sn SEN,MFFW,Mallorca,26,1996,13.6,299.0,278.0,20.0,1.0,1.0,1.0,16,8.0,0.0,0.0,0.0,0.0,215.0,1.0,16.0,Matches
28,29,Jordan Amavi,fr FRA,DF,Getafe,28,1994,2.2,96.0,69.0,27.0,1.0,0.0,0.0,6,26.0,0.0,0.0,0.0,0.0,51.0,0.0,5.0,Matches
29,30,Marcos André,br BRA,FWMF,Valencia,25,1996,5.0,64.0,58.0,6.0,0.0,1.0,1.0,1,0.0,0.0,0.0,0.0,0.0,43.0,0.0,1.0,Matches
30,31,Fabrizio Angileri,ar ARG,DF,Getafe,28,1994,6.5,260.0,190.0,70.0,3.0,0.0,2.0,12,67.0,0.0,0.0,0.0,0.0,153.0,0.0,13.0,Matches
31,32,Josep Antoni Gayá,es ESP,DFMF,Mallorca,22,2000,1.1,7.0,7.0,0.0,0.0,0.0,0.0,0,0.0,0.0,0.0,0.0,0.0,6.0,0.0,0.0,Matches
32,33,José Antonio,es ESP,MFDF,Cádiz,18,2004,0.5,10.0,9.0,1.0,1.0,0.0,0.0,1,0.0,0.0,0.0,0.0,0.0,8.0,0.0,1.0,Matches
33,34,Anuar,ma MAR,MFFW,Valladolid,27,1995,2.3,40.0,39.0,1.0,0.0,0.0,0.0,1,1.0,0.0,0.0,0.0,0.0,30.0,0.0,4.0,Matches
34,35,Mauro Arambarri,uy URU,MF,Getafe,26,1995,11.0,421.0,355.0,66.0,44.0,0.0,6.0,42,0.0,22.0,14.0,7.0,1.0,326.0,0.0,7.0,Matches
35,36,Ronald Araújo,uy URU,DF,Barcelona,23,1999,20.0,1287.0,1207.0,75.0,41.0,2.0,19.0,5,25.0,0.0,0.0,0.0,0.0,1139.0,5.0,6.0,Matches
36,37,Adu Ares,es ESP,FWMF,Athletic Club,20,2001,0.9,51.0,49.0,2.0,0.0,0.0,1.0,8,1.0,1.0,0.0,0.0,0.0,42.0,0.0,1.0,Matches
37,38,Sergio Arribas,es ESP,MFFW,Real Madrid,20,2001,0.2,11.0,9.0,2.0,0.0,0.0,0.0,1,0.0,2.0,1.0,0.0,0.0,9.0,0.0,0.0,Matches
38,39,Roberto Arroyo,es ESP,MF,Valladolid,18,2003,0.2,5.0,5.0,0.0,0.0,0.0,1.0,1,0.0,0.0,0.0,0.0,0.0,0.0,0.0,2.0,Matches
39,40,Ricard Artero,es ESP,MFFW,Girona,19,2003,1.5,47.0,47.0,0.0,0.0,0.0,0.0,0,0.0,0.0,0.0,0.0,0.0,37.0,0.0,3.0,Matches
40,41,Santiago Arzamendia,py PAR,DFMF,Cádiz,24,1998,5.4,226.0,188.0,35.0,7.0,0.0,3.0,14,26.0,2.0,1.0,1.0,0.0,150.0,3.0,16.0,Matches
41,42,Sergio Asenjo,es ESP,GK,Valladolid,33,1989,10.0,353.0,234.0,118.0,26.0,0.0,2.0,0,0.0,0.0,0.0,0.0,0.0,233.0,1.0,1.0,Matches
42,43,Marco Asensio,es ESP,FWMF,Real Madrid,26,1996,16.0,802.0,722.0,76.0,18.0,5.0,7.0,82,8.0,48.0,25.0,7.0,0.0,650.0,4.0,28.0,Matches
43,44,Iago Aspas,es ESP,FW,Celta Vigo,34,1987,31.9,1227.0,1146.0,75.0,23.0,15.0,15.0,45,11.0,23.0,8.0,6.0,0.0,936.0,6.0,33.0,Matches
44,45,Pierre-Emerick Aubameyang,ga GAB,FW,Barcelona,33,1989,0.1,3.0,3.0,0.0,0.0,0.0,0.0,0,0.0,0.0,0.0,0.0,0.0,3.0,0.0,0.0,Matches
45,46,Ludwig Augustinsson,se SWE,DF,Mallorca,28,1994,1.5,70.0,60.0,10.0,0.0,0.0,0.0,6,10.0,0.0,0.0,0.0,0.0,49.0,0.0,0.0,Matches
46,47,Ezequiel Ávila,ar ARG,FWMF,Osasuna,28,1994,19.0,526.0,478.0,43.0,10.0,2.0,24.0,81,8.0,15.0,6.0,7.0,0.0,287.0,5.0,21.0,Matches
47,48,Iddrisu Baba,gh GHA,MFDF,Mallorca,26,1996,18.9,584.0,571.0,10.0,9.0,1.0,7.0,0,1.0,0.0,0.0,0.0,0.0,476.0,3.0,9.0,Matches
48,49,Srđan Babić,rs SRB,DF,Almería,26,1996,33.3,1373.0,1295.0,71.0,65.0,1.0,12.0,2,5.0,0.0,0.0,0.0,0.0,1172.0,7.0,9.0,Matches
49,50,Loïc Bade,fr FRA,DF,Sevilla,22,2000,16.1,847.0,829.0,15.0,12.0,0.0,0.0,4,2.0,0.0,0.0,0.0,0.0,735.0,3.0,9.0,Matches
50,51,Édgar Badía,es ESP,GK,Elche,30,1992,36.0,1072.0,666.0,402.0,106.0,0.0,1.0,0,0.0,0.0,0.0,0.0,0.0,791.0,4.0,0.0,Matches
51,52,Alex Baena,es ESP,MFFW,Villarreal,21,2001,21.6,859.0,831.0,23.0,8.0,21.0,3.0,26,2.0,8.0,6.0,0.0,0.0,681.0,5.0,30.0,Matches
52,53,Alejandro Balde,es ESP,DF,Barcelona,18,2003,27.5,1670.0,1444.0,217.0,32.0,0.0,5.0,67,185.0,0.0,0.0,0.0,0.0,1482.0,9.0,19.0,Matches
53,54,Mikel Balenziaga,es ESP,DF,Athletic Club,34,1988,1.3,69.0,57.0,11.0,0.0,0.0,0.0,3,11.0,0.0,0.0,0.0,0.0,49.0,1.0,0.0,Matches
54,55,Iván Balliu,al ALB,DF,Rayo Vallecano,30,1992,35.9,1850.0,1406.0,430.0,24.0,1.0,2.0,105,406.0,0.0,0.0,0.0,0.0,1422.0,14.0,46.0,Matches
55,56,Léo Baptistão,br BRA,FWMF,Almería,29,1992,19.2,540.0,526.0,11.0,2.0,6.0,7.0,18,8.0,0.0,0.0,0.0,0.0,359.0,3.0,25.0,Matches
56,57,Keidi Bare,al ALB,MF,Espanyol,24,1997,5.6,267.0,260.0,7.0,3.0,0.0,2.0,6,0.0,1.0,1.0,0.0,0.0,221.0,0.0,6.0,Matches
57,58,Kike Barja,es ESP,FWMF,Osasuna,25,1997,14.6,487.0,458.0,28.0,2.0,2.0,2.0,110,12.0,13.0,5.0,5.0,0.0,316.0,1.0,21.0,Matches
58,59,Ander Barrenetxea,es ESP,FWDF,Real Sociedad,20,2001,9.8,376.0,343.0,32.0,5.0,1.0,1.0,13,25.0,2.0,0.0,0.0,0.0,288.0,1.0,19.0,Matches
59,60,Pablo Barrios,es ESP,MF,Atlético Madrid,19,2003,8.0,450.0,438.0,9.0,7.0,1.0,5.0,6,2.0,0.0,0.0,0.0,0.0,368.0,3.0,12.0,Matches
60,61,Rodrigo Battaglia,ar ARG,MF,Mallorca,31,1991,7.6,232.0,224.0,6.0,6.0,0.0,2.0,1,0.0,0.0,0.0,0.0,0.0,185.0,2.0,4.0,Matches
61,62,Bebé,cv CPV,FW,Rayo Vallecano,32,1990,0.7,38.0,26.0,11.0,6.0,0.0,2.0,16,2.0,3.0,2.0,0.0,0.0,21.0,1.0,2.0,Matches
62,63,Héctor Bellerín,es ESP,DF,Barcelona,27,1995,1.6,96.0,82.0,13.0,1.0,1.0,0.0,3,12.0,0.0,0.0,0.0,0.0,77.0,1.0,3.0,Matches
63,64,Fran Beltrán,es ESP,MF,Celta Vigo,23,1999,31.7,1816.0,1667.0,147.0,88.0,0.0,12.0,51,8.0,38.0,18.0,14.0,1.0,1604.0,2.0,19.0,Matches
64,65,Iker Benito,es ESP,FWMF,Osasuna,19,2002,2.0,42.0,41.0,1.0,0.0,0.0,1.0,6,1.0,0.0,0.0,0.0,0.0,31.0,0.0,1.0,Matches
65,66,Karim Benzema,fr FRA,FW,Real Madrid,34,1987,22.6,1070.0,1012.0,52.0,4.0,9.0,7.0,3,4.0,9.0,0.0,0.0,0.0,924.0,6.0,25.0,Matches
66,67,Yuri Berchiche,es ESP,DF,Athletic Club,32,1990,26.7,1580.0,1263.0,311.0,44.0,2.0,22.0,66,267.0,0.0,0.0,0.0,0.0,1304.0,6.0,34.0,Matches
67,68,Álex Berenguer,es ESP,FW,Athletic Club,27,1995,25.5,955.0,792.0,151.0,35.0,0.0,2.0,162,15.0,100.0,36.0,32.0,1.0,630.0,12.0,31.0,Matches
68,69,Pedro Bigas,es ESP,DF,Elche,31,1990,22.4,1053.0,976.0,68.0,52.0,0.0,18.0,5,13.0,0.0,0.0,0.0,0.0,843.0,9.0,10.0,Matches
69,70,El Bilal Touré,ml MLI,FW,Almería,20,2001,14.0,258.0,231.0,25.0,0.0,0.0,0.0,4,0.0,0.0,0.0,0.0,0.0,183.0,2.0,8.0,Matches
70,71,Antonio Blanco,es ESP,MF,Cádiz,22,2000,1.8,61.0,61.0,0.0,0.0,0.0,1.0,0,0.0,0.0,0.0,0.0,0.0,57.0,0.0,0.0,Matches
71,72,Lautaro Blanco,ar ARG,DFMF,Elche,23,1999,9.7,416.0,331.0,83.0,2.0,0.0,3.0,86,80.0,1.0,0.0,0.0,1.0,235.0,2.0,17.0,Matches
72,73,Theo Bongonda,cd COD,MFFW,Cádiz,26,1995,21.5,489.0,437.0,48.0,17.0,2.0,2.0,68,7.0,24.0,11.0,3.0,0.0,329.0,4.0,18.0,Matches
73,74,Yassine Bounou,ma MAR,GK,Sevilla,31,1991,23.9,949.0,735.0,212.0,50.0,0.0,2.0,0,0.0,0.0,0.0,0.0,0.0,717.0,2.0,0.0,Matches
74,75,Lucas Boyé,ar ARG,FW,Elche,26,1996,27.4,650.0,591.0,55.0,1.0,2.0,7.0,15,0.0,0.0,0.0,0.0,0.0,510.0,4.0,30.0,Matches
75,76,Martin Braithwaite,dk DEN,FWMF,Espanyol,31,1991,27.3,446.0,427.0,17.0,0.0,3.0,2.0,20,0.0,0.0,0.0,0.0,0.0,294.0,2.0,21.0,Matches
76,77,Juan Brandáriz,es ESP,DF,Almería,23,1999,16.5,806.0,697.0,107.0,28.0,0.0,3.0,8,75.0,0.0,0.0,0.0,0.0,664.0,2.0,14.0,Matches
77,78,Darko Brašanac,rs SRB,MF,Osasuna,30,1992,11.6,376.0,351.0,23.0,8.0,0.0,0.0,7,2.0,0.0,0.0,0.0,0.0,306.0,2.0,10.0,Matches
78,79,Claudio Bravo,cl CHI,GK,Betis,39,1983,12.0,392.0,241.0,148.0,47.0,0.0,2.0,0,0.0,0.0,0.0,0.0,0.0,232.0,3.0,0.0,Matches
79,80,Ante Budimir,hr CRO,FW,Osasuna,31,1991,20.0,315.0,300.0,15.0,0.0,1.0,0.0,3,2.0,0.0,0.0,0.0,0.0,194.0,0.0,7.0,Matches
80,81,Santiago Bueno,uy URU,DF,Girona,23,1998,33.4,1823.0,1732.0,87.0,70.0,1.0,25.0,4,17.0,0.0,0.0,0.0,0.0,1576.0,4.0,15.0,Matches
81,82,Sergio Busquets,es ESP,MF,Barcelona,34,1988,26.0,1949.0,1870.0,74.0,71.0,15.0,5.0,7,3.0,0.0,0.0,0.0,0.0,1722.0,5.0,17.0,Matches
82,83,Leandro Cabrera,uy URU,DF,Espanyol,31,1991,29.7,1343.0,1183.0,147.0,64.0,1.0,10.0,14,83.0,0.0,0.0,0.0,0.0,959.0,13.0,12.0,Matches
83,84,Cala,es ESP,DF,Cádiz,32,1989,1.5,38.0,33.0,5.0,5.0,0.0,2.0,0,0.0,0.0,0.0,0.0,0.0,30.0,0.0,0.0,Matches
84,85,Fernando Calero,es ESP,DFMF,Espanyol,26,1995,17.9,765.0,691.0,72.0,29.0,0.0,11.0,4,41.0,0.0,0.0,0.0,0.0,617.0,2.0,5.0,Matches
85,86,Alexander Callens,pe PER,DF,Girona,30,1992,1.3,93.0,81.0,12.0,2.0,0.0,0.0,0,10.0,0.0,0.0,0.0,0.0,78.0,0.0,0.0,Matches
86,87,Eduardo Camavinga,fr FRA,MFDF,Real Madrid,19,2002,22.3,1504.0,1389.0,107.0,34.0,4.0,6.0,6,73.0,0.0,0.0,0.0,0.0,1364.0,8.0,15.0,Matches
87,88,Sergio Camello,es ESP,FW,Rayo Vallecano,21,2001,26.7,523.0,475.0,46.0,2.0,1.0,0.0,4,4.0,0.0,0.0,0.0,0.0,408.0,2.0,10.0,Matches
88,89,Sergio Canales,es ESP,FWMF,Betis,31,1991,26.7,1474.0,1324.0,134.0,51.0,13.0,14.0,135,7.0,72.0,24.0,36.0,1.0,1116.0,16.0,53.0,Matches
89,90,Ander Capa,es ESP,DF,Athletic Club,30,1992,1.2,91.0,67.0,22.0,1.0,0.0,1.0,4,21.0,0.0,0.0,0.0,0.0,74.0,2.0,0.0,Matches
90,91,Étienne Capoue,fr FRA,MF,Villarreal,34,1988,21.7,1043.0,1016.0,27.0,23.0,6.0,6.0,9,3.0,0.0,0.0,0.0,0.0,915.0,0.0,15.0,Matches
91,92,Isaac Carcelen,es ESP,DF,Cádiz,29,1993,24.4,961.0,755.0,204.0,37.0,0.0,7.0,73,143.0,24.0,5.0,15.0,0.0,747.0,2.0,17.0,Matches
92,93,Juan Carlos,es ESP,GK,Girona,34,1988,10.0,340.0,265.0,75.0,13.0,0.0,0.0,0,0.0,0.0,0.0,0.0,0.0,288.0,0.0,0.0,Matches
93,94,José Carlos Lazo,es ESP,MFFW,Almería,26,1996,0.2,4.0,4.0,0.0,0.0,0.0,0.0,0,0.0,0.0,0.0,0.0,0.0,3.0,0.0,0.0,Matches
94,95,José Carlos Lazo,es ESP,MFFW,Espanyol,26,1996,1.8,35.0,31.0,3.0,0.0,0.0,0.0,4,1.0,2.0,0.0,0.0,0.0,25.0,1.0,2.0,Matches
95,96,Carmona,es ESP,MFDF,Elche,20,2002,6.5,186.0,157.0,28.0,2.0,0.0,1.0,12,26.0,0.0,0.0,0.0,0.0,129.0,1.0,9.0,Matches
96,97,Carmona,es ESP,DF,Sevilla,20,2002,5.9,330.0,297.0,32.0,7.0,0.0,2.0,11,24.0,0.0,0.0,0.0,0.0,269.0,1.0,3.0,Matches
97,98,Yannick Carrasco,be BEL,DFMF,Atlético Madrid,28,1993,25.7,1091.0,929.0,156.0,27.0,4.0,7.0,107,66.0,63.0,37.0,9.0,0.0,863.0,6.0,31.0,Matches
98,99,Dani Carvajal,es ESP,DF,Real Madrid,30,1992,19.8,1333.0,1185.0,146.0,15.0,2.0,10.0,49,131.0,0.0,0.0,0.0,0.0,1133.0,2.0,27.0,Matches
99,100,William Carvalho,pt POR,MF,Betis,30,1992,27.1,1745.0,1696.0,43.0,42.0,13.0,19.0,5,1.0,0.0,0.0,0.0,0.0,1510.0,6.0,20.0,Matches
100,101,Casemiro,br BRA,MF,Real Madrid,30,1992,0.1,8.0,8.0,0.0,0.0,0.0,1.0,0,0.0,0.0,0.0,0.0,0.0,7.0,0.0,0.0,Matches
101,102,Valentín Castellanos,ar ARG,FW,Girona,23,1998,28.9,397.0,352.0,41.0,0.0,4.0,1.0,10,1.0,0.0,0.0,0.0,0.0,244.0,4.0,19.0,Matches
102,103,Samu Castillejo,es ESP,FWMF,Valencia,27,1995,15.1,622.0,551.0,68.0,19.0,2.0,6.0,87,8.0,40.0,21.0,10.0,0.0,474.0,3.0,15.0,Matches
103,104,Catena,es ESP,DF,Rayo Vallecano,27,1994,34.5,1825.0,1719.0,97.0,92.0,2.0,49.0,1,3.0,0.0,0.0,0.0,0.0,1505.0,9.0,7.0,Matches
104,105,Edinson Cavani,uy URU,FW,Valencia,35,1987,16.1,354.0,325.0,26.0,0.0,4.0,4.0,3,0.0,0.0,0.0,0.0,0.0,263.0,3.0,7.0,Matches
105,106,Dani Ceballos,es ESP,MF,Real Madrid,25,1996,17.4,1504.0,1437.0,57.0,26.0,6.0,26.0,16,20.0,9.0,2.0,2.0,0.0,1362.0,10.0,25.0,Matches
106,107,Álex Centelles,es ESP,DF,Almería,24,1997,12.5,577.0,446.0,130.0,24.0,0.0,4.0,46,106.0,0.0,0.0,0.0,0.0,412.0,1.0,20.0,Matches
107,108,Franco Cervi,ar ARG,MFDF,Celta Vigo,28,1994,21.0,874.0,771.0,99.0,12.0,1.0,1.0,113,43.0,44.0,9.0,27.0,0.0,620.0,4.0,30.0,Matches
108,109,Pep Chavarría,es ESP,FWMF,Rayo Vallecano,24,1998,4.1,178.0,155.0,22.0,0.0,1.0,3.0,13,19.0,2.0,0.0,1.0,0.0,126.0,1.0,12.0,Matches
109,110,Pape Cheikh Diop,sn SEN,MF,Elche,24,1997,0.4,19.0,19.0,0.0,0.0,1.0,0.0,0,0.0,0.0,0.0,0.0,0.0,14.0,0.0,0.0,Matches
110,111,Andreas Christensen,dk DEN,DF,Barcelona,26,1996,19.6,1507.0,1445.0,62.0,48.0,3.0,14.0,1,10.0,0.0,0.0,0.0,0.0,1416.0,0.0,7.0,Matches
111,112,Samuel Chukwueze,ng NGA,FWMF,Villarreal,23,1999,26.0,908.0,873.0,30.0,3.0,9.0,4.0,28,15.0,12.0,3.0,0.0,0.0,697.0,5.0,32.0,Matches
112,113,Víctor Chust,es ESP,DF,Cádiz,22,2000,10.7,440.0,412.0,25.0,23.0,0.0,5.0,0,2.0,0.0,0.0,0.0,0.0,364.0,3.0,5.0,Matches
113,114,Pathé Ciss,sn SEN,MFDF,Rayo Vallecano,28,1994,14.2,700.0,676.0,21.0,20.0,0.0,15.0,3,1.0,0.0,0.0,0.0,0.0,575.0,3.0,12.0,Matches
114,115,Carlos Clerc,es ESP,DFMF,Elche,30,1992,29.3,1397.0,1124.0,267.0,30.0,1.0,8.0,89,234.0,3.0,0.0,3.0,0.0,1040.0,6.0,36.0,Matches
115,116,Álex Collado,es ESP,MF,Elche,23,1999,8.1,336.0,317.0,19.0,3.0,1.0,5.0,18,4.0,12.0,7.0,1.0,0.0,276.0,0.0,13.0,Matches
116,117,Diego Collado,es ESP,FW,Villarreal,21,2001,0.1,7.0,7.0,0.0,0.0,0.0,0.0,2,0.0,0.0,0.0,0.0,0.0,5.0,0.0,1.0,Matches
117,118,Eray Cömert,ch SUI,DF,Valencia,24,1998,18.6,945.0,890.0,53.0,44.0,0.0,24.0,1,0.0,0.0,0.0,0.0,0.0,815.0,2.0,6.0,Matches
118,119,Santi Comesaña,es ESP,MF,Rayo Vallecano,25,1996,27.2,1240.0,1199.0,37.0,31.0,0.0,10.0,17,2.0,0.0,0.0,0.0,0.0,1024.0,4.0,24.0,Matches
119,120,Copete,es ESP,DF,Mallorca,22,1999,24.5,880.0,829.0,43.0,36.0,0.0,14.0,9,7.0,0.0,0.0,0.0,0.0,668.0,8.0,21.0,Matches
120,121,Francis Coquelin,fr FRA,MF,Villarreal,31,1991,8.3,311.0,300.0,7.0,7.0,1.0,3.0,5,0.0,0.0,0.0,0.0,0.0,265.0,4.0,5.0,Matches
121,122,Jesús Corona,mx MEX,FW,Sevilla,29,1993,1.2,42.0,40.0,2.0,1.0,0.0,1.0,3,1.0,0.0,0.0,0.0,0.0,33.0,0.0,2.0,Matches
122,123,Ángel Correa,ar ARG,FWMF,Atlético Madrid,27,1995,16.2,520.0,493.0,23.0,2.0,2.0,5.0,22,2.0,9.0,1.0,5.0,0.0,406.0,4.0,16.0,Matches
123,124,Thierry Correia,pt POR,DF,Valencia,23,1999,22.3,1363.0,1136.0,224.0,28.0,1.0,7.0,87,196.0,0.0,0.0,0.0,0.0,1047.0,3.0,34.0,Matches
124,125,Jaume Costa,es ESP,DF,Mallorca,34,1988,28.9,1165.0,946.0,210.0,12.0,0.0,9.0,75,198.0,0.0,0.0,0.0,0.0,854.0,9.0,31.0,Matches
125,126,Samu Costa,pt POR,MF,Almería,21,2000,22.1,1097.0,1048.0,41.0,37.0,4.0,12.0,8,4.0,0.0,0.0,0.0,0.0,864.0,8.0,28.0,Matches
126,127,Thibaut Courtois,be BEL,GK,Real Madrid,30,1992,31.0,1136.0,942.0,192.0,40.0,0.0,3.0,0,0.0,0.0,0.0,0.0,0.0,980.0,2.0,1.0,Matches
127,128,Yan Couto,br BRA,DFMF,Girona,20,2002,12.9,598.0,525.0,72.0,5.0,0.0,5.0,63,66.0,1.0,1.0,0.0,0.0,444.0,1.0,17.0,Matches
128,129,Juan Cruz Armada,es ESP,DF,Osasuna,30,1992,22.9,985.0,791.0,188.0,16.0,0.0,1.0,35,168.0,0.0,0.0,0.0,0.0,746.0,6.0,21.0,Matches
129,130,Juan Cruz,es ESP,FW,Betis,22,2000,2.0,39.0,38.0,1.0,1.0,0.0,0.0,6,0.0,0.0,0.0,0.0,0.0,25.0,0.0,2.0,Matches
130,131,Jorge Cuenca,es ESP,DF,Villarreal,22,1999,5.6,384.0,366.0,17.0,9.0,1.0,7.0,1,2.0,0.0,0.0,0.0,0.0,334.0,1.0,3.0,Matches
131,132,Braian Cufré,ar ARG,DF,Mallorca,25,1996,2.4,92.0,67.0,24.0,1.0,0.0,1.0,1,23.0,0.0,0.0,0.0,0.0,76.0,1.0,2.0,Matches
132,133,Matheus Cunha,br BRA,FWMF,Atlético Madrid,23,1999,4.2,85.0,77.0,6.0,0.0,1.0,1.0,3,1.0,0.0,0.0,0.0,0.0,64.0,2.0,3.0,Matches
133,134,Curro,es ESP,MF,Almería,26,1996,0.5,28.0,24.0,3.0,1.0,0.0,0.0,1,0.0,2.0,0.0,1.0,0.0,21.0,1.0,1.0,Matches
134,135,Arnaut Danjuma,nl NED,FW,Villarreal,25,1997,5.3,95.0,83.0,12.0,1.0,0.0,0.0,6,2.0,2.0,0.0,0.0,0.0,70.0,0.0,1.0,Matches
135,136,Sergi Darder,es ESP,MF,Espanyol,28,1993,36.9,1628.0,1381.0,237.0,109.0,14.0,19.0,181,11.0,93.0,39.0,37.0,3.0,1181.0,10.0,40.0,Matches
136,137,Rodrigo De Paul,ar ARG,MF,Atlético Madrid,28,1994,21.4,1421.0,1335.0,74.0,47.0,17.0,32.0,47,15.0,8.0,2.0,4.0,0.0,1160.0,12.0,27.0,Matches
137,138,Alberto Del Moral,es ESP,MF,Villarreal,22,2000,0.1,1.0,1.0,0.0,0.0,0.0,0.0,0,0.0,0.0,0.0,0.0,0.0,0.0,0.0,0.0,Matches
138,139,Thomas Delaney,dk DEN,MF,Sevilla,30,1991,3.4,164.0,159.0,4.0,3.0,0.0,1.0,4,1.0,0.0,0.0,0.0,0.0,140.0,1.0,1.0,Matches
139,140,Fran Delgado,es ESP,DF,Betis,21,2001,0.1,8.0,7.0,1.0,0.0,0.0,0.0,1,1.0,0.0,0.0,0.0,0.0,7.0,0.0,0.0,Matches
140,141,Ousmane Dembélé,fr FRA,FW,Barcelona,25,1997,15.7,854.0,768.0,80.0,7.0,13.0,4.0,106,8.0,65.0,17.0,19.0,1.0,642.0,6.0,38.0,Matches
141,142,Mouctar Diakhaby,gn GUI,DF,Valencia,25,1996,27.2,1185.0,1141.0,42.0,37.0,0.0,12.0,1,1.0,0.0,0.0,0.0,0.0,971.0,2.0,6.0,Matches
142,143,Mamady Diarra,ml MLI,MFDF,Cádiz,22,2000,0.7,9.0,9.0,0.0,0.0,0.0,0.0,0,0.0,0.0,0.0,0.0,0.0,8.0,0.0,1.0,Matches
143,144,Youba Diarra,ml MLI,MF,Cádiz,24,1998,1.1,49.0,49.0,0.0,0.0,1.0,0.0,0,0.0,0.0,0.0,0.0,0.0,40.0,0.0,1.0,Matches
144,145,Stole Dimitrievski,mk MKD,GK,Rayo Vallecano,28,1993,36.9,1124.0,717.0,398.0,99.0,0.0,4.0,0,0.0,0.0,0.0,0.0,0.0,690.0,9.0,1.0,Matches
145,146,Djené,tg TOG,DF,Getafe,30,1991,31.6,1154.0,1094.0,52.0,31.0,1.0,4.0,23,21.0,0.0,0.0,0.0,0.0,884.0,8.0,21.0,Matches
146,147,Marko Dmitrović,rs SRB,GK,Sevilla,30,1992,14.1,508.0,330.0,173.0,42.0,0.0,1.0,0,0.0,0.0,0.0,0.0,0.0,271.0,5.0,2.0,Matches
147,148,Matt Doherty,ie IRL,DF,Atlético Madrid,30,1992,0.2,9.0,7.0,2.0,1.0,0.0,0.0,0,1.0,0.0,0.0,0.0,0.0,6.0,0.0,0.0,Matches
148,149,Kasper Dolberg,dk DEN,FW,Sevilla,24,1997,2.2,28.0,24.0,3.0,0.0,0.0,0.0,0,0.0,0.0,0.0,0.0,0.0,19.0,1.0,0.0,Matches
149,150,Carlos Dominguez,es ESP,DF,Celta Vigo,21,2001,1.2,34.0,34.0,0.0,0.0,0.0,0.0,0,0.0,0.0,0.0,0.0,0.0,28.0,0.0,1.0,Matches
150,151,John Donald,es ESP,MFDF,Elche,21,2000,12.1,427.0,419.0,5.0,4.0,0.0,2.0,0,1.0,0.0,0.0,0.0,0.0,356.0,3.0,7.0,Matches
151,152,Domingos Duarte,pt POR,DF,Getafe,27,1995,29.5,963.0,927.0,34.0,31.0,0.0,10.0,0,3.0,0.0,0.0,0.0,0.0,742.0,2.0,4.0,Matches
152,153,Pablo Durán,es ESP,MFDF,Celta Vigo,21,2001,0.4,21.0,21.0,0.0,0.0,0.0,0.0,1,0.0,0.0,0.0,0.0,0.0,14.0,0.0,0.0,Matches
153,154,Hugo Duro,es ESP,FW,Valencia,22,1999,15.4,277.0,248.0,27.0,2.0,0.0,3.0,2,1.0,0.0,0.0,0.0,0.0,203.0,2.0,9.0,Matches
154,155,Íñigo Eguaras,es ESP,MF,Almería,30,1992,10.7,543.0,524.0,15.0,11.0,5.0,5.0,3,1.0,2.0,0.0,0.0,0.0,458.0,4.0,7.0,Matches
155,156,Aritz Elustondo,es ESP,DF,Real Sociedad,28,1994,16.1,809.0,680.0,125.0,14.0,0.0,1.0,9,111.0,0.0,0.0,0.0,0.0,653.0,4.0,9.0,Matches
156,157,Rodrigo Ely,br BRA,DF,Almería,28,1993,35.1,1475.0,1393.0,78.0,75.0,2.0,16.0,3,2.0,0.0,0.0,0.0,0.0,1197.0,4.0,6.0,Matches
157,158,Adri Embarba,es ESP,FWMF,Almería,30,1992,16.4,557.0,474.0,80.0,15.0,0.0,7.0,127,7.0,58.0,29.0,17.0,1.0,356.0,3.0,24.0,Matches
158,159,Adri Embarba,es ESP,FW,Espanyol,30,1992,0.4,6.0,5.0,1.0,1.0,0.0,0.0,2,0.0,0.0,0.0,0.0,0.0,4.0,0.0,0.0,Matches
159,160,Youssef En-Nesyri,ma MAR,FW,Sevilla,25,1997,18.5,241.0,204.0,35.0,0.0,1.0,2.0,4,2.0,0.0,0.0,0.0,0.0,156.0,2.0,5.0,Matches
160,161,Gonzalo Escalante,ar ARG,MF,Cádiz,29,1993,12.5,433.0,419.0,11.0,6.0,2.0,4.0,4,0.0,0.0,0.0,0.0,0.0,325.0,3.0,4.0,Matches
161,162,Sergio Escudero,es ESP,DF,Valladolid,32,1989,16.0,743.0,548.0,189.0,23.0,0.0,6.0,56,147.0,19.0,5.0,13.0,0.0,528.0,6.0,23.0,Matches
162,163,Alfonso Espino,uy URU,DF,Cádiz,30,1992,34.7,1542.0,1206.0,328.0,40.0,4.0,15.0,110,280.0,8.0,1.0,5.0,0.0,989.0,8.0,53.0,Matches
163,164,Bernardo Espinosa,co COL,DF,Girona,33,1989,13.6,913.0,881.0,30.0,26.0,0.0,5.0,0,2.0,0.0,0.0,0.0,0.0,812.0,2.0,2.0,Matches
164,165,Edu Expósito,es ESP,MF,Espanyol,25,1996,12.9,530.0,479.0,49.0,21.0,3.0,5.0,48,2.0,13.0,6.0,3.0,0.0,389.0,2.0,10.0,Matches
165,166,Nicolás Ezequiel Fernández,ar ARG,MFDF,Elche,22,2000,5.7,240.0,203.0,37.0,5.0,1.0,3.0,33,23.0,9.0,3.0,5.0,0.0,178.0,0.0,13.0,Matches
166,167,Abdessamad Ezzalzouli,ma MAR,FWMF,Osasuna,20,2001,16.7,549.0,516.0,26.0,3.0,3.0,5.0,76,16.0,7.0,1.0,2.0,0.0,365.0,7.0,33.0,Matches
167,168,Radamel Falcao,co COL,FWMF,Rayo Vallecano,36,1986,6.8,167.0,157.0,9.0,0.0,0.0,1.0,0,0.0,1.0,0.0,0.0,0.0,123.0,1.0,5.0,Matches
168,169,Fali,es ESP,DFMF,Cádiz,28,1993,19.0,593.0,567.0,25.0,25.0,2.0,13.0,2,0.0,0.0,0.0,0.0,0.0,455.0,1.0,4.0,Matches
169,170,Mamadou Fall,sn SEN,DF,Villarreal,19,2002,0.3,16.0,11.0,5.0,0.0,0.0,1.0,1,5.0,0.0,0.0,0.0,0.0,13.0,0.0,1.0,Matches
170,171,Ansu Fati,es ESP,FW,Barcelona,19,2002,15.5,609.0,590.0,14.0,3.0,1.0,3.0,9,3.0,5.0,1.0,0.0,0.0,509.0,5.0,21.0,Matches
171,172,Zouhair Feddal,ma MAR,DF,Valladolid,33,1989,4.2,201.0,187.0,13.0,11.0,0.0,5.0,1,0.0,0.0,0.0,0.0,0.0,159.0,1.0,1.0,Matches
172,173,Nabil Fekir,fr FRA,MF,Betis,29,1993,10.7,484.0,416.0,66.0,27.0,2.0,3.0,48,4.0,33.0,13.0,16.0,0.0,378.0,2.0,7.0,Matches
173,174,Felipe,br BRA,DF,Atlético Madrid,33,1989,2.2,132.0,128.0,3.0,2.0,0.0,0.0,0,1.0,0.0,0.0,0.0,0.0,121.0,1.0,1.0,Matches
174,175,Luiz Felipe,it ITA,DF,Betis,25,1997,19.6,884.0,843.0,39.0,36.0,0.0,9.0,2,3.0,0.0,0.0,0.0,0.0,753.0,2.0,11.0,Matches
175,176,João Félix,pt POR,FWMF,Atlético Madrid,22,1999,7.2,228.0,209.0,18.0,6.0,7.0,2.0,8,3.0,4.0,3.0,0.0,0.0,171.0,1.0,5.0,Matches
176,177,Kiko Femenía,es ESP,DF,Villarreal,31,1991,12.6,778.0,661.0,114.0,16.0,0.0,1.0,31,97.0,1.0,0.0,0.0,0.0,667.0,3.0,14.0,Matches
177,178,Aitor Fernández,es ESP,GK,Osasuna,31,1991,21.0,793.0,528.0,261.0,87.0,0.0,2.0,0,0.0,0.0,0.0,0.0,0.0,518.0,4.0,0.0,Matches
178,179,Álex Fernández,es ESP,MFFW,Cádiz,29,1992,17.5,720.0,656.0,63.0,34.0,2.0,10.0,37,1.0,21.0,8.0,6.0,0.0,602.0,1.0,7.0,Matches
179,180,Álvaro Fernández,es ESP,GK,Espanyol,24,1998,11.0,358.0,203.0,153.0,50.0,0.0,2.0,0,0.0,0.0,0.0,0.0,0.0,231.0,2.0,0.0,Matches
180,181,Carlos Fernández,es ESP,FW,Real Sociedad,26,1996,7.0,148.0,143.0,5.0,0.0,1.0,0.0,0,1.0,0.0,0.0,0.0,0.0,96.0,0.0,1.0,Matches
181,182,Federico Fernández,ar ARG,DF,Elche,33,1989,1.0,14.0,13.0,1.0,1.0,0.0,0.0,0,0.0,0.0,0.0,0.0,0.0,8.0,0.0,0.0,Matches
182,183,Joaquín Fernández,es ESP,DF,Valladolid,26,1996,24.0,994.0,943.0,46.0,31.0,0.0,14.0,1,8.0,0.0,0.0,0.0,0.0,820.0,5.0,9.0,Matches
183,184,Valery Fernández,es ESP,MFDF,Girona,22,1999,10.7,356.0,323.0,33.0,3.0,0.0,0.0,23,27.0,2.0,0.0,0.0,0.0,295.0,0.0,11.0,Matches
184,185,Fernando,es ESP,GK,Almería,32,1990,36.5,1313.0,836.0,472.0,131.0,0.0,2.0,0,0.0,0.0,0.0,0.0,0.0,919.0,5.0,1.0,Matches
185,186,Fernando,br BRA,MFDF,Sevilla,35,1987,17.5,873.0,836.0,31.0,25.0,0.0,21.0,2,3.0,0.0,0.0,0.0,0.0,768.0,6.0,6.0,Matches
186,187,Fidel,es ESP,MFFW,Elche,32,1989,19.0,897.0,842.0,46.0,9.0,7.0,14.0,57,6.0,31.0,14.0,10.0,0.0,631.0,9.0,35.0,Matches
187,188,Dimitri Foulquier,fr FRA,DF,Valencia,29,1993,19.3,932.0,712.0,217.0,22.0,0.0,2.0,86,194.0,1.0,0.0,0.0,0.0,663.0,3.0,37.0,Matches
188,189,Juan Foyth,ar ARG,DF,Villarreal,24,1998,21.8,1276.0,1058.0,211.0,41.0,4.0,14.0,10,170.0,0.0,0.0,0.0,0.0,1116.0,7.0,13.0,Matches
189,190,Iván Fresneda,es ESP,DF,Valladolid,17,2004,19.4,922.0,729.0,190.0,19.0,1.0,0.0,59,171.0,0.0,0.0,0.0,0.0,710.0,3.0,30.0,Matches
190,191,Javi Galán,es ESP,DF,Celta Vigo,27,1994,35.1,2039.0,1600.0,427.0,56.0,2.0,19.0,162,344.0,27.0,15.0,7.0,0.0,1577.0,12.0,47.0,Matches
191,192,Iñigo Ruiz de Galarreta,es ESP,MF,Mallorca,28,1993,27.2,1243.0,1178.0,58.0,35.0,5.0,18.0,54,1.0,22.0,3.0,13.0,0.0,1016.0,7.0,20.0,Matches
192,193,Aleix García,es ESP,MF,Girona,25,1997,26.0,1657.0,1441.0,203.0,101.0,3.0,43.0,179,13.0,88.0,35.0,42.0,1.0,1370.0,13.0,22.0,Matches
193,194,Álvaro García,es ESP,FWMF,Rayo Vallecano,29,1992,31.9,1036.0,968.0,61.0,4.0,1.0,4.0,159,53.0,4.0,2.0,0.0,0.0,664.0,7.0,49.0,Matches
194,195,Borja García,es ESP,MFFW,Girona,31,1990,7.5,281.0,270.0,10.0,3.0,3.0,0.0,17,0.0,6.0,6.0,0.0,0.0,217.0,1.0,7.0,Matches
195,196,Carlos García,es ESP,DF,Cádiz,22,2000,0.3,24.0,23.0,1.0,1.0,0.0,0.0,0,0.0,0.0,0.0,0.0,0.0,20.0,0.0,0.0,Matches
196,197,Dani García,es ESP,MF,Athletic Club,32,1990,16.5,720.0,688.0,29.0,28.0,3.0,7.0,5,0.0,0.0,0.0,0.0,0.0,571.0,3.0,8.0,Matches
197,198,David García,es ESP,DF,Osasuna,28,1994,29.8,1424.0,1385.0,38.0,36.0,1.0,14.0,2,2.0,0.0,0.0,0.0,0.0,1152.0,1.0,8.0,Matches
198,199,Eric García,es ESP,DFMF,Barcelona,21,2001,15.7,1257.0,1205.0,50.0,33.0,2.0,13.0,0,16.0,0.0,0.0,0.0,0.0,1142.0,2.0,8.0,Matches
199,200,Fran Garcia,es ESP,DF,Rayo Vallecano,22,1999,37.9,2071.0,1688.0,379.0,24.0,1.0,8.0,156,355.0,0.0,0.0,0.0,0.0,1626.0,4.0,61.0,Matches
200,201,Joan García,es ESP,GK,Espanyol,21,2001,1.0,30.0,26.0,4.0,1.0,0.0,0.0,0,0.0,0.0,0.0,0.0,0.0,26.0,0.0,0.0,Matches
201,202,Raúl García,es ESP,FWMF,Athletic Club,36,1986,10.7,318.0,306.0,10.0,2.0,1.0,3.0,13,4.0,0.0,0.0,0.0,0.0,199.0,2.0,9.0,Matches
202,203,Rubén García,es ESP,FWMF,Osasuna,29,1993,12.9,567.0,493.0,71.0,30.0,6.0,5.0,79,3.0,35.0,16.0,14.0,2.0,411.0,3.0,15.0,Matches
203,204,Unai García,es ESP,DF,Osasuna,30,1992,19.0,803.0,759.0,44.0,34.0,0.0,27.0,3,9.0,0.0,0.0,0.0,0.0,638.0,0.0,3.0,Matches
204,205,Felix Garreta,es ESP,DF,Betis,18,2004,1.0,40.0,38.0,1.0,1.0,0.0,0.0,0,0.0,0.0,0.0,0.0,0.0,34.0,1.0,0.0,Matches
205,206,Aleix Garrido,es ESP,FW,Barcelona,18,2004,0.1,3.0,3.0,0.0,0.0,0.0,0.0,1,0.0,0.0,0.0,0.0,0.0,2.0,0.0,0.0,Matches
206,207,Sékou Gassama,sn SEN,FW,Valladolid,27,1995,0.4,9.0,7.0,2.0,0.0,0.0,0.0,0,0.0,0.0,0.0,0.0,0.0,7.0,0.0,0.0,Matches
207,208,Gavi,es ESP,MFFW,Barcelona,17,2004,28.1,1206.0,1157.0,45.0,13.0,8.0,13.0,38,9.0,0.0,0.0,0.0,0.0,1026.0,4.0,27.0,Matches
208,209,Paulo Gazzaniga,ar ARG,GK,Girona,30,1992,28.0,1070.0,738.0,326.0,83.0,0.0,3.0,0,0.0,0.0,0.0,0.0,0.0,783.0,6.0,0.0,Matches
209,210,Bryan Gil,es ESP,FWDF,Sevilla,21,2001,10.2,374.0,330.0,40.0,3.0,0.0,2.0,29,32.0,5.0,0.0,1.0,0.0,284.0,4.0,17.0,Matches
210,211,David Gil,es ESP,GK,Cádiz,28,1994,4.0,129.0,75.0,54.0,18.0,0.0,1.0,0,0.0,0.0,0.0,0.0,0.0,66.0,0.0,0.0,Matches
211,212,Óscar Gil,es ESP,DF,Espanyol,25,1997,28.4,991.0,737.0,252.0,16.0,1.0,3.0,38,236.0,0.0,0.0,0.0,0.0,757.0,2.0,34.0,Matches
212,213,Álvaro Giménez,es ESP,FW,Cádiz,31,1991,0.2,2.0,2.0,0.0,0.0,0.0,0.0,0,0.0,0.0,0.0,0.0,0.0,2.0,0.0,0.0,Matches
213,214,Dani Gómez,es ESP,MFFW,Espanyol,24,1998,1.0,17.0,16.0,1.0,0.0,0.0,0.0,2,1.0,0.0,0.0,0.0,0.0,13.0,0.0,2.0,Matches
214,215,Maxi Gómez,uy URU,FW,Valencia,25,1996,1.2,14.0,13.0,1.0,0.0,0.0,0.0,0,0.0,0.0,0.0,0.0,0.0,9.0,0.0,0.0,Matches
215,216,Moi Gómez,es ESP,MFFW,Osasuna,28,1994,27.3,1559.0,1413.0,140.0,71.0,1.0,34.0,115,6.0,62.0,26.0,26.0,0.0,1314.0,6.0,26.0,Matches
216,217,Papu Gómez,ar ARG,FWMF,Sevilla,34,1988,11.8,535.0,500.0,34.0,8.0,2.0,8.0,40,13.0,11.0,3.0,2.0,0.0,450.0,1.0,6.0,Matches
217,218,Sergi Gómez,es ESP,DF,Espanyol,30,1992,26.0,1132.0,1070.0,59.0,49.0,0.0,11.0,3,7.0,0.0,0.0,0.0,0.0,968.0,3.0,3.0,Matches
218,219,Antonio Gomis,es ESP,GK,Atlético Madrid,19,2003,0.1,3.0,1.0,2.0,1.0,0.0,0.0,0,0.0,0.0,0.0,0.0,0.0,0.0,0.0,0.0,Matches
219,220,Diego González,es ESP,DF,Elche,27,1995,10.6,382.0,351.0,31.0,18.0,0.0,2.0,1,13.0,0.0,0.0,0.0,0.0,299.0,0.0,6.0,Matches
220,221,Édgar González,es ESP,DF,Betis,25,1997,19.7,892.0,867.0,22.0,22.0,0.0,2.0,0,0.0,0.0,0.0,0.0,0.0,792.0,3.0,7.0,Matches
221,222,Giovanni González,uy URU,DF,Mallorca,27,1994,10.3,428.0,363.0,64.0,2.0,0.0,0.0,20,62.0,0.0,0.0,0.0,0.0,336.0,1.0,5.0,Matches
222,223,Nicolás González,es ESP,MF,Valencia,20,2002,15.6,778.0,748.0,28.0,26.0,2.0,5.0,3,1.0,0.0,0.0,0.0,0.0,676.0,2.0,8.0,Matches
223,224,Roberto González,es ESP,FWMF,Betis,21,2001,0.6,29.0,22.0,7.0,1.0,0.0,0.0,5,0.0,6.0,1.0,2.0,0.0,25.0,0.0,1.0,Matches
224,225,Andoni Gorosabel,es ESP,DF,Real Sociedad,25,1996,19.0,1049.0,834.0,213.0,29.0,0.0,2.0,41,184.0,0.0,0.0,0.0,0.0,888.0,2.0,20.0,Matches
225,226,José Gragera,es ESP,MFDF,Espanyol,21,2000,5.1,208.0,200.0,8.0,7.0,0.0,1.0,0,1.0,0.0,0.0,0.0,0.0,178.0,0.0,0.0,Matches
226,227,Ivo Grbić,hr CRO,GK,Atlético Madrid,26,1996,10.2,330.0,207.0,122.0,23.0,0.0,0.0,0,0.0,0.0,0.0,0.0,0.0,219.0,1.0,0.0,Matches
227,228,Dominik Greif,sk SVK,GK,Mallorca,25,1997,1.0,38.0,20.0,18.0,3.0,0.0,0.0,0,0.0,0.0,0.0,0.0,0.0,23.0,0.0,0.0,Matches
228,229,Clément Grenier,fr FRA,MF,Mallorca,31,1991,8.0,356.0,311.0,42.0,19.0,0.0,9.0,34,0.0,19.0,7.0,10.0,0.0,256.0,3.0,5.0,Matches
229,230,Antoine Griezmann,fr FRA,FWMF,Atlético Madrid,31,1991,31.8,1597.0,1457.0,136.0,34.0,16.0,20.0,131,6.0,72.0,42.0,17.0,0.0,1236.0,4.0,39.0,Matches
230,231,Andrés Guardado,mx MEX,MF,Betis,35,1986,15.3,870.0,806.0,63.0,45.0,3.0,14.0,9,11.0,7.0,1.0,5.0,0.0,739.0,1.0,14.0,Matches
231,232,Sergi Guardiola,es ESP,FW,Valladolid,31,1991,5.6,117.0,108.0,8.0,0.0,0.0,0.0,3,0.0,0.0,0.0,0.0,0.0,74.0,1.0,6.0,Matches
232,233,Sergi Guardiola,es ESP,FW,Cádiz,31,1991,12.9,294.0,278.0,15.0,0.0,0.0,0.0,14,0.0,0.0,0.0,0.0,0.0,203.0,1.0,12.0,Matches
233,234,Nemanja Gudelj,rs SRB,DFMF,Sevilla,30,1991,30.9,1602.0,1527.0,70.0,57.0,1.0,9.0,3,6.0,0.0,0.0,0.0,0.0,1445.0,5.0,4.0,Matches
234,235,Javier Guerra,es ESP,MF,Valencia,19,2003,6.7,239.0,233.0,3.0,3.0,0.0,4.0,8,0.0,0.0,0.0,0.0,0.0,188.0,3.0,4.0,Matches
235,236,Ander Guevara,es ESP,MF,Real Sociedad,25,1997,2.5,179.0,178.0,0.0,0.0,1.0,0.0,0,0.0,0.0,0.0,0.0,0.0,161.0,1.0,2.0,Matches
236,237,Pape Gueye,sn SEN,MF,Sevilla,23,1999,13.0,553.0,536.0,15.0,15.0,1.0,10.0,18,0.0,0.0,0.0,0.0,0.0,447.0,2.0,10.0,Matches
237,238,Hugo Guillamón,es ESP,MF,Valencia,22,2000,18.1,1028.0,932.0,88.0,69.0,4.0,18.0,32,1.0,16.0,2.0,13.0,0.0,852.0,8.0,14.0,Matches
238,239,Gerard Gumbau,es ESP,MF,Elche,27,1994,30.4,1446.0,1239.0,196.0,76.0,3.0,42.0,164,2.0,114.0,44.0,48.0,4.0,1112.0,11.0,37.0,Matches
239,240,Gorka Guruzeta,es ESP,FW,Athletic Club,25,1996,15.8,394.0,370.0,21.0,0.0,0.0,9.0,4,4.0,0.0,0.0,0.0,0.0,286.0,3.0,19.0,Matches
240,241,Raúl Guti,es ESP,MF,Elche,25,1996,12.4,409.0,399.0,8.0,3.0,0.0,8.0,9,1.0,3.0,0.0,3.0,0.0,327.0,2.0,10.0,Matches
241,242,Miguel Gutiérrez,es ESP,DF,Girona,21,2001,26.6,1386.0,1142.0,240.0,25.0,2.0,1.0,104,213.0,2.0,0.0,0.0,0.0,1130.0,4.0,27.0,Matches
242,243,Munir El Haddadi,ma MAR,MFFW,Getafe,26,1995,12.8,433.0,370.0,58.0,23.0,0.0,2.0,70,12.0,19.0,7.0,11.0,0.0,270.0,5.0,20.0,Matches
243,244,Dennis Hadzikadunic,ba BIH,DF,Mallorca,24,1998,6.8,189.0,173.0,16.0,4.0,0.0,4.0,0,12.0,0.0,0.0,0.0,0.0,142.0,0.0,1.0,Matches
244,245,Haissem Hassan,fr FRA,FWMF,Villarreal,20,2002,0.6,20.0,20.0,0.0,0.0,0.0,1.0,1,0.0,0.0,0.0,0.0,0.0,15.0,0.0,0.0,Matches
245,246,Eden Hazard,be BEL,FW,Real Madrid,31,1991,2.2,108.0,101.0,7.0,2.0,0.0,0.0,0,1.0,2.0,0.0,0.0,0.0,96.0,0.0,2.0,Matches
246,247,Luiz Henrique,br BRA,FW,Betis,21,2001,20.1,561.0,549.0,11.0,2.0,1.0,3.0,31,9.0,0.0,0.0,0.0,0.0,415.0,1.0,31.0,Matches
247,248,Mario Hermoso,es ESP,DF,Atlético Madrid,27,1995,23.4,1514.0,1381.0,126.0,39.0,5.0,38.0,16,87.0,0.0,0.0,0.0,0.0,1309.0,7.0,17.0,Matches
248,249,Javi Hernández ,es ESP,DF,Girona,24,1998,12.4,748.0,640.0,102.0,25.0,0.0,5.0,16,77.0,0.0,0.0,0.0,0.0,613.0,6.0,17.0,Matches
249,250,Aridane Hernández,es ESP,DF,Osasuna,33,1989,19.9,882.0,836.0,46.0,44.0,0.0,12.0,0,1.0,0.0,0.0,0.0,0.0,745.0,0.0,7.0,Matches
250,251,Luis Hernández,es ESP,DF,Cádiz,33,1989,35.0,1488.0,1232.0,250.0,65.0,0.0,25.0,18,184.0,0.0,0.0,0.0,0.0,1078.0,6.0,14.0,Matches
251,252,Mario Hernández,es ESP,DF,Rayo Vallecano,23,1999,1.1,38.0,32.0,6.0,0.0,2.0,0.0,1,6.0,0.0,0.0,0.0,0.0,30.0,0.0,0.0,Matches
252,253,Jorge Herrando,es ESP,DF,Osasuna,21,2001,0.3,5.0,5.0,0.0,0.0,0.0,0.0,0,0.0,0.0,0.0,0.0,0.0,3.0,0.0,0.0,Matches
253,254,Ander Herrera,es ESP,MF,Athletic Club,32,1989,7.7,455.0,444.0,9.0,8.0,6.0,0.0,7,0.0,1.0,0.0,0.0,0.0,376.0,2.0,4.0,Matches
254,255,Sergio Herrera,es ESP,GK,Osasuna,29,1993,17.0,611.0,413.0,197.0,62.0,0.0,3.0,0,0.0,0.0,0.0,0.0,0.0,389.0,1.0,0.0,Matches
255,256,Yangel Herrera,ve VEN,MFFW,Girona,24,1998,10.7,418.0,407.0,8.0,1.0,4.0,4.0,19,1.0,0.0,0.0,0.0,0.0,332.0,3.0,5.0,Matches
256,257,Omar El Hilali,ma MAR,DFMF,Espanyol,18,2003,1.0,35.0,28.0,7.0,0.0,0.0,0.0,2,7.0,0.0,0.0,0.0,0.0,21.0,0.0,1.0,Matches
257,258,Martin Hongla,cm CMR,DFMF,Valladolid,24,1998,14.5,634.0,610.0,18.0,15.0,1.0,10.0,7,1.0,0.0,0.0,0.0,0.0,520.0,6.0,7.0,Matches
258,259,Pablo Ibáñez,es ESP,MF,Osasuna,23,1998,11.8,386.0,379.0,5.0,5.0,1.0,5.0,6,0.0,0.0,0.0,0.0,0.0,280.0,2.0,17.0,Matches
259,260,Iglesias,es ESP,DFMF,Getafe,24,1998,23.8,951.0,684.0,263.0,6.0,2.0,9.0,86,257.0,0.0,0.0,0.0,0.0,557.0,4.0,33.0,Matches
260,261,Borja Iglesias,es ESP,FW,Betis,29,1993,26.3,522.0,467.0,54.0,1.0,5.0,4.0,0,4.0,0.0,0.0,0.0,0.0,397.0,1.0,24.0,Matches
261,262,Asier Illarramendi,es ESP,MF,Real Sociedad,32,1990,12.0,640.0,607.0,29.0,18.0,0.0,3.0,6,5.0,3.0,0.0,2.0,0.0,545.0,4.0,10.0,Matches
262,263,Alexander Isak,se SWE,FW,Real Sociedad,22,1999,1.7,30.0,25.0,4.0,0.0,0.0,0.0,2,0.0,0.0,0.0,0.0,0.0,17.0,1.0,2.0,Matches
263,264,Isco,es ESP,MFFW,Sevilla,30,1992,8.9,417.0,371.0,42.0,25.0,3.0,5.0,18,2.0,11.0,2.0,7.0,0.0,346.0,4.0,4.0,Matches
264,265,Diego Iturralde,es ESP,DF,Sevilla,19,2003,0.5,13.0,10.0,3.0,1.0,0.0,0.0,1,2.0,0.0,0.0,0.0,0.0,8.0,0.0,0.0,Matches
265,266,Nicolas Jackson,sn SEN,FW,Villarreal,21,2001,17.8,325.0,299.0,25.0,0.0,0.0,0.0,5,1.0,0.0,0.0,0.0,0.0,246.0,1.0,10.0,Matches
266,267,Adnan Januzaj,be BEL,FW,Sevilla,27,1995,0.5,24.0,22.0,1.0,0.0,0.0,0.0,1,0.0,1.0,0.0,1.0,0.0,15.0,1.0,3.0,Matches
267,268,Luis Javier Suárez,co COL,FW,Almería,24,1997,16.6,386.0,343.0,42.0,1.0,2.0,5.0,11,4.0,1.0,0.0,1.0,0.0,266.0,1.0,7.0,Matches
268,269,Joaquín,es ESP,MFFW,Betis,41,1981,5.5,324.0,291.0,33.0,11.0,4.0,1.0,31,5.0,17.0,4.0,9.0,0.0,258.0,0.0,9.0,Matches
269,270,Frenkie de Jong,nl NED,MF,Barcelona,25,1997,28.2,2320.0,2246.0,63.0,39.0,19.0,17.0,37,15.0,8.0,2.0,2.0,0.0,2089.0,11.0,24.0,Matches
270,271,Joan Jordán,es ESP,MF,Sevilla,28,1994,17.7,1102.0,1051.0,44.0,34.0,2.0,21.0,8,3.0,7.0,3.0,2.0,0.0,963.0,7.0,11.0,Matches
271,272,Josan,es ESP,DFMF,Elche,32,1989,12.0,539.0,446.0,90.0,8.0,1.0,4.0,48,77.0,5.0,1.0,3.0,0.0,424.0,3.0,13.0,Matches
272,273,Willian José,br BRA,FW,Betis,30,1991,8.1,266.0,249.0,17.0,0.0,1.0,2.0,4,0.0,0.0,0.0,0.0,0.0,206.0,0.0,9.0,Matches
273,274,Joselu,es ESP,FW,Espanyol,32,1990,33.2,759.0,721.0,36.0,0.0,2.0,5.0,17,1.0,1.0,0.0,0.0,0.0,458.0,2.0,21.0,Matches
274,275,Juanmi,es ESP,FW,Betis,29,1993,10.3,245.0,240.0,5.0,0.0,3.0,3.0,0,5.0,0.0,0.0,0.0,0.0,207.0,0.0,6.0,Matches
275,276,Juanpe,es ESP,DF,Girona,31,1991,15.8,881.0,822.0,55.0,41.0,0.0,9.0,3,2.0,0.0,0.0,0.0,0.0,753.0,4.0,7.0,Matches
276,277,Lago Junior,ci CIV,FWMF,Mallorca,31,1990,0.6,18.0,18.0,0.0,0.0,0.0,0.0,2,0.0,0.0,0.0,0.0,0.0,12.0,0.0,1.0,Matches
277,278,Vinicius Júnior,br BRA,FW,Real Madrid,22,2000,31.4,1153.0,1107.0,41.0,8.0,5.0,10.0,64,24.0,7.0,0.0,0.0,0.0,883.0,5.0,61.0,Matches
278,279,Filip Jørgensen,dk DEN,GK,Villarreal,20,2002,2.0,55.0,41.0,14.0,3.0,0.0,0.0,0,0.0,0.0,0.0,0.0,0.0,49.0,0.0,0.0,Matches
279,280,Tino Kadewere,zw ZIM,FWMF,Mallorca,26,1996,6.0,151.0,147.0,2.0,0.0,0.0,0.0,7,1.0,0.0,0.0,0.0,0.0,95.0,2.0,4.0,Matches
280,281,Kaiky,br BRA,DF,Almería,18,2004,6.5,224.0,208.0,16.0,15.0,0.0,9.0,1,1.0,0.0,0.0,0.0,0.0,182.0,0.0,2.0,Matches
281,282,Lee Kang-in,kr KOR,MFFW,Mallorca,21,2001,31.4,1103.0,883.0,207.0,81.0,7.0,15.0,201,12.0,90.0,36.0,43.0,0.0,772.0,13.0,35.0,Matches
282,283,Jon Karrikaburu,es ESP,FW,Real Sociedad,19,2002,1.0,18.0,18.0,0.0,0.0,1.0,0.0,1,0.0,0.0,0.0,0.0,0.0,11.0,0.0,0.0,Matches
283,284,Kenedy,br BRA,FWDF,Valladolid,26,1996,3.1,86.0,80.0,5.0,0.0,0.0,1.0,5,2.0,1.0,0.0,0.0,0.0,57.0,1.0,4.0,Matches
284,285,Franck Kessié,ci CIV,MF,Barcelona,25,1996,11.0,457.0,441.0,13.0,6.0,2.0,5.0,5,3.0,1.0,0.0,0.0,0.0,391.0,3.0,5.0,Matches
285,286,Kiké,es ESP,FW,Osasuna,32,1989,11.3,244.0,229.0,13.0,0.0,0.0,1.0,7,1.0,0.0,0.0,0.0,0.0,167.0,2.0,9.0,Matches
286,287,Justin Kluivert,nl NED,FWMF,Valencia,23,1999,16.1,399.0,345.0,49.0,8.0,0.0,2.0,64,6.0,31.0,5.0,10.0,0.0,276.0,5.0,12.0,Matches
287,288,Koke,es ESP,MF,Atlético Madrid,30,1992,28.3,2038.0,1964.0,59.0,52.0,8.0,17.0,24,4.0,0.0,0.0,0.0,0.0,1784.0,15.0,30.0,Matches
288,289,Luca Koleosho,it ITA,FWDF,Espanyol,17,2004,0.7,28.0,28.0,0.0,0.0,0.0,0.0,3,0.0,0.0,0.0,0.0,0.0,18.0,0.0,2.0,Matches
289,290,Geoffrey Kondogbia,cf CTA,MF,Atlético Madrid,29,1993,11.2,634.0,620.0,14.0,13.0,0.0,11.0,0,1.0,0.0,0.0,0.0,0.0,567.0,0.0,2.0,Matches
290,291,Jules Koundé,fr FRA,DF,Barcelona,23,1998,27.0,2024.0,1840.0,180.0,50.0,4.0,11.0,36,130.0,0.0,0.0,0.0,0.0,1775.0,4.0,25.0,Matches
291,292,Toni Kroos,de GER,MF,Real Madrid,32,1990,23.9,2482.0,2246.0,223.0,123.0,4.0,41.0,122,15.0,84.0,27.0,30.0,1.0,2255.0,13.0,12.0,Matches
292,293,Takefusa Kubo,jp JPN,FWMF,Real Sociedad,21,2001,27.1,875.0,823.0,42.0,5.0,3.0,5.0,72,5.0,29.0,10.0,12.0,1.0,621.0,10.0,35.0,Matches
293,294,César de la Hoz,es ESP,MF,Almería,30,1992,18.6,556.0,538.0,13.0,13.0,1.0,6.0,3,0.0,0.0,0.0,0.0,0.0,435.0,5.0,7.0,Matches
294,295,Luca de la Torre,us USA,MF,Celta Vigo,24,1998,16.5,613.0,600.0,5.0,4.0,2.0,2.0,21,1.0,0.0,0.0,0.0,0.0,510.0,8.0,19.0,Matches
295,296,Érik Lamela,ar ARG,FWMF,Sevilla,30,1992,20.5,770.0,732.0,30.0,6.0,1.0,0.0,33,6.0,15.0,5.0,3.0,0.0,588.0,8.0,33.0,Matches
296,297,Cyle Larin,ca CAN,FW,Valladolid,27,1995,16.3,247.0,241.0,6.0,0.0,1.0,2.0,6,0.0,0.0,0.0,0.0,0.0,170.0,0.0,16.0,Matches
297,298,Juanmi Latasa,es ESP,FW,Getafe,21,2001,5.0,164.0,159.0,3.0,0.0,0.0,1.0,2,0.0,0.0,0.0,0.0,0.0,80.0,2.0,7.0,Matches
298,299,Toni Lato,es ESP,DFMF,Valencia,24,1997,10.2,490.0,417.0,72.0,10.0,1.0,3.0,32,50.0,12.0,2.0,6.0,0.0,390.0,1.0,9.0,Matches
299,300,Lázaro,br BRA,FWMF,Almería,20,2002,8.0,218.0,204.0,14.0,1.0,0.0,5.0,9,1.0,3.0,2.0,0.0,0.0,170.0,0.0,5.0,Matches
300,301,Robin Le Normand,es ESP,DF,Real Sociedad,25,1996,31.1,1740.0,1653.0,85.0,61.0,2.0,7.0,1,3.0,0.0,0.0,0.0,0.0,1533.0,2.0,4.0,Matches
301,302,Benjamin Lecomte,fr FRA,GK,Espanyol,31,1991,10.0,275.0,149.0,123.0,43.0,0.0,2.0,0,0.0,0.0,0.0,0.0,0.0,179.0,3.0,0.0,Matches
302,303,Jeremías Ledesma,ar ARG,GK,Cádiz,29,1993,34.0,1114.0,674.0,435.0,150.0,0.0,3.0,0,0.0,0.0,0.0,0.0,0.0,585.0,5.0,0.0,Matches
303,304,Florian Lejeune,fr FRA,DF,Rayo Vallecano,31,1991,28.5,1417.0,1329.0,82.0,71.0,1.0,38.0,9,6.0,4.0,4.0,0.0,0.0,1110.0,6.0,11.0,Matches
304,305,Iñigo Lekue,es ESP,DF,Athletic Club,29,1993,14.7,807.0,668.0,137.0,16.0,0.0,4.0,43,119.0,2.0,0.0,1.0,0.0,624.0,2.0,18.0,Matches
305,306,Thomas Lemar,fr FRA,MF,Atlético Madrid,26,1995,13.9,814.0,776.0,36.0,10.0,6.0,7.0,44,9.0,15.0,5.0,7.0,0.0,690.0,2.0,16.0,Matches
306,307,Sergio León,es ESP,FW,Valladolid,33,1989,14.8,206.0,172.0,31.0,0.0,0.0,6.0,9,2.0,0.0,0.0,0.0,0.0,138.0,3.0,6.0,Matches
307,308,Robert Lewandowski,pl POL,FW,Barcelona,33,1988,31.6,793.0,767.0,14.0,4.0,16.0,5.0,19,0.0,0.0,0.0,0.0,0.0,602.0,12.0,24.0,Matches
308,309,Samuel Lino,br BRA,FWMF,Valencia,22,1999,32.1,1163.0,1121.0,37.0,5.0,5.0,2.0,82,22.0,10.0,1.0,2.0,0.0,878.0,5.0,57.0,Matches
309,310,Pol Lirola,es ESP,DF,Elche,24,1997,7.0,325.0,260.0,65.0,6.0,0.0,3.0,32,59.0,0.0,0.0,0.0,0.0,240.0,0.0,11.0,Matches
310,311,Javier Llabrés,es ESP,FW,Mallorca,19,2002,0.2,4.0,4.0,0.0,0.0,0.0,0.0,0,0.0,0.0,0.0,0.0,0.0,4.0,0.0,0.0,Matches
311,312,Marcos Llorente,es ESP,MFDF,Atlético Madrid,27,1995,18.9,816.0,759.0,53.0,0.0,1.0,4.0,44,53.0,0.0,0.0,0.0,0.0,660.0,4.0,26.0,Matches
312,313,Giovani Lo Celso,ar ARG,MFFW,Villarreal,26,1996,12.5,694.0,643.0,47.0,8.0,11.0,17.0,31,7.0,27.0,17.0,0.0,0.0,578.0,4.0,14.0,Matches
313,314,David López,es ESP,DF,Girona,32,1989,18.4,1203.0,1138.0,62.0,48.0,0.0,5.0,0,3.0,0.0,0.0,0.0,0.0,1082.0,3.0,5.0,Matches
314,315,Diego López,es ESP,GK,Rayo Vallecano,40,1981,1.1,29.0,21.0,8.0,0.0,0.0,0.0,0,0.0,0.0,0.0,0.0,0.0,22.0,0.0,0.0,Matches
315,316,Diego López,es ESP,FWMF,Valencia,20,2002,5.0,151.0,149.0,1.0,1.0,2.0,1.0,12,0.0,0.0,0.0,0.0,0.0,101.0,1.0,7.0,Matches
316,317,Unai López,es ESP,MF,Rayo Vallecano,26,1995,13.9,929.0,835.0,86.0,44.0,0.0,18.0,55,7.0,27.0,10.0,8.0,1.0,745.0,8.0,18.0,Matches
317,318,Anthony Lozano,hn HON,FW,Cádiz,29,1993,16.0,293.0,283.0,9.0,0.0,1.0,1.0,7,1.0,0.0,0.0,0.0,0.0,198.0,1.0,13.0,Matches
318,319,Pol Lozano,es ESP,MF,Espanyol,22,1999,0.2,8.0,8.0,0.0,0.0,0.0,0.0,1,0.0,0.0,0.0,0.0,0.0,5.0,0.0,0.0,Matches
319,320,José Luis Gayà,es ESP,DF,Valencia,27,1995,30.1,1734.0,1344.0,378.0,51.0,2.0,13.0,213,285.0,42.0,9.0,25.0,0.0,1284.0,12.0,39.0,Matches
320,321,José Luis Morales,es ESP,FWMF,Villarreal,35,1987,13.5,258.0,237.0,18.0,0.0,2.0,1.0,13,4.0,0.0,0.0,0.0,0.0,181.0,3.0,14.0,Matches
321,322,Andriy Lunin,ua UKR,GK,Real Madrid,23,1999,7.0,227.0,186.0,41.0,4.0,0.0,1.0,0,0.0,0.0,0.0,0.0,0.0,205.0,0.0,1.0,Matches
322,323,Awer Mabil,au AUS,MFFW,Cádiz,26,1995,1.8,54.0,48.0,6.0,3.0,0.0,0.0,9,1.0,2.0,1.0,1.0,0.0,34.0,0.0,4.0,Matches
323,324,Darwin Machís,ve VEN,FW,Valladolid,29,1993,6.7,208.0,191.0,12.0,2.0,1.0,5.0,37,8.0,1.0,1.0,0.0,0.0,137.0,5.0,13.0,Matches
324,325,Pablo Maffeo,es ESP,DF,Mallorca,25,1997,33.1,1221.0,967.0,248.0,7.0,2.0,9.0,123,241.0,0.0,0.0,0.0,0.0,819.0,6.0,39.0,Matches
325,326,Lisandro Magallán,ar ARG,DF,Elche,28,1993,10.0,391.0,370.0,19.0,17.0,0.0,1.0,1,1.0,0.0,0.0,0.0,0.0,325.0,2.0,3.0,Matches
326,327,Jon Magunacelaya,es ESP,MFFW,Real Sociedad,22,2000,0.7,16.0,15.0,1.0,1.0,0.0,0.0,2,0.0,0.0,0.0,0.0,0.0,8.0,0.0,1.0,Matches
327,328,Nemanja Maksimović,rs SRB,MF,Getafe,27,1995,22.8,563.0,531.0,32.0,12.0,0.0,0.0,9,0.0,1.0,0.0,0.0,0.0,439.0,0.0,10.0,Matches
328,329,Hugo Mallo,es ESP,DF,Celta Vigo,31,1991,24.0,1427.0,1187.0,234.0,34.0,1.0,10.0,67,200.0,0.0,0.0,0.0,0.0,1094.0,6.0,29.0,Matches
329,330,Mickael Malsa,mq MTQ,MF,Valladolid,26,1995,0.8,20.0,20.0,0.0,0.0,0.0,0.0,0,0.0,0.0,0.0,0.0,0.0,13.0,0.0,1.0,Matches
330,331,Giorgi Mamardashvili,ge GEO,GK,Valencia,21,2000,38.0,1086.0,740.0,342.0,103.0,0.0,3.0,0,0.0,0.0,0.0,0.0,0.0,697.0,4.0,1.0,Matches
331,332,Reinildo Mandava,mz MOZ,DF,Atlético Madrid,28,1994,20.6,1067.0,945.0,121.0,24.0,0.0,4.0,16,97.0,0.0,0.0,0.0,0.0,918.0,1.0,18.0,Matches
332,333,Aïssa Mandi,dz ALG,DF,Villarreal,30,1991,16.2,911.0,857.0,52.0,24.0,1.0,12.0,2,24.0,0.0,0.0,0.0,0.0,826.0,2.0,4.0,Matches
333,334,Marcão,br BRA,DF,Sevilla,26,1996,4.2,217.0,209.0,6.0,5.0,0.0,3.0,0,0.0,0.0,0.0,0.0,0.0,187.0,2.0,3.0,Matches
334,335,Agustín Marchesín,ar ARG,GK,Celta Vigo,34,1988,19.0,635.0,447.0,184.0,53.0,0.0,1.0,0,0.0,0.0,0.0,0.0,0.0,449.0,4.0,0.0,Matches
335,336,Óscar de Marcos,es ESP,DF,Athletic Club,33,1989,31.3,1932.0,1552.0,372.0,32.0,0.0,11.0,130,340.0,0.0,0.0,0.0,0.0,1499.0,8.0,52.0,Matches
336,337,Alberto Marí,es ESP,FWMF,Valencia,21,2001,1.0,20.0,20.0,0.0,0.0,0.0,0.0,0,0.0,0.0,0.0,0.0,0.0,8.0,0.0,0.0,Matches
337,338,José Mari,es ESP,MF,Cádiz,34,1987,4.4,203.0,188.0,14.0,14.0,0.0,8.0,1,0.0,0.0,0.0,0.0,0.0,168.0,1.0,2.0,Matches
338,339,José María Giménez,uy URU,DF,Atlético Madrid,27,1995,26.9,1333.0,1270.0,62.0,51.0,0.0,19.0,0,5.0,0.0,0.0,0.0,0.0,1183.0,1.0,5.0,Matches
339,340,Mariano,do DOM,FW,Real Madrid,28,1993,1.7,41.0,39.0,1.0,0.0,0.0,1.0,0,0.0,0.0,0.0,0.0,0.0,32.0,1.0,0.0,Matches
340,341,Pablo Marín,es ESP,MFFW,Real Sociedad,19,2003,4.0,168.0,165.0,2.0,2.0,1.0,1.0,3,0.0,0.0,0.0,0.0,0.0,128.0,1.0,6.0,Matches
341,342,Diego Mariño,es ESP,GK,Almería,32,1990,0.5,8.0,2.0,6.0,1.0,0.0,0.0,0,0.0,0.0,0.0,0.0,0.0,7.0,0.0,0.0,Matches
342,343,Roger Martí,es ESP,FW,Elche,31,1991,7.3,160.0,147.0,10.0,0.0,0.0,1.0,5,0.0,0.0,0.0,0.0,0.0,118.0,3.0,8.0,Matches
343,344,Roger Martí,es ESP,FW,Cádiz,31,1991,7.1,129.0,116.0,10.0,0.0,1.0,0.0,0,0.0,0.0,0.0,0.0,0.0,92.0,3.0,4.0,Matches
344,345,Ander Martin,es ESP,MFFW,Real Sociedad,21,2000,0.5,24.0,22.0,2.0,1.0,0.0,0.0,4,0.0,1.0,1.0,0.0,0.0,12.0,0.0,0.0,Matches
345,346,Andrés Martín,es ESP,FWMF,Rayo Vallecano,23,1999,2.3,77.0,69.0,5.0,0.0,0.0,2.0,11,2.0,3.0,3.0,0.0,0.0,39.0,3.0,4.0,Matches
346,347,Carlos Martín,es ESP,FWMF,Atlético Madrid,20,2002,0.3,11.0,11.0,0.0,0.0,0.0,0.0,2,0.0,0.0,0.0,0.0,0.0,6.0,0.0,0.0,Matches
347,348,Iván Martín,es ESP,MF,Girona,23,1999,17.6,672.0,648.0,23.0,8.0,0.0,2.0,18,7.0,0.0,0.0,0.0,0.0,565.0,1.0,18.0,Matches
348,349,Arnau Martinez,es ESP,DF,Girona,19,2003,30.4,1599.0,1270.0,319.0,48.0,3.0,7.0,60,271.0,0.0,0.0,0.0,0.0,1303.0,10.0,33.0,Matches
349,350,Iñigo Martínez,es ESP,DF,Athletic Club,31,1991,14.9,773.0,725.0,46.0,35.0,0.0,26.0,5,2.0,0.0,0.0,0.0,0.0,627.0,2.0,7.0,Matches
350,351,Roger Martínez,es ESP,DF,Espanyol,18,2004,0.1,5.0,5.0,0.0,0.0,0.0,0.0,0,0.0,0.0,0.0,0.0,0.0,5.0,0.0,0.0,Matches
351,352,Omar Mascarell,gq EQG,MFDF,Elche,29,1993,27.2,1270.0,1183.0,83.0,56.0,0.0,20.0,22,4.0,19.0,1.0,9.0,3.0,1091.0,4.0,11.0,Matches
352,353,Jordi Masip,es ESP,GK,Valladolid,33,1989,27.9,963.0,645.0,316.0,77.0,0.0,1.0,0,0.0,0.0,0.0,0.0,0.0,679.0,2.0,1.0,Matches
353,354,Jaime Mata,es ESP,FWMF,Getafe,33,1988,4.9,122.0,119.0,2.0,0.0,0.0,0.0,9,1.0,0.0,0.0,0.0,0.0,68.0,1.0,7.0,Matches
354,355,Borja Mayoral,es ESP,FW,Getafe,25,1997,30.7,775.0,737.0,37.0,0.0,2.0,11.0,37,3.0,1.0,0.0,0.0,0.0,582.0,1.0,31.0,Matches
355,356,Mamadou Mbaye,sn SEN,DF,Cádiz,24,1998,8.4,294.0,286.0,5.0,5.0,0.0,2.0,0,0.0,0.0,0.0,0.0,0.0,219.0,3.0,6.0,Matches
356,357,Fernando Medrano,es ESP,DF,Celta Vigo,22,2000,0.1,3.0,3.0,0.0,0.0,0.0,0.0,0,0.0,0.0,0.0,0.0,0.0,3.0,0.0,0.0,Matches
357,358,Gonzalo Melero,es ESP,MF,Almería,28,1994,20.6,755.0,736.0,17.0,9.0,1.0,4.0,2,3.0,0.0,0.0,0.0,0.0,652.0,2.0,15.0,Matches
358,359,Memphis,nl NED,FW,Atlético Madrid,28,1994,3.0,90.0,80.0,10.0,1.0,2.0,0.0,5,1.0,5.0,3.0,1.0,0.0,68.0,0.0,1.0,Matches
359,360,Memphis,nl NED,FW,Barcelona,28,1994,1.3,66.0,60.0,6.0,1.0,1.0,0.0,4,0.0,4.0,0.0,2.0,0.0,53.0,0.0,1.0,Matches
360,361,Houboulang Mendes,gw GNB,DF,Almería,24,1998,9.8,335.0,238.0,96.0,4.0,0.0,0.0,31,92.0,0.0,0.0,0.0,0.0,239.0,1.0,9.0,Matches
361,362,Brais Méndez,es ESP,MF,Real Sociedad,25,1997,26.7,1312.0,1138.0,169.0,53.0,7.0,15.0,125,6.0,103.0,32.0,49.0,0.0,1010.0,5.0,25.0,Matches
362,363,Diego Méndez,es ESP,MF,Rayo Vallecano,18,2003,0.0,2.0,2.0,0.0,0.0,0.0,0.0,0,0.0,0.0,0.0,0.0,0.0,1.0,0.0,0.0,Matches
363,364,Ferland Mendy,fr FRA,DF,Real Madrid,27,1995,15.0,862.0,759.0,101.0,20.0,0.0,3.0,7,81.0,0.0,0.0,0.0,0.0,794.0,2.0,8.0,Matches
364,365,Jorge Meré,es ESP,DF,Cádiz,25,1997,6.7,215.0,207.0,8.0,8.0,0.0,1.0,0,0.0,0.0,0.0,0.0,0.0,179.0,0.0,1.0,Matches
365,366,Mikel Merino,es ESP,MF,Real Sociedad,26,1996,27.7,1502.0,1466.0,25.0,21.0,11.0,15.0,25,3.0,1.0,0.0,0.0,0.0,1145.0,11.0,32.0,Matches
366,367,Roque Mesa,es ESP,MF,Valladolid,33,1989,18.0,963.0,900.0,55.0,52.0,4.0,21.0,12,0.0,1.0,0.0,0.0,0.0,790.0,8.0,14.0,Matches
367,368,Éder Militão,br BRA,DF,Real Madrid,24,1998,30.0,1881.0,1756.0,123.0,52.0,2.0,40.0,12,25.0,0.0,0.0,0.0,0.0,1660.0,2.0,20.0,Matches
368,369,Luis Milla,es ESP,MF,Getafe,27,1994,20.6,974.0,855.0,113.0,65.0,1.0,18.0,75,0.0,43.0,17.0,24.0,0.0,756.0,6.0,17.0,Matches
369,370,Pere Milla,es ESP,FWMF,Elche,29,1992,20.5,585.0,555.0,28.0,4.0,2.0,5.0,14,6.0,1.0,0.0,0.0,0.0,410.0,2.0,26.0,Matches
370,371,Marko Milovanović,rs SRB,FW,Almería,18,2003,0.2,9.0,8.0,1.0,0.0,0.0,0.0,0,0.0,0.0,0.0,0.0,0.0,4.0,0.0,1.0,Matches
371,372,Óscar Mingueza,es ESP,DF,Celta Vigo,23,1999,14.3,908.0,751.0,154.0,26.0,3.0,3.0,29,128.0,0.0,0.0,0.0,0.0,721.0,3.0,15.0,Matches
372,373,Rafa Mir,es ESP,FW,Sevilla,25,1997,14.4,262.0,234.0,26.0,0.0,1.0,0.0,6,0.0,0.0,0.0,0.0,0.0,176.0,2.0,9.0,Matches
373,374,Juan Miranda,es ESP,DF,Betis,22,2000,16.4,830.0,658.0,171.0,26.0,2.0,3.0,73,130.0,15.0,2.0,8.0,0.0,588.0,1.0,29.0,Matches
374,375,Stefan Mitrović,rs SRB,DF,Getafe,32,1990,18.7,512.0,484.0,26.0,26.0,0.0,5.0,0,0.0,0.0,0.0,0.0,0.0,403.0,2.0,2.0,Matches
375,376,Luka Modrić,hr CRO,MF,Real Madrid,36,1985,19.4,1521.0,1415.0,104.0,41.0,7.0,22.0,62,10.0,44.0,22.0,12.0,0.0,1336.0,2.0,23.0,Matches
376,377,Johan Mojica,co COL,DF,Villarreal,29,1992,7.1,395.0,329.0,63.0,8.0,0.0,0.0,40,51.0,4.0,1.0,2.0,0.0,318.0,3.0,16.0,Matches
377,378,Johan Mojica,co COL,DFMF,Elche,29,1992,3.0,178.0,143.0,33.0,3.0,0.0,0.0,14,30.0,0.0,0.0,0.0,0.0,127.0,2.0,4.0,Matches
378,379,Nahuel Molina,ar ARG,DF,Atlético Madrid,24,1998,31.9,1930.0,1605.0,323.0,16.0,7.0,6.0,120,300.0,7.0,4.0,3.0,0.0,1452.0,2.0,61.0,Matches
379,380,Jon Moncayola,es ESP,MFDF,Osasuna,24,1998,27.2,1461.0,1313.0,143.0,54.0,2.0,33.0,78,64.0,24.0,9.0,10.0,1.0,1136.0,5.0,24.0,Matches
380,381,Monchu,es ESP,MF,Valladolid,22,1999,22.6,1054.0,918.0,128.0,80.0,5.0,23.0,76,1.0,46.0,9.0,28.0,1.0,833.0,8.0,10.0,Matches
381,382,César Montes,mx MEX,DF,Espanyol,25,1997,17.7,799.0,733.0,63.0,39.0,1.0,12.0,1,7.0,0.0,0.0,0.0,0.0,624.0,3.0,12.0,Matches
382,383,Gonzalo Montiel,ar ARG,DF,Sevilla,25,1997,16.9,851.0,707.0,138.0,7.0,3.0,3.0,39,128.0,3.0,0.0,2.0,0.0,661.0,6.0,21.0,Matches
383,384,Martín Montoya,es ESP,DF,Betis,31,1991,5.0,244.0,199.0,45.0,6.0,0.0,2.0,10,39.0,0.0,0.0,0.0,0.0,190.0,0.0,5.0,Matches
384,385,Álvaro Morata,es ESP,FW,Atlético Madrid,29,1992,21.1,422.0,405.0,15.0,0.0,3.0,6.0,4,2.0,0.0,0.0,0.0,0.0,270.0,2.0,7.0,Matches
385,386,Jon Morcillo,es ESP,FWMF,Athletic Club,23,1998,0.8,44.0,43.0,0.0,0.0,0.0,0.0,6,0.0,0.0,0.0,0.0,0.0,32.0,1.0,0.0,Matches
386,387,Alberto Moreno,es ESP,DF,Villarreal,30,1992,14.4,730.0,617.0,107.0,15.0,1.0,4.0,36,85.0,7.0,3.0,3.0,0.0,605.0,6.0,13.0,Matches
387,388,Álex Moreno,es ESP,DF,Betis,29,1993,15.0,695.0,541.0,153.0,13.0,0.0,5.0,28,140.0,0.0,0.0,0.0,0.0,525.0,1.0,25.0,Matches
388,389,Diego Moreno,es ESP,DF,Osasuna,21,2001,7.1,324.0,246.0,78.0,3.0,0.0,1.0,20,75.0,0.0,0.0,0.0,0.0,216.0,0.0,14.0,Matches
389,390,Gerard Moreno,es ESP,FW,Villarreal,30,1992,13.7,483.0,458.0,18.0,0.0,5.0,6.0,8,3.0,0.0,0.0,0.0,0.0,353.0,7.0,18.0,Matches
390,391,Tete Morente,es ESP,MFDF,Elche,25,1996,23.0,785.0,717.0,67.0,8.0,0.0,2.0,99,54.0,5.0,2.0,1.0,0.0,571.0,1.0,45.0,Matches
391,392,Ilaix Moriba,gn GUI,MF,Valencia,19,2003,11.2,501.0,491.0,8.0,4.0,4.0,3.0,4,3.0,0.0,0.0,0.0,0.0,403.0,2.0,10.0,Matches
392,393,Manu Morlanes,es ESP,MF,Villarreal,23,1999,1.8,46.0,42.0,3.0,3.0,0.0,0.0,0,0.0,0.0,0.0,0.0,0.0,36.0,1.0,2.0,Matches
393,394,Manu Morlanes,es ESP,MF,Mallorca,23,1999,7.8,226.0,222.0,3.0,2.0,2.0,3.0,2,0.0,0.0,0.0,0.0,0.0,190.0,1.0,5.0,Matches
394,395,Loren Morón,es ESP,FW,Betis,28,1993,0.2,4.0,4.0,0.0,0.0,0.0,0.0,0,0.0,0.0,0.0,0.0,0.0,3.0,0.0,0.0,Matches
395,396,Cristhian Mosquera,co COL,DF,Valencia,18,2004,1.6,65.0,46.0,19.0,0.0,0.0,0.0,1,18.0,0.0,0.0,0.0,0.0,53.0,0.0,0.0,Matches
396,397,Abdul Mumin,gh GHA,DF,Rayo Vallecano,24,1998,10.2,390.0,370.0,19.0,15.0,0.0,4.0,3,4.0,0.0,0.0,0.0,0.0,299.0,1.0,3.0,Matches
397,398,Iker Muniain,es ESP,MFFW,Athletic Club,29,1992,18.8,1110.0,944.0,160.0,58.0,6.0,3.0,113,9.0,82.0,13.0,54.0,0.0,890.0,6.0,13.0,Matches
398,399,Aihen Muñoz,es ESP,DF,Real Sociedad,24,1997,19.5,1027.0,824.0,196.0,16.0,0.0,3.0,54,180.0,0.0,0.0,0.0,0.0,781.0,7.0,29.0,Matches
399,400,Álvaro Muñoz,uy URU,FW,Real Madrid,18,2004,0.9,12.0,12.0,0.0,0.0,0.0,0.0,0,0.0,0.0,0.0,0.0,0.0,9.0,0.0,0.0,Matches
400,401,Iker Muñoz,es ESP,MF,Osasuna,19,2002,2.8,111.0,107.0,3.0,2.0,0.0,1.0,0,1.0,0.0,0.0,0.0,0.0,90.0,1.0,0.0,Matches
401,402,Pablo Muñoz,es ESP,MF,Rayo Vallecano,18,2003,0.1,2.0,2.0,0.0,0.0,0.0,0.0,0,0.0,0.0,0.0,0.0,0.0,2.0,0.0,0.0,Matches
402,403,Vedat Muriqi,xk KVX,FW,Mallorca,28,1994,32.6,827.0,818.0,9.0,0.0,3.0,4.0,11,0.0,0.0,0.0,0.0,0.0,472.0,0.0,31.0,Matches
403,404,Yunus Musah,us USA,MF,Valencia,19,2002,23.4,771.0,757.0,12.0,3.0,3.0,11.0,40,9.0,0.0,0.0,0.0,0.0,604.0,2.0,29.0,Matches
404,405,Francisco Mwepu,zm ZAM,FW,Cádiz,22,2000,0.2,4.0,4.0,0.0,0.0,0.0,0.0,0,0.0,0.0,0.0,0.0,0.0,4.0,0.0,0.0,Matches
405,406,Nacho,es ESP,DF,Real Madrid,32,1990,18.2,1184.0,1072.0,112.0,32.0,0.0,5.0,14,76.0,0.0,0.0,0.0,0.0,1085.0,0.0,7.0,Matches
406,407,Juanjo Narváez,co COL,MFFW,Valladolid,27,1995,1.6,36.0,35.0,0.0,0.0,0.0,0.0,1,0.0,0.0,0.0,0.0,0.0,25.0,1.0,2.0,Matches
407,408,Matija Nastasić,rs SRB,DF,Mallorca,29,1993,10.1,298.0,285.0,11.0,10.0,0.0,3.0,1,1.0,0.0,0.0,0.0,0.0,238.0,2.0,3.0,Matches
408,409,Roberto Navarro,es ESP,MFFW,Real Sociedad,20,2002,3.9,138.0,119.0,18.0,6.0,0.0,1.0,16,0.0,11.0,5.0,3.0,0.0,99.0,1.0,5.0,Matches
409,410,Jesús Navas,es ESP,DFFW,Sevilla,36,1985,22.0,1332.0,1128.0,196.0,20.0,2.0,17.0,135,176.0,0.0,0.0,0.0,0.0,1000.0,8.0,41.0,Matches
410,411,Álvaro Negredo,es ESP,FW,Cádiz,36,1985,8.4,173.0,153.0,20.0,1.0,3.0,4.0,2,0.0,0.0,0.0,0.0,0.0,106.0,0.0,4.0,Matches
411,412,Tanguy Nianzou,fr FRA,DF,Sevilla,20,2002,15.2,772.0,748.0,22.0,20.0,1.0,3.0,1,1.0,0.0,0.0,0.0,0.0,676.0,2.0,5.0,Matches
412,413,Saúl Ñíguez,es ESP,MFDF,Atlético Madrid,27,1994,12.2,520.0,492.0,26.0,2.0,2.0,1.0,15,23.0,0.0,0.0,0.0,0.0,408.0,2.0,9.0,Matches
413,414,Fernando Niño,es ESP,MFFW,Villarreal,21,2000,0.2,5.0,5.0,0.0,0.0,0.0,0.0,0,0.0,0.0,0.0,0.0,0.0,5.0,0.0,0.0,Matches
414,415,Randy Nteka,ao ANG,FWMF,Elche,24,1997,8.1,171.0,161.0,9.0,1.0,1.0,1.0,0,2.0,0.0,0.0,0.0,0.0,118.0,1.0,7.0,Matches
415,416,Randy Nteka,ao ANG,FWMF,Rayo Vallecano,24,1997,1.3,65.0,64.0,0.0,0.0,1.0,0.0,0,0.0,0.0,0.0,0.0,0.0,49.0,1.0,2.0,Matches
416,417,Unai Núñez,es ESP,DF,Celta Vigo,25,1997,35.0,2023.0,1967.0,53.0,49.0,0.0,34.0,3,4.0,0.0,0.0,0.0,0.0,1744.0,3.0,11.0,Matches
417,418,Jan Oblak,si SVN,GK,Atlético Madrid,29,1993,27.7,817.0,522.0,292.0,64.0,0.0,1.0,0,0.0,0.0,0.0,0.0,0.0,538.0,3.0,0.0,Matches
418,419,Brian Ocampo,uy URU,MFFW,Cádiz,23,1999,12.4,369.0,338.0,27.0,5.0,0.0,3.0,34,5.0,17.0,11.0,3.0,1.0,274.0,4.0,11.0,Matches
419,420,Lucas Ocampos,ar ARG,FWMF,Sevilla,28,1994,12.9,450.0,418.0,27.0,2.0,0.0,2.0,26,18.0,1.0,0.0,0.0,0.0,333.0,5.0,13.0,Matches
420,421,Álvaro Odriozola,es ESP,DF,Real Madrid,26,1995,0.4,28.0,25.0,3.0,0.0,0.0,0.0,3,3.0,0.0,0.0,0.0,0.0,27.0,0.0,0.0,Matches
421,422,Olasagasti,es ESP,MFDF,Real Sociedad,21,2000,0.7,48.0,47.0,1.0,1.0,0.0,2.0,0,0.0,0.0,0.0,0.0,0.0,39.0,0.0,0.0,Matches
422,423,Lucas Olaza,uy URU,DF,Valladolid,28,1994,16.6,797.0,596.0,199.0,27.0,0.0,3.0,71,153.0,19.0,1.0,16.0,0.0,606.0,2.0,28.0,Matches
423,424,Brian Oliván,es ESP,DF,Espanyol,28,1994,26.7,1106.0,859.0,242.0,18.0,0.0,12.0,140,211.0,13.0,6.0,4.0,0.0,688.0,5.0,34.0,Matches
424,425,Lucas Oliveira Rosa,br BRA,DF,Valladolid,22,2000,10.3,437.0,332.0,104.0,5.0,1.0,1.0,37,99.0,0.0,0.0,0.0,0.0,315.0,1.0,15.0,Matches
425,426,Aimar Oroz,es ESP,MFFW,Osasuna,20,2001,22.4,820.0,778.0,37.0,9.0,4.0,4.0,7,1.0,2.0,1.0,0.0,0.0,649.0,5.0,27.0,Matches
426,427,Pedro Ortiz,es ESP,MF,Sevilla,21,2000,0.0,1.0,1.0,0.0,0.0,0.0,0.0,0,0.0,0.0,0.0,0.0,0.0,1.0,0.0,0.0,Matches
427,428,Mikel Oyarzabal,es ESP,FWMF,Real Sociedad,25,1997,13.5,392.0,368.0,22.0,9.0,1.0,2.0,28,3.0,7.0,5.0,1.0,0.0,285.0,2.0,18.0,Matches
428,429,Cenk Özkacar,tr TUR,DF,Valencia,21,2000,15.2,769.0,744.0,23.0,18.0,0.0,16.0,3,2.0,0.0,0.0,0.0,0.0,646.0,2.0,8.0,Matches
429,430,Fernando Pacheco,es ESP,GK,Almería,30,1992,1.0,31.0,22.0,8.0,4.0,0.0,0.0,0,0.0,0.0,0.0,0.0,0.0,20.0,1.0,0.0,Matches
430,431,Fernando Pacheco,es ESP,GK,Espanyol,30,1992,16.0,557.0,367.0,187.0,50.0,0.0,0.0,0,0.0,0.0,0.0,0.0,0.0,399.0,3.0,0.0,Matches
431,432,Jon Pacheco,es ESP,DF,Real Sociedad,21,2001,13.3,907.0,859.0,43.0,32.0,1.0,8.0,0,4.0,0.0,0.0,0.0,0.0,812.0,5.0,4.0,Matches
432,433,Gonçalo Paciência,pt POR,FWMF,Celta Vigo,27,1994,7.4,168.0,164.0,3.0,0.0,1.0,7.0,6,1.0,0.0,0.0,0.0,0.0,98.0,1.0,8.0,Matches
433,434,Helibelton Palacios,co COL,DF,Elche,29,1993,21.3,835.0,672.0,162.0,18.0,0.0,4.0,18,144.0,0.0,0.0,0.0,0.0,623.0,1.0,20.0,Matches
434,435,Isaac Palazón Camacho,es ESP,FWMF,Rayo Vallecano,27,1994,32.9,1376.0,1153.0,208.0,75.0,6.0,14.0,192,7.0,126.0,48.0,57.0,0.0,979.0,15.0,31.0,Matches
435,436,Aitor Paredes,es ESP,DF,Athletic Club,22,2000,9.5,521.0,493.0,25.0,12.0,1.0,3.0,2,12.0,0.0,0.0,0.0,0.0,464.0,3.0,2.0,Matches
436,437,Daniel Parejo,es ESP,MF,Villarreal,33,1989,36.5,2569.0,2249.0,310.0,178.0,7.0,29.0,144,5.0,127.0,57.0,34.0,4.0,2224.0,10.0,29.0,Matches
437,438,Moises Parra Gutierrez,es ESP,FW,Getafe,20,2002,0.1,3.0,3.0,0.0,0.0,0.0,0.0,0,0.0,0.0,0.0,0.0,0.0,3.0,0.0,0.0,Matches
438,439,Raúl Parra,es ESP,DF,Cádiz,22,1999,3.4,114.0,84.0,30.0,2.0,0.0,0.0,6,28.0,0.0,0.0,0.0,0.0,74.0,0.0,6.0,Matches
439,440,Pascu,es ESP,DFFW,Villarreal,19,2003,0.1,8.0,8.0,0.0,0.0,0.0,0.0,0,0.0,0.0,0.0,0.0,0.0,5.0,0.0,0.0,Matches
440,441,Javier Pastore,ar ARG,MF,Elche,33,1989,0.1,8.0,7.0,0.0,0.0,0.0,0.0,0,0.0,0.0,0.0,0.0,0.0,6.0,1.0,0.0,Matches
441,442,Gabriel Paulista,br BRA,DF,Valencia,31,1990,16.7,769.0,705.0,62.0,36.0,0.0,10.0,0,6.0,0.0,0.0,0.0,0.0,645.0,2.0,4.0,Matches
442,443,Alfonso Pedraza,es ESP,DF,Villarreal,26,1996,18.1,832.0,673.0,158.0,8.0,0.0,2.0,76,148.0,2.0,1.0,0.0,0.0,641.0,1.0,32.0,Matches
443,444,Pedri,es ESP,MF,Barcelona,19,2002,22.0,1449.0,1384.0,59.0,22.0,24.0,24.0,25,11.0,13.0,1.0,11.0,0.0,1251.0,6.0,25.0,Matches
444,445,Adrià Pedrosa,es ESP,DFMF,Espanyol,24,1998,2.5,76.0,69.0,7.0,1.0,1.0,0.0,9,6.0,0.0,0.0,0.0,0.0,61.0,0.0,3.0,Matches
445,446,Iñaki Peña ,es ESP,GK,Barcelona,23,1999,0.8,27.0,22.0,5.0,1.0,0.0,0.0,0,0.0,0.0,0.0,0.0,0.0,25.0,0.0,0.0,Matches
446,447,Rubén Peña,es ESP,DFMF,Osasuna,31,1991,14.2,620.0,504.0,113.0,4.0,0.0,1.0,54,108.0,1.0,0.0,1.0,0.0,432.0,3.0,19.0,Matches
447,448,Alberto Perea,es ESP,MF,Cádiz,31,1990,0.5,12.0,12.0,0.0,0.0,0.0,0.0,1,0.0,0.0,0.0,0.0,0.0,10.0,0.0,0.0,Matches
448,449,Ayoze Pérez,es ESP,FWMF,Betis,29,1993,15.4,391.0,372.0,14.0,2.0,2.0,0.0,7,5.0,0.0,0.0,0.0,0.0,308.0,5.0,15.0,Matches
449,450,Carles Pérez,es ESP,MFFW,Celta Vigo,24,1998,23.8,689.0,679.0,8.0,1.0,4.0,6.0,36,4.0,2.0,2.0,0.0,0.0,564.0,2.0,12.0,Matches
450,451,Francisco Perez,es ESP,FWMF,Valencia,19,2002,1.6,77.0,73.0,3.0,0.0,0.0,1.0,8,3.0,0.0,0.0,0.0,0.0,59.0,1.0,2.0,Matches
451,452,Kike Pérez,es ESP,MF,Valladolid,25,1997,25.6,1223.0,1122.0,88.0,47.0,4.0,27.0,58,19.0,18.0,10.0,7.0,0.0,927.0,13.0,34.0,Matches
452,453,Lucas Pérez,es ESP,FW,Cádiz,33,1988,7.0,236.0,184.0,49.0,10.0,0.0,2.0,40,1.0,23.0,15.0,6.0,0.0,169.0,3.0,4.0,Matches
453,454,Luis Pérez,es ESP,DF,Valladolid,27,1995,13.5,574.0,455.0,113.0,9.0,1.0,4.0,54,104.0,0.0,0.0,0.0,0.0,436.0,6.0,19.0,Matches
454,455,Germán Pezzella,ar ARG,DF,Betis,31,1991,27.9,1312.0,1253.0,55.0,52.0,1.0,8.0,2,3.0,0.0,0.0,0.0,0.0,1129.0,4.0,7.0,Matches
455,456,Ronaël Pierre-Gabriel,fr FRA,DF,Espanyol,24,1998,2.6,104.0,76.0,28.0,0.0,0.0,0.0,10,28.0,0.0,0.0,0.0,0.0,77.0,0.0,4.0,Matches
456,457,Yeremi Pino,es ESP,FWMF,Villarreal,19,2002,27.2,845.0,818.0,16.0,1.0,5.0,2.0,20,5.0,5.0,0.0,0.0,0.0,651.0,11.0,41.0,Matches
457,458,Gerard Piqué,es ESP,DF,Barcelona,35,1987,4.3,385.0,372.0,11.0,6.0,0.0,6.0,0,0.0,0.0,0.0,0.0,0.0,353.0,2.0,2.0,Matches
458,459,Óscar Plano,es ESP,FWMF,Valladolid,31,1991,22.6,640.0,614.0,21.0,3.0,5.0,4.0,23,3.0,0.0,0.0,0.0,0.0,468.0,5.0,22.0,Matches
459,460,Gonzalo Plata,ec ECU,FW,Valladolid,21,2000,25.6,782.0,712.0,69.0,6.0,3.0,1.0,54,34.0,23.0,16.0,2.0,1.0,582.0,1.0,31.0,Matches
460,461,Ezequiel Ponce,ar ARG,FWMF,Elche,25,1997,12.5,292.0,280.0,9.0,0.0,1.0,4.0,1,1.0,0.0,0.0,0.0,0.0,218.0,3.0,8.0,Matches
461,462,Francisco Portillo,es ESP,MFFW,Almería,32,1990,8.0,459.0,436.0,20.0,5.0,6.0,1.0,12,8.0,7.0,1.0,3.0,0.0,365.0,3.0,13.0,Matches
462,463,Portu,es ESP,MFDF,Getafe,30,1992,19.7,731.0,599.0,123.0,7.0,1.0,2.0,91,108.0,8.0,5.0,3.0,0.0,493.0,9.0,44.0,Matches
463,464,José Pozo,es ESP,MFFW,Rayo Vallecano,26,1996,1.0,45.0,42.0,3.0,3.0,1.0,0.0,4,0.0,0.0,0.0,0.0,0.0,34.0,0.0,1.0,Matches
464,465,Manuel Pozo,es ESP,FW,Valladolid,20,2001,0.2,8.0,7.0,1.0,0.0,0.0,0.0,1,1.0,0.0,0.0,0.0,0.0,6.0,0.0,0.0,Matches
465,466,Alejandro Pozo Pozo,es ESP,DF,Almería,23,1999,20.9,1117.0,912.0,197.0,13.0,0.0,5.0,70,184.0,0.0,0.0,0.0,0.0,814.0,8.0,32.0,Matches
466,467,Abdón Prats,es ESP,FWMF,Mallorca,29,1992,4.6,91.0,86.0,5.0,1.0,2.0,2.0,0,0.0,0.0,0.0,0.0,0.0,58.0,0.0,0.0,Matches
467,468,Javi Puado,es ESP,FWMF,Espanyol,24,1998,26.0,590.0,572.0,17.0,2.0,0.0,1.0,36,10.0,2.0,0.0,1.0,0.0,450.0,1.0,22.0,Matches
468,469,Arnau Puigmal,es ESP,MFFW,Almería,21,2001,8.5,274.0,237.0,35.0,3.0,4.0,0.0,18,23.0,9.0,0.0,3.0,0.0,193.0,2.0,9.0,Matches
469,470,Domingos Quina,pt POR,MF,Elche,22,1999,3.1,147.0,137.0,9.0,4.0,2.0,0.0,6,4.0,1.0,0.0,0.0,0.0,122.0,1.0,3.0,Matches
470,471,Rubén Quintanilla,es ESP,DF,Mallorca,20,2002,0.0,2.0,2.0,0.0,0.0,0.0,0.0,0,0.0,0.0,0.0,0.0,0.0,2.0,0.0,0.0,Matches
471,472,Antonio Raillo,es ESP,DF,Mallorca,30,1991,30.7,1088.0,1022.0,62.0,57.0,0.0,0.0,0,3.0,0.0,0.0,0.0,0.0,902.0,4.0,6.0,Matches
472,473,Predrag Rajković,rs SRB,GK,Mallorca,26,1995,36.0,1210.0,750.0,458.0,149.0,0.0,5.0,0,0.0,0.0,0.0,0.0,0.0,717.0,2.0,0.0,Matches
473,474,Ivan Rakitić,hr CRO,MF,Sevilla,34,1988,19.9,1241.0,1121.0,117.0,66.0,2.0,33.0,74,12.0,38.0,8.0,23.0,0.0,997.0,3.0,21.0,Matches
474,475,Largie Ramazani,be BEL,FWMF,Almería,21,2001,15.6,291.0,266.0,20.0,1.0,3.0,1.0,20,7.0,1.0,1.0,0.0,0.0,195.0,5.0,18.0,Matches
475,476,Chris Ramos,es ESP,FW,Cádiz,25,1997,7.9,149.0,141.0,4.0,0.0,0.0,0.0,6,0.0,0.0,0.0,0.0,0.0,79.0,4.0,5.0,Matches
476,477,Raphinha,br BRA,FW,Barcelona,25,1996,23.0,1266.0,1072.0,185.0,35.0,12.0,26.0,172,42.0,108.0,44.0,35.0,1.0,915.0,9.0,30.0,Matches
477,478,Sergio Reguilón,es ESP,DF,Atlético Madrid,25,1996,3.4,147.0,131.0,15.0,1.0,1.0,0.0,9,14.0,0.0,0.0,0.0,0.0,117.0,1.0,7.0,Matches
478,479,Pepe Reina,es ESP,GK,Villarreal,39,1982,22.0,855.0,678.0,176.0,58.0,0.0,2.0,0,0.0,0.0,0.0,0.0,0.0,685.0,1.0,1.0,Matches
479,480,Reinier,br BRA,MFFW,Girona,20,2002,7.2,248.0,241.0,6.0,2.0,1.0,1.0,2,1.0,0.0,0.0,0.0,0.0,198.0,1.0,8.0,Matches
480,481,Karim Rekik,nl NED,DF,Sevilla,27,1994,13.1,700.0,671.0,27.0,9.0,0.0,3.0,1,18.0,0.0,0.0,0.0,0.0,642.0,2.0,0.0,Matches
481,482,Álex Remiro,es ESP,GK,Real Sociedad,27,1995,38.0,1313.0,970.0,336.0,120.0,0.0,3.0,0,0.0,0.0,0.0,0.0,0.0,941.0,7.0,0.0,Matches
482,483,Alejandro Revuelta Montero,es ESP,DF,Getafe,22,2000,0.0,0.0,0.0,0.0,0.0,0.0,0.0,0,0.0,0.0,0.0,0.0,0.0,0.0,0.0,0.0,Matches
483,484,Chadi Riad,ma MAR,MF,Barcelona,19,2003,0.0,1.0,1.0,0.0,0.0,0.0,0.0,0,0.0,0.0,0.0,0.0,0.0,1.0,0.0,0.0,Matches
484,485,Nico Ribaudo,es ESP,MFFW,Espanyol,21,2001,13.9,454.0,402.0,48.0,15.0,3.0,2.0,44,3.0,22.0,14.0,0.0,0.0,352.0,4.0,11.0,Matches
485,486,Diego Rico,es ESP,DF,Real Sociedad,29,1993,18.3,985.0,779.0,202.0,21.0,0.0,7.0,55,181.0,0.0,0.0,0.0,0.0,746.0,4.0,21.0,Matches
486,487,Rodrigo Riquelme,es ESP,MFFW,Girona,22,2000,24.2,715.0,677.0,34.0,13.0,4.0,3.0,78,7.0,11.0,6.0,1.0,0.0,497.0,4.0,29.0,Matches
487,488,Sergi Roberto,es ESP,DFMF,Barcelona,30,1992,14.5,936.0,842.0,91.0,16.0,1.0,7.0,25,75.0,0.0,0.0,0.0,0.0,850.0,3.0,10.0,Matches
488,489,Lucas Robertone,ar ARG,MF,Almería,25,1997,31.6,1364.0,1211.0,147.0,68.0,10.0,15.0,137,12.0,64.0,25.0,34.0,0.0,1051.0,6.0,18.0,Matches
489,490,Joel Roca,es ESP,MFFW,Girona,17,2005,0.9,39.0,33.0,6.0,1.0,0.0,0.0,0,5.0,0.0,0.0,0.0,0.0,30.0,0.0,0.0,Matches
490,491,Enzo Roco,cl CHI,DF,Elche,29,1992,18.4,719.0,676.0,38.0,33.0,1.0,5.0,1,4.0,0.0,0.0,0.0,0.0,587.0,5.0,7.0,Matches
491,492,Rodri,es ESP,FWMF,Betis,22,2000,17.8,858.0,832.0,19.0,9.0,6.0,5.0,47,8.0,2.0,1.0,0.0,0.0,732.0,7.0,22.0,Matches
492,493,Ángel Rodríguez,es ESP,FWMF,Mallorca,35,1987,4.4,82.0,78.0,4.0,1.0,0.0,1.0,2,1.0,0.0,0.0,0.0,0.0,59.0,0.0,1.0,Matches
493,494,Óscar Rodríguez Arnaiz,es ESP,MF,Celta Vigo,24,1998,19.7,1057.0,950.0,103.0,54.0,5.0,16.0,83,1.0,47.0,11.0,33.0,0.0,833.0,4.0,12.0,Matches
494,495,Dani Rodríguez,es ESP,MF,Mallorca,34,1988,23.3,685.0,647.0,32.0,9.0,5.0,14.0,32,1.0,7.0,2.0,2.0,0.0,537.0,6.0,31.0,Matches
495,496,Guido Rodríguez,ar ARG,MF,Betis,28,1994,31.9,1688.0,1596.0,86.0,84.0,3.0,20.0,9,2.0,0.0,0.0,0.0,0.0,1464.0,6.0,14.0,Matches
496,497,Miguel Rodríguez,es ESP,MFFW,Celta Vigo,19,2003,2.8,91.0,90.0,1.0,1.0,0.0,0.0,13,0.0,0.0,0.0,0.0,0.0,60.0,0.0,5.0,Matches
497,498,Rodrygo,br BRA,FWMF,Real Madrid,21,2001,26.4,1050.0,991.0,51.0,6.0,2.0,6.0,22,9.0,18.0,3.0,2.0,0.0,918.0,8.0,24.0,Matches
498,499,Leonardo Román,es ESP,GK,Mallorca,22,2000,1.0,42.0,27.0,15.0,3.0,0.0,0.0,0,0.0,0.0,0.0,0.0,0.0,29.0,0.0,0.0,Matches
499,500,Iván Romero,es ESP,MF,Sevilla,21,2001,0.1,3.0,3.0,0.0,0.0,0.0,0.0,0,0.0,0.0,0.0,0.0,0.0,1.0,0.0,0.0,Matches
500,501,Oriol Romeu,es ESP,MF,Girona,30,1991,32.8,1626.0,1576.0,43.0,41.0,3.0,12.0,13,2.0,0.0,0.0,0.0,0.0,1405.0,7.0,19.0,Matches
501,502,Rubén,es ESP,DFMF,Espanyol,21,2001,9.9,339.0,286.0,52.0,5.0,2.0,2.0,48,47.0,0.0,0.0,0.0,0.0,232.0,1.0,9.0,Matches
502,503,Antonio Rüdiger,de GER,DF,Real Madrid,29,1993,26.8,1617.0,1562.0,55.0,25.0,3.0,16.0,5,20.0,0.0,0.0,0.0,0.0,1486.0,0.0,14.0,Matches
503,504,Aitor Ruibal,es ESP,DFFW,Betis,26,1996,16.2,841.0,691.0,148.0,18.0,1.0,10.0,31,130.0,0.0,0.0,0.0,0.0,647.0,2.0,22.0,Matches
504,505,Víctor Ruiz,es ESP,DF,Betis,33,1989,6.2,251.0,241.0,9.0,9.0,0.0,2.0,0,0.0,0.0,0.0,0.0,0.0,213.0,1.0,0.0,Matches
505,506,Gerónimo Rulli,ar ARG,GK,Villarreal,30,1992,14.0,543.0,419.0,124.0,32.0,0.0,0.0,0,0.0,0.0,0.0,0.0,0.0,464.0,0.0,2.0,Matches
506,507,Franco Russo,ar ARG,DF,Mallorca,27,1994,1.6,60.0,58.0,2.0,1.0,0.0,1.0,0,1.0,0.0,0.0,0.0,0.0,46.0,0.0,0.0,Matches
507,508,Youssouf Sabaly,sn SEN,DF,Betis,29,1993,18.7,949.0,769.0,176.0,19.0,0.0,1.0,17,157.0,0.0,0.0,0.0,0.0,780.0,4.0,25.0,Matches
508,509,Umar Sadiq,ng NGA,FW,Almería,25,1997,2.7,36.0,32.0,3.0,0.0,0.0,0.0,0,1.0,0.0,0.0,0.0,0.0,22.0,1.0,2.0,Matches
509,510,Umar Sadiq,ng NGA,FW,Real Sociedad,25,1997,0.9,13.0,13.0,0.0,0.0,0.0,1.0,0,0.0,0.0,0.0,0.0,0.0,13.0,0.0,0.0,Matches
510,511,Samuel Sáiz,es ESP,MF,Girona,31,1991,2.7,162.0,150.0,7.0,0.0,2.0,1.0,6,1.0,1.0,0.0,1.0,0.0,122.0,5.0,6.0,Matches
511,512,Kike Salas,es ESP,DF,Sevilla,20,2002,4.1,211.0,203.0,7.0,7.0,0.0,1.0,0,0.0,0.0,0.0,0.0,0.0,177.0,1.0,0.0,Matches
512,513,Salvi,es ESP,FWMF,Rayo Vallecano,31,1991,5.4,208.0,188.0,16.0,0.0,1.0,0.0,37,15.0,1.0,0.0,1.0,0.0,119.0,4.0,20.0,Matches
513,514,Fede San Emeterio,es ESP,MF,Cádiz,25,1997,20.5,657.0,640.0,12.0,12.0,2.0,4.0,4,0.0,0.0,0.0,0.0,0.0,518.0,5.0,12.0,Matches
514,515,Oihan Sancet,es ESP,MF,Athletic Club,22,2000,28.1,975.0,936.0,28.0,13.0,9.0,3.0,17,1.0,3.0,0.0,2.0,0.0,788.0,11.0,19.0,Matches
515,516,Antonio Sánchez,es ESP,MFDF,Mallorca,25,1997,12.0,447.0,410.0,36.0,3.0,0.0,7.0,32,25.0,1.0,1.0,0.0,0.0,312.0,1.0,22.0,Matches
516,517,Iván Sánchez,es ESP,MFFW,Valladolid,29,1992,12.8,480.0,460.0,15.0,3.0,1.0,10.0,38,2.0,6.0,3.0,1.0,1.0,381.0,5.0,16.0,Matches
517,518,Javi Sánchez,es ESP,DF,Valladolid,25,1997,26.6,1175.0,1119.0,51.0,41.0,1.0,23.0,5,4.0,0.0,0.0,0.0,0.0,962.0,5.0,13.0,Matches
518,519,Manu Sánchez,es ESP,DF,Osasuna,21,2000,23.6,1144.0,943.0,197.0,11.0,0.0,2.0,71,186.0,0.0,0.0,0.0,0.0,916.0,4.0,28.0,Matches
519,520,Esteban Saveljich,me MNE,FW,Rayo Vallecano,31,1991,0.0,0.0,0.0,0.0,0.0,0.0,0.0,0,0.0,0.0,0.0,0.0,0.0,0.0,0.0,0.0,Matches
520,521,Stefan Savić,me MNE,DF,Atlético Madrid,31,1991,21.6,1141.0,1107.0,29.0,22.0,0.0,4.0,0,7.0,0.0,0.0,0.0,0.0,1001.0,5.0,4.0,Matches
521,522,Manuel Sebastián,es ESP,MF,Sevilla,18,2004,1.7,66.0,64.0,2.0,2.0,1.0,1.0,0,0.0,0.0,0.0,0.0,0.0,52.0,0.0,2.0,Matches
522,523,Haris Seferović,ch SUI,FW,Celta Vigo,30,1992,9.9,218.0,196.0,21.0,0.0,4.0,1.0,21,1.0,0.0,0.0,0.0,0.0,134.0,1.0,8.0,Matches
523,524,Jaime Seoane,es ESP,MFFW,Getafe,25,1997,3.6,112.0,107.0,4.0,4.0,1.0,3.0,2,0.0,0.0,0.0,0.0,0.0,87.0,1.0,1.0,Matches
524,525,David Silva,es ESP,MF,Real Sociedad,36,1986,21.5,1165.0,1120.0,37.0,16.0,9.0,5.0,20,6.0,3.0,1.0,2.0,0.0,983.0,8.0,17.0,Matches
525,526,Rui Silva,pt POR,GK,Betis,28,1994,26.0,886.0,562.0,320.0,106.0,1.0,1.0,0,0.0,0.0,0.0,0.0,0.0,593.0,4.0,0.0,Matches
526,527,Simo,es ESP,DF,Espanyol,17,2005,1.6,61.0,57.0,4.0,1.0,0.0,0.0,0,1.0,0.0,0.0,0.0,0.0,58.0,0.0,1.0,Matches
527,528,Unai Simón,es ESP,GK,Athletic Club,25,1997,30.5,951.0,703.0,245.0,59.0,0.0,1.0,0,0.0,0.0,0.0,0.0,0.0,690.0,3.0,0.0,Matches
528,529,Rubén Sobrino,es ESP,MFFW,Cádiz,30,1992,27.4,618.0,603.0,10.0,1.0,1.0,3.0,12,7.0,0.0,0.0,0.0,0.0,444.0,5.0,21.0,Matches
529,530,Alex Sola,es ESP,DF,Real Sociedad,23,1999,3.9,198.0,150.0,48.0,4.0,0.0,0.0,12,44.0,0.0,0.0,0.0,0.0,158.0,0.0,5.0,Matches
530,531,Augusto Solari,ar ARG,MF,Celta Vigo,30,1992,2.9,125.0,122.0,1.0,0.0,0.0,0.0,3,1.0,0.0,0.0,0.0,0.0,94.0,2.0,4.0,Matches
531,532,Carlos Soler,es ESP,MF,Valencia,25,1997,2.7,123.0,102.0,21.0,9.0,0.0,1.0,16,0.0,11.0,5.0,5.0,0.0,92.0,0.0,3.0,Matches
532,533,David Soria,es ESP,GK,Getafe,29,1993,38.0,1136.0,620.0,509.0,162.0,0.0,19.0,0,0.0,0.0,0.0,0.0,0.0,610.0,7.0,1.0,Matches
533,534,Hugo Sotelo,es ESP,MF,Celta Vigo,18,2003,0.2,23.0,23.0,0.0,0.0,0.0,0.0,0,0.0,0.0,0.0,0.0,0.0,20.0,0.0,0.0,Matches
534,535,Dyego Sousa,pt POR,FW,Almería,32,1989,5.9,160.0,150.0,9.0,0.0,1.0,0.0,1,1.0,0.0,0.0,0.0,0.0,107.0,1.0,7.0,Matches
535,536,Vinicius Souza,br BRA,MF,Espanyol,23,1999,27.0,909.0,885.0,24.0,23.0,0.0,9.0,4,0.0,0.0,0.0,0.0,0.0,726.0,0.0,16.0,Matches
536,537,Jørgen Strand Larsen,no NOR,FW,Celta Vigo,22,2000,18.9,339.0,310.0,27.0,3.0,0.0,4.0,4,0.0,0.0,0.0,0.0,0.0,232.0,2.0,3.0,Matches
537,538,Cristhian Stuani,uy URU,FW,Girona,35,1986,12.1,168.0,148.0,19.0,0.0,0.0,0.0,3,0.0,0.0,0.0,0.0,0.0,122.0,1.0,4.0,Matches
538,539,Damián Suárez,uy URU,DFMF,Getafe,34,1988,21.6,962.0,705.0,255.0,38.0,0.0,25.0,78,204.0,13.0,7.0,5.0,0.0,649.0,2.0,28.0,Matches
539,540,Denis Suárez,es ESP,MFFW,Espanyol,28,1994,10.5,452.0,402.0,49.0,16.0,2.0,1.0,37,4.0,26.0,9.0,11.0,0.0,331.0,1.0,10.0,Matches
540,541,Mario Suárez,es ESP,MFDF,Rayo Vallecano,35,1987,0.1,3.0,3.0,0.0,0.0,0.0,0.0,0,0.0,0.0,0.0,0.0,0.0,2.0,0.0,0.0,Matches
541,542,Suso,es ESP,MFFW,Sevilla,28,1993,11.8,572.0,520.0,47.0,12.0,6.0,17.0,79,11.0,21.0,7.0,8.0,1.0,444.0,5.0,14.0,Matches
542,543,Williot Swedberg,se SWE,MF,Celta Vigo,18,2004,0.6,17.0,16.0,1.0,1.0,0.0,0.0,0,0.0,0.0,0.0,0.0,0.0,14.0,0.0,0.0,Matches
543,544,Alexander Sørloth,no NOR,FW,Real Sociedad,26,1995,26.5,481.0,449.0,29.0,0.0,1.0,1.0,8,1.0,0.0,0.0,0.0,0.0,329.0,3.0,18.0,Matches
544,545,Renato Tapia,pe PER,MFDF,Celta Vigo,27,1995,16.1,811.0,765.0,43.0,37.0,0.0,20.0,11,4.0,1.0,1.0,0.0,0.0,687.0,3.0,4.0,Matches
545,546,Aurélien Tchouaméni,fr FRA,MF,Real Madrid,22,2000,23.5,1700.0,1657.0,41.0,40.0,7.0,7.0,12,1.0,0.0,0.0,0.0,0.0,1578.0,2.0,9.0,Matches
546,547,Alex Telles,br BRA,DF,Sevilla,29,1992,15.9,728.0,582.0,143.0,27.0,1.0,4.0,83,97.0,19.0,7.0,7.0,0.0,542.0,3.0,11.0,Matches
547,548,Marc-André ter Stegen,de GER,GK,Barcelona,30,1992,37.2,1412.0,1145.0,267.0,69.0,0.0,6.0,0,1.0,0.0,0.0,0.0,0.0,1193.0,0.0,0.0,Matches
548,549,Ramón Terrats,es ESP,MF,Villarreal,21,2000,9.1,425.0,399.0,21.0,5.0,3.0,6.0,16,3.0,13.0,7.0,0.0,0.0,356.0,5.0,7.0,Matches
549,550,Ramón Terrats,es ESP,MF,Girona,21,2000,2.4,96.0,93.0,3.0,0.0,0.0,0.0,2,3.0,0.0,0.0,0.0,0.0,77.0,0.0,3.0,Matches
550,551,Raúl de Tomás,es ESP,FW,Rayo Vallecano,27,1994,8.9,155.0,144.0,10.0,0.0,2.0,7.0,8,0.0,0.0,0.0,0.0,0.0,114.0,1.0,4.0,Matches
551,552,Pablo Torre,es ESP,FWMF,Barcelona,19,2003,1.6,98.0,87.0,9.0,3.0,2.0,0.0,8,0.0,6.0,1.0,4.0,0.0,77.0,2.0,1.0,Matches
552,553,David Torres,es ESP,DF,Valladolid,19,2003,4.3,231.0,223.0,7.0,2.0,0.0,0.0,1,5.0,0.0,0.0,0.0,0.0,184.0,1.0,4.0,Matches
553,554,Ferrán Torres,es ESP,FWMF,Barcelona,22,2000,15.5,576.0,533.0,41.0,8.0,1.0,3.0,60,9.0,21.0,10.0,6.0,0.0,437.0,2.0,15.0,Matches
554,555,Óliver Torres,es ESP,MFFW,Sevilla,27,1994,23.7,1104.0,1050.0,42.0,11.0,5.0,23.0,57,14.0,8.0,0.0,3.0,0.0,862.0,12.0,26.0,Matches
555,556,Pau Torres,es ESP,DF,Villarreal,25,1997,33.9,2179.0,2034.0,141.0,79.0,8.0,49.0,4,8.0,0.0,0.0,0.0,0.0,1855.0,4.0,15.0,Matches
556,557,Roberto Torres,es ESP,FWMF,Osasuna,33,1989,0.1,13.0,12.0,1.0,1.0,0.0,1.0,2,0.0,0.0,0.0,0.0,0.0,12.0,0.0,0.0,Matches
557,558,Lucas Torró,es ESP,MF,Osasuna,28,1994,27.5,1166.0,1140.0,26.0,26.0,1.0,16.0,1,0.0,0.0,0.0,0.0,0.0,940.0,0.0,22.0,Matches
558,559,Nabil Touaizi,ma MAR,MF,Espanyol,21,2001,0.0,1.0,1.0,0.0,0.0,0.0,0.0,0,0.0,0.0,0.0,0.0,0.0,1.0,0.0,0.0,Matches
559,560,Óscar Trejo,ar ARG,MFFW,Rayo Vallecano,34,1988,23.8,1005.0,936.0,68.0,22.0,7.0,4.0,35,9.0,18.0,9.0,2.0,0.0,811.0,1.0,25.0,Matches
560,561,Manu Trigueros,es ESP,MF,Villarreal,30,1991,9.2,534.0,519.0,14.0,10.0,1.0,1.0,4,2.0,2.0,1.0,0.0,0.0,475.0,1.0,7.0,Matches
561,562,Viktor Tsyhankov,ua UKR,MF,Girona,24,1997,16.5,622.0,561.0,58.0,17.0,1.0,3.0,55,6.0,33.0,18.0,8.0,0.0,433.0,3.0,25.0,Matches
562,563,Beñat Turrientes,es ESP,MFFW,Real Sociedad,20,2002,1.2,47.0,40.0,7.0,4.0,0.0,2.0,4,0.0,3.0,2.0,1.0,0.0,40.0,0.0,0.0,Matches
563,564,Enes Ünal,tr TUR,FW,Getafe,25,1997,33.0,750.0,728.0,16.0,1.0,6.0,2.0,17,1.0,0.0,0.0,0.0,0.0,446.0,6.0,21.0,Matches
564,565,Oscar Ureña,es ESP,MF,Girona,19,2003,1.1,22.0,22.0,0.0,0.0,0.0,0.0,4,0.0,0.0,0.0,0.0,0.0,15.0,0.0,2.0,Matches
565,566,Óscar Valentín,es ESP,MF,Rayo Vallecano,27,1994,28.4,1173.0,1138.0,32.0,32.0,1.0,9.0,3,0.0,0.0,0.0,0.0,0.0,957.0,3.0,17.0,Matches
566,567,Martin Valjent,sk SVK,DF,Mallorca,26,1995,29.5,1123.0,1032.0,86.0,45.0,1.0,21.0,6,41.0,0.0,0.0,0.0,0.0,885.0,5.0,14.0,Matches
567,568,Jesús Vallejo,es ESP,DF,Real Madrid,25,1997,0.2,12.0,12.0,0.0,0.0,0.0,0.0,0,0.0,0.0,0.0,0.0,0.0,12.0,0.0,0.0,Matches
568,569,Manu Vallejo,es ESP,FWMF,Girona,25,1997,2.3,89.0,87.0,1.0,0.0,1.0,0.0,7,0.0,0.0,0.0,0.0,0.0,68.0,1.0,2.0,Matches
569,570,Federico Valverde,uy URU,MFFW,Real Madrid,24,1998,27.8,1641.0,1611.0,21.0,6.0,3.0,22.0,27,14.0,0.0,0.0,0.0,0.0,1427.0,9.0,26.0,Matches
570,571,Jesus Vazquez,es ESP,DFMF,Valencia,19,2003,3.4,171.0,138.0,33.0,0.0,1.0,0.0,11,33.0,0.0,0.0,0.0,0.0,142.0,0.0,5.0,Matches
571,572,Kevin Vázquez,es ESP,DFMF,Celta Vigo,29,1993,4.9,234.0,195.0,39.0,3.0,0.0,0.0,7,36.0,0.0,0.0,0.0,0.0,173.0,0.0,10.0,Matches
572,573,Lucas Vázquez,es ESP,DF,Real Madrid,31,1991,12.7,936.0,826.0,106.0,14.0,2.0,5.0,41,92.0,0.0,0.0,0.0,0.0,808.0,4.0,14.0,Matches
573,574,Gabriel Veiga,es ESP,MF,Celta Vigo,20,2002,25.5,742.0,705.0,31.0,11.0,6.0,3.0,27,7.0,2.0,1.0,1.0,0.0,552.0,6.0,17.0,Matches
574,575,Unai Vencedor Paris,es ESP,MF,Athletic Club,21,2000,2.1,124.0,120.0,3.0,3.0,0.0,2.0,2,0.0,0.0,0.0,0.0,0.0,107.0,1.0,2.0,Matches
575,576,Gonzalo Verdú,es ESP,DF,Elche,33,1988,7.8,338.0,317.0,21.0,21.0,0.0,0.0,0,0.0,0.0,0.0,0.0,0.0,269.0,0.0,1.0,Matches
576,577,Mikel Vesga,es ESP,MF,Athletic Club,29,1993,28.6,1510.0,1489.0,13.0,11.0,2.0,19.0,12,1.0,0.0,0.0,0.0,0.0,1259.0,8.0,16.0,Matches
577,578,Aleix Vidal,es ESP,MFFW,Espanyol,32,1989,11.4,384.0,328.0,54.0,11.0,1.0,3.0,39,36.0,6.0,0.0,4.0,0.0,279.0,2.0,17.0,Matches
578,579,Nacho Vidal,es ESP,DF,Osasuna,27,1995,13.9,622.0,482.0,138.0,5.0,2.0,2.0,31,133.0,0.0,0.0,0.0,0.0,472.0,2.0,12.0,Matches
579,580,Toni Villa,es ESP,MF,Valladolid,27,1995,1.0,32.0,31.0,1.0,0.0,0.0,0.0,5,0.0,1.0,1.0,0.0,0.0,20.0,0.0,2.0,Matches
580,581,Toni Villa,es ESP,MFFW,Girona,27,1995,9.9,335.0,323.0,9.0,0.0,0.0,0.0,27,7.0,1.0,0.0,1.0,0.0,257.0,3.0,13.0,Matches
581,582,Asier Villalibre,es ESP,FW,Athletic Club,24,1997,1.1,18.0,18.0,0.0,0.0,0.0,0.0,0,0.0,0.0,0.0,0.0,0.0,11.0,0.0,0.0,Matches
582,583,Gonzalo Villar,es ESP,MF,Getafe,24,1998,5.1,258.0,241.0,17.0,11.0,0.0,1.0,6,4.0,2.0,2.0,0.0,0.0,205.0,0.0,6.0,Matches
583,584,Iván Villar,es ESP,GK,Celta Vigo,25,1997,19.0,599.0,376.0,216.0,59.0,0.0,2.0,0,0.0,0.0,0.0,0.0,0.0,414.0,7.0,0.0,Matches
584,585,Daniel Vivian,es ESP,DF,Athletic Club,23,1999,26.4,1442.0,1381.0,56.0,49.0,1.0,27.0,6,6.0,0.0,0.0,0.0,0.0,1165.0,5.0,15.0,Matches
585,586,Shon Weissman,il ISR,FW,Valladolid,26,1996,8.3,91.0,74.0,17.0,0.0,0.0,0.0,2,0.0,0.0,0.0,0.0,0.0,70.0,0.0,2.0,Matches
586,587,Axel Werner,ar ARG,GK,Elche,26,1996,2.0,70.0,50.0,19.0,3.0,0.0,0.0,0,0.0,0.0,0.0,0.0,0.0,52.0,1.0,0.0,Matches
587,588,Iñaki Williams,gh GHA,FW,Athletic Club,28,1994,31.5,827.0,773.0,50.0,1.0,3.0,6.0,98,15.0,0.0,0.0,0.0,0.0,531.0,4.0,49.0,Matches
588,589,Nico Williams,es ESP,FW,Athletic Club,20,2002,29.5,951.0,872.0,75.0,5.0,4.0,5.0,174,4.0,66.0,17.0,32.0,0.0,634.0,4.0,64.0,Matches
589,590,Axel Witsel,be BEL,DFMF,Atlético Madrid,33,1989,25.1,1328.0,1281.0,47.0,45.0,0.0,3.0,2,2.0,0.0,0.0,0.0,0.0,1229.0,0.0,8.0,Matches
590,591,Lamine Yamal,es ESP,FW,Barcelona,15,2007,0.1,9.0,9.0,0.0,0.0,1.0,0.0,1,0.0,0.0,0.0,0.0,0.0,8.0,0.0,0.0,Matches
591,592,Jawad El Yamiq,ma MAR,DF,Valladolid,30,1992,17.9,919.0,850.0,68.0,47.0,1.0,15.0,0,14.0,0.0,0.0,0.0,0.0,745.0,1.0,11.0,Matches
592,593,Joseba Zaldúa,es ESP,DF,Cádiz,30,1992,7.1,277.0,222.0,53.0,4.0,0.0,1.0,12,49.0,0.0,0.0,0.0,0.0,190.0,2.0,8.0,Matches
593,594,Oier Zarraga,es ESP,MF,Athletic Club,23,1999,9.5,379.0,364.0,12.0,8.0,1.0,1.0,29,1.0,2.0,0.0,2.0,0.0,294.0,3.0,11.0,Matches
594,595,Igor Zubeldia,es ESP,DF,Real Sociedad,25,1997,28.2,1557.0,1490.0,62.0,44.0,1.0,12.0,3,18.0,0.0,0.0,0.0,0.0,1329.0,5.0,12.0,Matches
595,596,Martín Zubimendi,es ESP,MF,Real Sociedad,23,1999,34.5,1812.0,1748.0,58.0,54.0,6.0,10.0,4,2.0,0.0,0.0,0.0,0.0,1545.0,6.0,23.0,Matches
