,_Rk,_Player,_Nation,_Pos,_Squad,_Age,_Born,_90s,Standard_Gls,Standard_Sh,Standard_SoT,Standard_SoT%,Standard_Sh/90,Standard_SoT/90,Standard_G/Sh,Standard_G/SoT,Standard_Dist,Standard_FK,Standard_PK,Standard_PKatt,Expected_xG,Expected_npxG,Expected_npxG/Sh,Expected_G-xG,Expected_np:G-xG,Matches
0,1,Abner,br BRA,DF,Betis,22,2000,6.7,0,5,1,20.0,0.74,0.15,0.0,0.0,13.6,0.0,0,0,1.7,1.7,0.34,-1.7,-1.7,Matches
1,2,Álvaro Aceves,es ESP,GK,Valladolid,19,2003,0.1,0,0,0,,0.0,0.0,,,,0.0,0,0,0.0,0.0,,0.0,0.0,Matches
2,3,Marcos Acuña,ar ARG,DF,Sevilla,30,1991,21.2,3,21,5,23.8,0.99,0.24,0.14,0.6,25.6,1.0,0,0,1.2,1.2,0.06,1.8,1.8,Matches
3,4,Julen Agirrezabala,es ESP,GK,Athletic Club,21,2000,7.5,0,0,0,,0.0,0.0,,,,0.0,0,0,0.0,0.0,,0.0,0.0,Matches
4,5,Álvaro Aguado,es ESP,MF,Valladolid,26,1996,21.0,1,20,6,30.0,0.95,0.29,0.05,0.17,24.6,1.0,0,0,1.0,1.0,0.05,0.0,0.0,Matches
5,6,Joseph Aidoo,gh GHA,DF,Celta Vigo,26,1995,34.7,3,14,3,21.4,0.4,0.09,0.21,1.0,13.2,0.0,0,0,1.0,1.0,0.07,2.0,2.0,Matches
6,7,Sergio Akieme,es ESP,DF,Almería,24,1997,25.5,1,23,7,30.4,0.9,0.27,0.04,0.14,20.2,0.0,0,0,1.5,1.5,0.07,-0.5,-0.5,Matches
7,8,Babatunde Akinsola,ng NGA,FW,Valladolid,19,2003,0.1,0,0,0,,0.0,0.0,,,,0.0,0,0,0.0,0.0,,0.0,0.0,Matches
8,9,Paul Akouokou,ci CIV,MFDF,Betis,24,1997,5.0,0,3,1,33.3,0.6,0.2,0.0,0.0,19.2,0.0,0,0,0.2,0.2,0.05,-0.2,-0.2,Matches
9,10,David Alaba,at AUT,DF,Real Madrid,30,1992,20.4,1,14,3,21.4,0.69,0.15,0.07,0.33,19.8,5.0,0,0,0.8,0.8,0.06,0.2,0.2,Matches
10,11,Ángel Alarcón,es ESP,FW,Barcelona,18,2004,0.3,0,1,1,100.0,3.6,3.6,0.0,0.0,,,0,0,,,,,,Matches
11,12,Tomás Alarcón,cl CHI,MF,Cádiz,23,1999,2.5,0,2,1,50.0,0.81,0.4,0.0,0.0,36.4,0.0,0,0,0.0,0.0,0.01,0.0,0.0,Matches
12,13,Jordi Alba,es ESP,DF,Barcelona,33,1989,15.8,2,13,4,30.8,0.82,0.25,0.15,0.5,23.3,0.0,0,0,0.8,0.8,0.06,1.2,1.2,Matches
13,14,Raúl Albiol,es ESP,DF,Villarreal,36,1985,23.5,0,2,1,50.0,0.08,0.04,0.0,0.0,25.2,0.0,0,0,0.1,0.1,0.05,-0.1,-0.1,Matches
14,15,Rubén Alcaraz,es ESP,MF,Cádiz,31,1991,22.7,3,31,4,12.9,1.37,0.18,0.03,0.25,23.5,3.0,2,3,4.0,1.6,0.05,-1.0,-0.6,Matches
15,16,Omar Alderete,py PAR,DF,Getafe,25,1996,22.7,1,17,8,47.1,0.75,0.35,0.06,0.13,17.6,0.0,0,0,0.6,0.6,0.04,0.4,0.4,Matches
16,17,Iván Alejo,es ESP,MFFW,Cádiz,27,1995,14.6,0,23,6,26.1,1.58,0.41,0.0,0.0,21.3,0.0,0,0,1.2,1.2,0.05,-1.2,-1.2,Matches
17,18,Carles Aleñá,es ESP,MFFW,Getafe,24,1998,23.5,2,33,10,30.3,1.4,0.42,0.06,0.2,22.3,0.0,0,0,2.3,2.3,0.07,-0.3,-0.3,Matches
18,19,Alejandro Alfaro,es ESP,MF,Elche,20,2002,0.2,0,0,0,,0.0,0.0,,,,0.0,0,0,0.0,0.0,,0.0,0.0,Matches
19,20,Ángel Algobia,es ESP,MF,Getafe,23,1999,12.6,0,7,1,14.3,0.55,0.08,0.0,0.0,24.9,0.0,0,0,0.3,0.3,0.04,-0.3,-0.3,Matches
20,21,Mohamed Ali Cho,fr FRA,FWMF,Real Sociedad,18,2004,6.5,1,23,12,52.2,3.53,1.84,0.04,0.08,18.3,0.0,0,0,1.8,1.8,0.08,-0.8,-0.8,Matches
21,22,Domingos André Ribeiro Almeida,pt POR,MF,Valencia,22,2000,28.2,2,23,8,34.8,0.82,0.28,0.09,0.25,22.7,3.0,0,0,1.4,1.4,0.06,0.6,0.6,Matches
22,23,Marcos Alonso,es ESP,DF,Barcelona,31,1990,13.0,1,6,2,33.3,0.46,0.15,0.17,0.5,12.0,0.0,0,0,0.9,0.9,0.15,0.1,0.1,Matches
23,24,Carlos Álvarez,es ESP,MF,Sevilla,18,2003,0.1,0,0,0,,0.0,0.0,,,,0.0,0,0,0.0,0.0,,0.0,0.0,Matches
24,25,Gastón Álvarez,uy URU,DF,Getafe,22,2000,16.7,2,5,2,40.0,0.3,0.12,0.4,1.0,16.9,0.0,0,0,0.5,0.5,0.11,1.5,1.5,Matches
25,26,Yeray Álvarez,es ESP,DF,Athletic Club,27,1995,25.9,1,8,1,12.5,0.31,0.04,0.13,1.0,16.0,0.0,0,0,0.8,0.8,0.1,0.2,0.2,Matches
26,27,Selim Amallah,ma MAR,MFFW,Valladolid,25,1996,3.0,2,5,2,40.0,1.69,0.67,0.4,1.0,19.2,1.0,0,0,0.9,0.9,0.17,1.1,1.1,Matches
27,28,Amath,sn SEN,MFFW,Mallorca,26,1996,13.6,2,23,7,30.4,1.69,0.51,0.09,0.29,14.0,0.0,0,0,2.7,2.7,0.12,-0.7,-0.7,Matches
28,29,Jordan Amavi,fr FRA,DF,Getafe,28,1994,2.2,0,0,0,,0.0,0.0,,,,0.0,0,0,0.0,0.0,,0.0,0.0,Matches
29,30,Marcos André,br BRA,FWMF,Valencia,25,1996,5.0,1,17,2,11.8,3.42,0.4,0.06,0.5,14.6,0.0,0,0,1.5,1.3,0.08,-0.5,-0.3,Matches
30,31,Fabrizio Angileri,ar ARG,DF,Getafe,28,1994,6.5,0,3,0,0.0,0.46,0.0,0.0,,23.6,0.0,0,0,0.1,0.1,0.04,-0.1,-0.1,Matches
31,32,Josep Antoni Gayá,es ESP,DFMF,Mallorca,22,2000,1.1,0,0,0,,0.0,0.0,,,,0.0,0,0,0.0,0.0,,0.0,0.0,Matches
32,33,José Antonio,es ESP,MFDF,Cádiz,18,2004,0.5,0,0,0,,0.0,0.0,,,,0.0,0,0,0.0,0.0,,0.0,0.0,Matches
33,34,Anuar,ma MAR,MFFW,Valladolid,27,1995,2.3,1,3,1,33.3,1.29,0.43,0.33,1.0,13.0,0.0,0,0,0.4,0.4,0.12,0.6,0.6,Matches
34,35,Mauro Arambarri,uy URU,MF,Getafe,26,1995,11.0,0,8,0,0.0,0.73,0.0,0.0,,28.6,1.0,0,0,0.2,0.2,0.03,-0.2,-0.2,Matches
35,36,Ronald Araújo,uy URU,DF,Barcelona,23,1999,20.0,0,18,1,5.6,0.9,0.05,0.0,0.0,13.1,0.0,0,0,2.1,2.1,0.12,-2.1,-2.1,Matches
36,37,Adu Ares,es ESP,FWMF,Athletic Club,20,2001,0.9,0,3,0,0.0,3.21,0.0,0.0,,21.3,0.0,0,0,0.1,0.1,0.04,-0.1,-0.1,Matches
37,38,Sergio Arribas,es ESP,MFFW,Real Madrid,20,2001,0.2,0,1,0,0.0,4.74,0.0,0.0,,16.3,0.0,0,0,0.2,0.2,0.16,-0.2,-0.2,Matches
38,39,Roberto Arroyo,es ESP,MF,Valladolid,18,2003,0.2,0,0,0,,0.0,0.0,,,,0.0,0,0,0.0,0.0,,0.0,0.0,Matches
39,40,Ricard Artero,es ESP,MFFW,Girona,19,2003,1.5,0,4,1,25.0,2.71,0.68,0.0,0.0,11.8,0.0,0,0,0.5,0.5,0.13,-0.5,-0.5,Matches
40,41,Santiago Arzamendia,py PAR,DFMF,Cádiz,24,1998,5.4,0,4,2,50.0,0.75,0.37,0.0,0.0,20.6,0.0,0,0,0.2,0.2,0.05,-0.2,-0.2,Matches
41,42,Sergio Asenjo,es ESP,GK,Valladolid,33,1989,10.0,0,0,0,,0.0,0.0,,,,0.0,0,0,0.0,0.0,,0.0,0.0,Matches
42,43,Marco Asensio,es ESP,FWMF,Real Madrid,26,1996,16.0,9,58,24,41.4,3.62,1.5,0.16,0.38,21.5,5.0,0,1,6.3,5.5,0.1,2.7,3.5,Matches
43,44,Iago Aspas,es ESP,FW,Celta Vigo,34,1987,31.9,12,75,29,38.7,2.35,0.91,0.13,0.34,19.5,7.0,2,3,11.0,8.7,0.12,1.0,1.3,Matches
44,45,Pierre-Emerick Aubameyang,ga GAB,FW,Barcelona,33,1989,0.1,0,1,0,0.0,10.0,0.0,0.0,,12.4,0.0,0,0,0.1,0.1,0.12,-0.1,-0.1,Matches
45,46,Ludwig Augustinsson,se SWE,DF,Mallorca,28,1994,1.5,0,0,0,,0.0,0.0,,,,0.0,0,0,0.0,0.0,,0.0,0.0,Matches
46,47,Ezequiel Ávila,ar ARG,FWMF,Osasuna,28,1994,19.0,8,64,21,32.8,3.37,1.11,0.09,0.29,21.9,2.0,2,3,7.0,4.7,0.07,1.0,1.3,Matches
47,48,Iddrisu Baba,gh GHA,MFDF,Mallorca,26,1996,18.9,0,12,2,16.7,0.63,0.11,0.0,0.0,24.0,0.0,0,0,0.6,0.6,0.05,-0.6,-0.6,Matches
48,49,Srđan Babić,rs SRB,DF,Almería,26,1996,33.3,3,9,5,55.6,0.27,0.15,0.33,0.6,10.1,0.0,0,0,1.2,1.2,0.13,1.8,1.8,Matches
49,50,Loïc Bade,fr FRA,DF,Sevilla,22,2000,16.1,1,4,2,50.0,0.25,0.12,0.25,0.5,7.8,0.0,0,0,0.3,0.3,0.07,0.7,0.7,Matches
50,51,Édgar Badía,es ESP,GK,Elche,30,1992,36.0,0,0,0,,0.0,0.0,,,,0.0,0,0,0.0,0.0,,0.0,0.0,Matches
51,52,Alex Baena,es ESP,MFFW,Villarreal,21,2001,21.6,6,62,22,35.5,2.87,1.02,0.1,0.27,22.6,3.0,0,0,3.9,3.9,0.06,2.1,2.1,Matches
52,53,Alejandro Balde,es ESP,DF,Barcelona,18,2003,27.5,1,19,4,21.1,0.69,0.15,0.05,0.25,17.9,0.0,0,0,1.9,1.9,0.1,-0.9,-0.9,Matches
53,54,Mikel Balenziaga,es ESP,DF,Athletic Club,34,1988,1.3,0,1,0,0.0,0.78,0.0,0.0,,24.4,0.0,0,0,0.0,0.0,0.03,0.0,0.0,Matches
54,55,Iván Balliu,al ALB,DF,Rayo Vallecano,30,1992,35.9,0,6,1,16.7,0.17,0.03,0.0,0.0,17.4,0.0,0,0,0.3,0.3,0.06,-0.3,-0.3,Matches
55,56,Léo Baptistão,br BRA,FWMF,Almería,29,1992,19.2,5,45,16,35.6,2.35,0.83,0.11,0.31,14.9,0.0,0,0,4.9,4.9,0.11,0.1,0.1,Matches
56,57,Keidi Bare,al ALB,MF,Espanyol,24,1997,5.6,0,5,3,60.0,0.89,0.54,0.0,0.0,17.9,0.0,0,0,0.6,0.6,0.12,-0.6,-0.6,Matches
57,58,Kike Barja,es ESP,FWMF,Osasuna,25,1997,14.6,1,17,6,35.3,1.17,0.41,0.06,0.17,15.3,0.0,0,0,1.2,1.2,0.07,-0.2,-0.2,Matches
58,59,Ander Barrenetxea,es ESP,FWDF,Real Sociedad,20,2001,9.8,3,18,12,66.7,1.85,1.23,0.17,0.25,14.9,2.0,0,0,3.0,3.0,0.17,0.0,0.0,Matches
59,60,Pablo Barrios,es ESP,MF,Atlético Madrid,19,2003,8.0,0,12,3,25.0,1.49,0.37,0.0,0.0,21.7,0.0,0,0,0.5,0.5,0.04,-0.5,-0.5,Matches
60,61,Rodrigo Battaglia,ar ARG,MF,Mallorca,31,1991,7.6,0,2,0,0.0,0.26,0.0,0.0,,18.0,0.0,0,0,0.2,0.2,0.08,-0.2,-0.2,Matches
61,62,Bebé,cv CPV,FW,Rayo Vallecano,32,1990,0.7,0,4,0,0.0,6.0,0.0,0.0,,32.7,0.0,0,0,0.1,0.1,0.02,-0.1,-0.1,Matches
62,63,Héctor Bellerín,es ESP,DF,Barcelona,27,1995,1.6,0,0,0,,0.0,0.0,,,,0.0,0,0,0.0,0.0,,0.0,0.0,Matches
63,64,Fran Beltrán,es ESP,MF,Celta Vigo,23,1999,31.7,0,24,2,8.3,0.76,0.06,0.0,0.0,27.3,0.0,0,0,0.9,0.9,0.04,-0.9,-0.9,Matches
64,65,Iker Benito,es ESP,FWMF,Osasuna,19,2002,2.0,0,0,0,,0.0,0.0,,,,0.0,0,0,0.0,0.0,,0.0,0.0,Matches
65,66,Karim Benzema,fr FRA,FW,Real Madrid,34,1987,22.6,19,99,36,36.4,4.37,1.59,0.12,0.33,15.9,6.0,7,8,21.5,14.9,0.15,-2.5,-2.9,Matches
66,67,Yuri Berchiche,es ESP,DF,Athletic Club,32,1990,26.7,1,28,7,25.0,1.05,0.26,0.04,0.14,20.4,0.0,0,0,1.3,1.3,0.05,-0.3,-0.3,Matches
67,68,Álex Berenguer,es ESP,FW,Athletic Club,27,1995,25.5,4,56,19,33.9,2.19,0.74,0.07,0.21,18.0,4.0,0,0,4.3,4.3,0.08,-0.3,-0.3,Matches
68,69,Pedro Bigas,es ESP,DF,Elche,31,1990,22.4,0,22,8,36.4,0.98,0.36,0.0,0.0,15.5,0.0,0,0,1.8,1.8,0.08,-1.8,-1.8,Matches
69,70,El Bilal Touré,ml MLI,FW,Almería,20,2001,14.0,7,29,14,48.3,2.06,1.0,0.24,0.5,11.5,0.0,0,0,6.3,6.3,0.22,0.7,0.7,Matches
70,71,Antonio Blanco,es ESP,MF,Cádiz,22,2000,1.8,0,0,0,,0.0,0.0,,,,0.0,0,0,0.0,0.0,,0.0,0.0,Matches
71,72,Lautaro Blanco,ar ARG,DFMF,Elche,23,1999,9.7,0,1,1,100.0,0.1,0.1,0.0,0.0,21.7,0.0,0,0,0.0,0.0,0.03,0.0,0.0,Matches
72,73,Theo Bongonda,cd COD,MFFW,Cádiz,26,1995,21.5,4,42,14,33.3,1.95,0.65,0.07,0.21,21.1,2.0,1,1,5.2,4.4,0.1,-1.2,-1.4,Matches
73,74,Yassine Bounou,ma MAR,GK,Sevilla,31,1991,23.9,0,0,0,,0.0,0.0,,,,0.0,0,0,0.0,0.0,,0.0,0.0,Matches
74,75,Lucas Boyé,ar ARG,FW,Elche,26,1996,27.4,7,71,20,28.2,2.6,0.73,0.1,0.35,14.4,1.0,0,1,8.3,7.5,0.11,-1.3,-0.5,Matches
75,76,Martin Braithwaite,dk DEN,FWMF,Espanyol,31,1991,27.3,10,58,25,43.1,2.13,0.92,0.17,0.4,16.0,4.0,0,0,9.2,9.2,0.16,0.8,0.8,Matches
76,77,Juan Brandáriz,es ESP,DF,Almería,23,1999,16.5,1,3,1,33.3,0.18,0.06,0.33,1.0,10.2,0.0,0,0,0.4,0.4,0.13,0.6,0.6,Matches
77,78,Darko Brašanac,rs SRB,MF,Osasuna,30,1992,11.6,1,11,4,36.4,0.95,0.35,0.09,0.25,12.4,0.0,0,0,1.2,1.2,0.1,-0.2,-0.2,Matches
78,79,Claudio Bravo,cl CHI,GK,Betis,39,1983,12.0,0,0,0,,0.0,0.0,,,,0.0,0,0,0.0,0.0,,0.0,0.0,Matches
79,80,Ante Budimir,hr CRO,FW,Osasuna,31,1991,20.0,8,58,21,36.2,2.9,1.05,0.14,0.38,11.6,0.0,0,0,7.6,7.6,0.13,0.4,0.4,Matches
80,81,Santiago Bueno,uy URU,DF,Girona,23,1998,33.4,0,13,3,23.1,0.39,0.09,0.0,0.0,12.2,0.0,0,0,1.3,1.3,0.1,-1.3,-1.3,Matches
81,82,Sergio Busquets,es ESP,MF,Barcelona,34,1988,26.0,0,9,2,22.2,0.35,0.08,0.0,0.0,23.5,0.0,0,0,0.4,0.4,0.05,-0.4,-0.4,Matches
82,83,Leandro Cabrera,uy URU,DF,Espanyol,31,1991,29.7,0,23,6,26.1,0.78,0.2,0.0,0.0,11.2,0.0,0,0,2.3,2.3,0.1,-2.3,-2.3,Matches
83,84,Cala,es ESP,DF,Cádiz,32,1989,1.5,0,1,0,0.0,0.66,0.0,0.0,,13.2,0.0,0,0,0.0,0.0,0.05,0.0,0.0,Matches
84,85,Fernando Calero,es ESP,DFMF,Espanyol,26,1995,17.9,0,7,2,28.6,0.39,0.11,0.0,0.0,9.1,0.0,0,0,0.7,0.7,0.1,-0.7,-0.7,Matches
85,86,Alexander Callens,pe PER,DF,Girona,30,1992,1.3,0,0,0,,0.0,0.0,,,,0.0,0,0,0.0,0.0,,0.0,0.0,Matches
86,87,Eduardo Camavinga,fr FRA,MFDF,Real Madrid,19,2002,22.3,0,18,3,16.7,0.81,0.13,0.0,0.0,23.2,0.0,0,0,0.8,0.8,0.04,-0.8,-0.8,Matches
87,88,Sergio Camello,es ESP,FW,Rayo Vallecano,21,2001,26.7,6,76,19,25.0,2.85,0.71,0.08,0.32,16.0,0.0,0,0,7.3,7.3,0.1,-1.3,-1.3,Matches
88,89,Sergio Canales,es ESP,FWMF,Betis,31,1991,26.7,4,38,10,26.3,1.42,0.37,0.08,0.3,22.8,6.0,1,1,4.3,3.5,0.09,-0.3,-0.5,Matches
89,90,Ander Capa,es ESP,DF,Athletic Club,30,1992,1.2,0,0,0,,0.0,0.0,,,,0.0,0,0,0.0,0.0,,0.0,0.0,Matches
90,91,Étienne Capoue,fr FRA,MF,Villarreal,34,1988,21.7,3,26,12,46.2,1.2,0.55,0.12,0.25,20.9,1.0,0,0,2.6,2.6,0.11,0.4,0.4,Matches
91,92,Isaac Carcelen,es ESP,DF,Cádiz,29,1993,24.4,0,7,1,14.3,0.29,0.04,0.0,0.0,27.9,3.0,0,0,0.2,0.2,0.03,-0.2,-0.2,Matches
92,93,Juan Carlos,es ESP,GK,Girona,34,1988,10.0,0,0,0,,0.0,0.0,,,,0.0,0,0,0.0,0.0,,0.0,0.0,Matches
93,94,José Carlos Lazo,es ESP,MFFW,Almería,26,1996,0.2,0,2,1,50.0,9.0,4.5,0.0,0.0,24.4,0.0,0,0,0.1,0.1,0.03,-0.1,-0.1,Matches
94,95,José Carlos Lazo,es ESP,MFFW,Espanyol,26,1996,1.8,1,4,1,25.0,2.26,0.57,0.25,1.0,21.1,1.0,0,0,0.2,0.2,0.06,0.8,0.8,Matches
95,96,Carmona,es ESP,MFDF,Elche,20,2002,6.5,1,5,3,60.0,0.76,0.46,0.2,0.33,17.9,0.0,0,0,0.4,0.4,0.08,0.6,0.6,Matches
96,97,Carmona,es ESP,DF,Sevilla,20,2002,5.9,2,5,2,40.0,0.85,0.34,0.4,1.0,14.3,0.0,0,0,0.8,0.8,0.17,1.2,1.2,Matches
97,98,Yannick Carrasco,be BEL,DFMF,Atlético Madrid,28,1993,25.7,7,66,21,31.8,2.56,0.82,0.09,0.29,17.2,2.0,1,1,8.0,7.2,0.11,-1.0,-1.2,Matches
98,99,Dani Carvajal,es ESP,DF,Real Madrid,30,1992,19.8,0,12,0,0.0,0.61,0.0,0.0,,17.5,0.0,0,0,0.8,0.8,0.06,-0.8,-0.8,Matches
99,100,William Carvalho,pt POR,MF,Betis,30,1992,27.1,3,26,9,34.6,0.96,0.33,0.12,0.33,16.5,0.0,0,0,3.1,3.1,0.12,-0.1,-0.1,Matches
100,101,Casemiro,br BRA,MF,Real Madrid,30,1992,0.1,0,0,0,,0.0,0.0,,,,0.0,0,0,0.0,0.0,,0.0,0.0,Matches
101,102,Valentín Castellanos,ar ARG,FW,Girona,23,1998,28.9,13,85,32,37.6,2.95,1.11,0.14,0.38,15.0,0.0,1,1,11.2,10.4,0.12,1.8,1.6,Matches
102,103,Samu Castillejo,es ESP,FWMF,Valencia,27,1995,15.1,4,37,10,27.0,2.44,0.66,0.11,0.4,18.5,2.0,0,0,2.9,2.9,0.08,1.1,1.1,Matches
103,104,Catena,es ESP,DF,Rayo Vallecano,27,1994,34.5,1,14,5,35.7,0.41,0.15,0.07,0.2,8.9,0.0,0,0,1.4,1.4,0.1,-0.4,-0.4,Matches
104,105,Edinson Cavani,uy URU,FW,Valencia,35,1987,16.1,5,31,8,25.8,1.93,0.5,0.1,0.38,14.7,3.0,2,3,6.0,3.6,0.12,-1.0,-0.6,Matches
105,106,Dani Ceballos,es ESP,MF,Real Madrid,25,1996,17.4,0,18,5,27.8,1.04,0.29,0.0,0.0,21.0,0.0,0,0,0.9,0.9,0.05,-0.9,-0.9,Matches
106,107,Álex Centelles,es ESP,DF,Almería,24,1997,12.5,1,5,2,40.0,0.4,0.16,0.2,0.5,21.2,0.0,0,0,0.4,0.4,0.08,0.6,0.6,Matches
107,108,Franco Cervi,ar ARG,MFDF,Celta Vigo,28,1994,21.0,0,23,6,26.1,1.09,0.29,0.0,0.0,19.4,0.0,0,0,2.3,2.3,0.1,-2.3,-2.3,Matches
108,109,Pep Chavarría,es ESP,FWMF,Rayo Vallecano,24,1998,4.1,0,2,0,0.0,0.49,0.0,0.0,,18.2,0.0,0,0,0.1,0.1,0.03,-0.1,-0.1,Matches
109,110,Pape Cheikh Diop,sn SEN,MF,Elche,24,1997,0.4,0,0,0,,0.0,0.0,,,,0.0,0,0,0.0,0.0,,0.0,0.0,Matches
110,111,Andreas Christensen,dk DEN,DF,Barcelona,26,1996,19.6,1,10,5,50.0,0.51,0.26,0.1,0.2,12.2,0.0,0,0,1.0,1.0,0.1,0.0,0.0,Matches
111,112,Samuel Chukwueze,ng NGA,FWMF,Villarreal,23,1999,26.0,6,60,17,28.3,2.31,0.65,0.1,0.35,17.4,0.0,0,0,6.5,6.5,0.11,-0.5,-0.5,Matches
112,113,Víctor Chust,es ESP,DF,Cádiz,22,2000,10.7,1,2,2,100.0,0.19,0.19,0.5,0.5,7.0,0.0,0,0,0.9,0.9,0.47,0.1,0.1,Matches
113,114,Pathé Ciss,sn SEN,MFDF,Rayo Vallecano,28,1994,14.2,1,20,5,25.0,1.4,0.35,0.05,0.2,18.8,0.0,0,0,2.6,2.6,0.13,-1.6,-1.6,Matches
114,115,Carlos Clerc,es ESP,DFMF,Elche,30,1992,29.3,0,9,3,33.3,0.31,0.1,0.0,0.0,17.9,0.0,0,0,0.6,0.6,0.06,-0.6,-0.6,Matches
115,116,Álex Collado,es ESP,MF,Elche,23,1999,8.1,1,17,6,35.3,2.1,0.74,0.06,0.17,22.9,0.0,0,0,0.6,0.6,0.04,0.4,0.4,Matches
116,117,Diego Collado,es ESP,FW,Villarreal,21,2001,0.1,0,0,0,,0.0,0.0,,,,0.0,0,0,0.0,0.0,,0.0,0.0,Matches
117,118,Eray Cömert,ch SUI,DF,Valencia,24,1998,18.6,1,10,6,60.0,0.54,0.32,0.1,0.17,18.2,0.0,0,0,0.5,0.5,0.05,0.5,0.5,Matches
118,119,Santi Comesaña,es ESP,MF,Rayo Vallecano,25,1996,27.2,3,25,7,28.0,0.92,0.26,0.12,0.43,16.2,0.0,0,0,2.5,2.5,0.11,0.5,0.5,Matches
119,120,Copete,es ESP,DF,Mallorca,22,1999,24.5,1,6,1,16.7,0.24,0.04,0.17,1.0,7.8,0.0,0,0,1.0,0.5,0.09,0.0,0.5,Matches
120,121,Francis Coquelin,fr FRA,MF,Villarreal,31,1991,8.3,1,7,1,14.3,0.84,0.12,0.14,1.0,15.5,0.0,0,0,1.0,1.0,0.14,0.0,0.0,Matches
121,122,Jesús Corona,mx MEX,FW,Sevilla,29,1993,1.2,1,1,1,100.0,0.81,0.81,1.0,1.0,11.8,0.0,0,0,0.5,0.5,0.46,0.5,0.5,Matches
122,123,Ángel Correa,ar ARG,FWMF,Atlético Madrid,27,1995,16.2,9,43,18,41.9,2.66,1.11,0.21,0.5,15.3,0.0,0,0,7.1,7.1,0.17,1.9,1.9,Matches
123,124,Thierry Correia,pt POR,DF,Valencia,23,1999,22.3,0,6,0,0.0,0.27,0.0,0.0,,19.1,0.0,0,0,0.3,0.3,0.05,-0.3,-0.3,Matches
124,125,Jaume Costa,es ESP,DF,Mallorca,34,1988,28.9,0,11,6,54.5,0.38,0.21,0.0,0.0,15.7,0.0,0,0,1.0,1.0,0.09,-1.0,-1.0,Matches
125,126,Samu Costa,pt POR,MF,Almería,21,2000,22.1,1,20,7,35.0,0.9,0.32,0.05,0.14,20.0,2.0,0,0,1.7,1.7,0.08,-0.7,-0.7,Matches
126,127,Thibaut Courtois,be BEL,GK,Real Madrid,30,1992,31.0,0,0,0,,0.0,0.0,,,,0.0,0,0,0.0,0.0,,0.0,0.0,Matches
127,128,Yan Couto,br BRA,DFMF,Girona,20,2002,12.9,1,8,1,12.5,0.62,0.08,0.13,1.0,20.2,0.0,0,0,0.5,0.5,0.07,0.5,0.5,Matches
128,129,Juan Cruz Armada,es ESP,DF,Osasuna,30,1992,22.9,0,2,0,0.0,0.09,0.0,0.0,,16.0,0.0,0,0,0.2,0.2,0.12,-0.2,-0.2,Matches
129,130,Juan Cruz,es ESP,FW,Betis,22,2000,2.0,1,5,2,40.0,2.53,1.01,0.2,0.5,16.4,0.0,0,0,0.5,0.5,0.09,0.5,0.5,Matches
130,131,Jorge Cuenca,es ESP,DF,Villarreal,22,1999,5.6,0,4,0,0.0,0.71,0.0,0.0,,10.9,0.0,0,0,0.4,0.4,0.11,-0.4,-0.4,Matches
131,132,Braian Cufré,ar ARG,DF,Mallorca,25,1996,2.4,0,3,0,0.0,1.23,0.0,0.0,,21.5,0.0,0,0,0.1,0.1,0.03,-0.1,-0.1,Matches
132,133,Matheus Cunha,br BRA,FWMF,Atlético Madrid,23,1999,4.2,0,12,8,66.7,2.86,1.91,0.0,0.0,16.1,0.0,0,0,1.4,1.4,0.12,-1.4,-1.4,Matches
133,134,Curro,es ESP,MF,Almería,26,1996,0.5,0,1,1,100.0,2.09,2.09,0.0,0.0,15.9,0.0,0,0,0.1,0.1,0.09,-0.1,-0.1,Matches
134,135,Arnaut Danjuma,nl NED,FW,Villarreal,25,1997,5.3,2,11,4,36.4,2.07,0.75,0.09,0.25,16.7,0.0,1,1,2.7,1.9,0.17,-0.7,-0.9,Matches
135,136,Sergi Darder,es ESP,MF,Espanyol,28,1993,36.9,6,39,13,33.3,1.06,0.35,0.15,0.46,22.6,0.0,0,0,3.5,3.5,0.09,2.5,2.5,Matches
136,137,Rodrigo De Paul,ar ARG,MF,Atlético Madrid,28,1994,21.4,2,21,5,23.8,0.98,0.23,0.1,0.4,24.5,1.0,0,0,1.6,1.6,0.07,0.4,0.4,Matches
137,138,Alberto Del Moral,es ESP,MF,Villarreal,22,2000,0.1,0,0,0,,0.0,0.0,,,,0.0,0,0,0.0,0.0,,0.0,0.0,Matches
138,139,Thomas Delaney,dk DEN,MF,Sevilla,30,1991,3.4,0,3,1,33.3,0.87,0.29,0.0,0.0,18.8,0.0,0,0,0.2,0.2,0.05,-0.2,-0.2,Matches
139,140,Fran Delgado,es ESP,DF,Betis,21,2001,0.1,0,0,0,,0.0,0.0,,,,0.0,0,0,0.0,0.0,,0.0,0.0,Matches
140,141,Ousmane Dembélé,fr FRA,FW,Barcelona,25,1997,15.7,5,49,16,32.7,3.13,1.02,0.1,0.31,16.7,0.0,0,0,3.9,3.9,0.08,1.1,1.1,Matches
141,142,Mouctar Diakhaby,gn GUI,DF,Valencia,25,1996,27.2,3,21,7,33.3,0.77,0.26,0.14,0.43,10.9,0.0,0,0,2.7,2.7,0.13,0.3,0.3,Matches
142,143,Mamady Diarra,ml MLI,MFDF,Cádiz,22,2000,0.7,0,3,0,0.0,4.09,0.0,0.0,,16.5,0.0,0,0,0.1,0.1,0.05,-0.1,-0.1,Matches
143,144,Youba Diarra,ml MLI,MF,Cádiz,24,1998,1.1,0,0,0,,0.0,0.0,,,,0.0,0,0,0.0,0.0,,0.0,0.0,Matches
144,145,Stole Dimitrievski,mk MKD,GK,Rayo Vallecano,28,1993,36.9,0,0,0,,0.0,0.0,,,,0.0,0,0,0.0,0.0,,0.0,0.0,Matches
145,146,Djené,tg TOG,DF,Getafe,30,1991,31.6,0,9,1,11.1,0.29,0.03,0.0,0.0,15.3,0.0,0,0,0.6,0.6,0.06,-0.6,-0.6,Matches
146,147,Marko Dmitrović,rs SRB,GK,Sevilla,30,1992,14.1,0,0,0,,0.0,0.0,,,,0.0,0,0,0.0,0.0,,0.0,0.0,Matches
147,148,Matt Doherty,ie IRL,DF,Atlético Madrid,30,1992,0.2,0,0,0,,0.0,0.0,,,,0.0,0,0,0.0,0.0,,0.0,0.0,Matches
148,149,Kasper Dolberg,dk DEN,FW,Sevilla,24,1997,2.2,0,2,1,50.0,0.91,0.46,0.0,0.0,17.3,0.0,0,0,0.0,0.0,0.02,0.0,0.0,Matches
149,150,Carlos Dominguez,es ESP,DF,Celta Vigo,21,2001,1.2,0,1,1,100.0,0.83,0.83,0.0,0.0,21.5,0.0,0,0,0.0,0.0,0.03,0.0,0.0,Matches
150,151,John Donald,es ESP,MFDF,Elche,21,2000,12.1,0,2,0,0.0,0.16,0.0,0.0,,11.1,0.0,0,0,0.1,0.1,0.05,-0.1,-0.1,Matches
151,152,Domingos Duarte,pt POR,DF,Getafe,27,1995,29.5,0,16,4,25.0,0.54,0.14,0.0,0.0,11.0,0.0,0,0,1.3,1.3,0.08,-1.3,-1.3,Matches
152,153,Pablo Durán,es ESP,MFDF,Celta Vigo,21,2001,0.4,0,0,0,,0.0,0.0,,,,0.0,0,0,0.0,0.0,,0.0,0.0,Matches
153,154,Hugo Duro,es ESP,FW,Valencia,22,1999,15.4,1,32,9,28.1,2.08,0.58,0.03,0.11,11.9,0.0,0,1,4.4,3.6,0.11,-3.4,-2.6,Matches
154,155,Íñigo Eguaras,es ESP,MF,Almería,30,1992,10.7,1,8,3,37.5,0.74,0.28,0.13,0.33,21.2,0.0,0,0,1.0,1.0,0.13,0.0,0.0,Matches
155,156,Aritz Elustondo,es ESP,DF,Real Sociedad,28,1994,16.1,0,8,0,0.0,0.5,0.0,0.0,,21.5,0.0,0,0,0.7,0.7,0.09,-0.7,-0.7,Matches
156,157,Rodrigo Ely,br BRA,DF,Almería,28,1993,35.1,0,19,1,5.3,0.54,0.03,0.0,0.0,14.7,1.0,0,0,1.0,1.0,0.05,-1.0,-1.0,Matches
157,158,Adri Embarba,es ESP,FWMF,Almería,30,1992,16.4,4,47,19,40.4,2.87,1.16,0.06,0.16,23.9,13.0,1,1,3.8,3.1,0.06,0.2,-0.1,Matches
158,159,Adri Embarba,es ESP,FW,Espanyol,30,1992,0.4,0,2,0,0.0,5.14,0.0,0.0,,29.8,0.0,0,0,0.1,0.1,0.04,-0.1,-0.1,Matches
159,160,Youssef En-Nesyri,ma MAR,FW,Sevilla,25,1997,18.5,8,60,23,38.3,3.25,1.25,0.13,0.35,11.6,0.0,0,0,8.1,8.1,0.14,-0.1,-0.1,Matches
160,161,Gonzalo Escalante,ar ARG,MF,Cádiz,29,1993,12.5,4,14,6,42.9,1.12,0.48,0.29,0.67,12.5,0.0,0,0,3.5,3.5,0.25,0.5,0.5,Matches
161,162,Sergio Escudero,es ESP,DF,Valladolid,32,1989,16.0,1,27,7,25.9,1.69,0.44,0.04,0.14,23.4,3.0,0,0,1.5,1.5,0.06,-0.5,-0.5,Matches
162,163,Alfonso Espino,uy URU,DF,Cádiz,30,1992,34.7,0,20,1,5.0,0.58,0.03,0.0,0.0,28.9,0.0,0,0,1.5,1.5,0.08,-1.5,-1.5,Matches
163,164,Bernardo Espinosa,co COL,DF,Girona,33,1989,13.6,1,11,5,45.5,0.81,0.37,0.09,0.2,10.7,0.0,0,0,1.2,1.2,0.11,-0.2,-0.2,Matches
164,165,Edu Expósito,es ESP,MF,Espanyol,25,1996,12.9,2,19,7,36.8,1.47,0.54,0.11,0.29,24.7,2.0,0,0,0.9,0.9,0.05,1.1,1.1,Matches
165,166,Nicolás Ezequiel Fernández,ar ARG,MFDF,Elche,22,2000,5.7,0,5,2,40.0,0.88,0.35,0.0,0.0,14.7,0.0,0,0,0.4,0.4,0.08,-0.4,-0.4,Matches
166,167,Abdessamad Ezzalzouli,ma MAR,FWMF,Osasuna,20,2001,16.7,4,40,16,40.0,2.39,0.96,0.1,0.25,19.1,2.0,0,0,2.7,2.7,0.07,1.3,1.3,Matches
167,168,Radamel Falcao,co COL,FWMF,Rayo Vallecano,36,1986,6.8,2,20,4,20.0,2.92,0.58,0.05,0.25,16.2,0.0,1,1,2.9,2.1,0.1,-0.9,-1.1,Matches
168,169,Fali,es ESP,DFMF,Cádiz,28,1993,19.0,0,9,0,0.0,0.47,0.0,0.0,,16.6,0.0,0,0,0.6,0.6,0.07,-0.6,-0.6,Matches
169,170,Mamadou Fall,sn SEN,DF,Villarreal,19,2002,0.3,0,0,0,,0.0,0.0,,,,0.0,0,0,0.0,0.0,,0.0,0.0,Matches
170,171,Ansu Fati,es ESP,FW,Barcelona,19,2002,15.5,7,61,18,29.5,3.94,1.16,0.11,0.39,15.0,3.0,0,0,9.1,9.1,0.16,-2.1,-2.1,Matches
171,172,Zouhair Feddal,ma MAR,DF,Valladolid,33,1989,4.2,0,1,0,0.0,0.24,0.0,0.0,,3.5,0.0,0,0,0.2,0.2,0.2,-0.2,-0.2,Matches
172,173,Nabil Fekir,fr FRA,MF,Betis,29,1993,10.7,2,24,6,25.0,2.25,0.56,0.04,0.17,21.5,9.0,1,1,2.4,1.6,0.07,-0.4,-0.6,Matches
173,174,Felipe,br BRA,DF,Atlético Madrid,33,1989,2.2,0,1,0,0.0,0.46,0.0,0.0,,10.6,0.0,0,0,0.0,0.0,0.03,0.0,0.0,Matches
174,175,Luiz Felipe,it ITA,DF,Betis,25,1997,19.6,0,3,1,33.3,0.15,0.05,0.0,0.0,11.2,0.0,0,0,0.2,0.2,0.06,-0.2,-0.2,Matches
175,176,João Félix,pt POR,FWMF,Atlético Madrid,22,1999,7.2,4,26,12,46.2,3.6,1.66,0.15,0.33,18.9,1.0,0,0,2.6,2.6,0.1,1.4,1.4,Matches
176,177,Kiko Femenía,es ESP,DF,Villarreal,31,1991,12.6,0,2,0,0.0,0.16,0.0,0.0,,23.7,0.0,0,0,0.1,0.1,0.03,-0.1,-0.1,Matches
177,178,Aitor Fernández,es ESP,GK,Osasuna,31,1991,21.0,0,0,0,,0.0,0.0,,,,0.0,0,0,0.0,0.0,,0.0,0.0,Matches
178,179,Álex Fernández,es ESP,MFFW,Cádiz,29,1992,17.5,3,16,8,50.0,0.91,0.46,0.13,0.25,12.9,0.0,1,1,2.7,1.9,0.12,0.3,0.1,Matches
179,180,Álvaro Fernández,es ESP,GK,Espanyol,24,1998,11.0,0,0,0,,0.0,0.0,,,,0.0,0,0,0.0,0.0,,0.0,0.0,Matches
180,181,Carlos Fernández,es ESP,FW,Real Sociedad,26,1996,7.0,1,21,5,23.8,3.0,0.71,0.05,0.2,13.1,0.0,0,0,2.4,2.4,0.11,-1.4,-1.4,Matches
181,182,Federico Fernández,ar ARG,DF,Elche,33,1989,1.0,0,0,0,,0.0,0.0,,,,0.0,0,0,0.0,0.0,,0.0,0.0,Matches
182,183,Joaquín Fernández,es ESP,DF,Valladolid,26,1996,24.0,1,10,1,10.0,0.42,0.04,0.1,1.0,13.5,0.0,0,0,0.5,0.5,0.05,0.5,0.5,Matches
183,184,Valery Fernández,es ESP,MFDF,Girona,22,1999,10.7,0,7,0,0.0,0.65,0.0,0.0,,16.6,0.0,0,0,0.7,0.7,0.11,-0.7,-0.7,Matches
184,185,Fernando,es ESP,GK,Almería,32,1990,36.5,0,0,0,,0.0,0.0,,,,0.0,0,0,0.0,0.0,,0.0,0.0,Matches
185,186,Fernando,br BRA,MFDF,Sevilla,35,1987,17.5,0,6,0,0.0,0.34,0.0,0.0,,24.7,0.0,0,0,0.2,0.2,0.04,-0.2,-0.2,Matches
186,187,Fidel,es ESP,MFFW,Elche,32,1989,19.0,3,13,2,15.4,0.68,0.11,0.15,1.0,15.6,0.0,1,1,2.3,1.5,0.11,0.7,0.5,Matches
187,188,Dimitri Foulquier,fr FRA,DF,Valencia,29,1993,19.3,0,3,0,0.0,0.16,0.0,0.0,,13.3,0.0,0,0,0.2,0.2,0.05,-0.2,-0.2,Matches
188,189,Juan Foyth,ar ARG,DF,Villarreal,24,1998,21.8,1,14,4,28.6,0.64,0.18,0.07,0.25,13.7,0.0,0,0,1.1,1.1,0.08,-0.1,-0.1,Matches
189,190,Iván Fresneda,es ESP,DF,Valladolid,17,2004,19.4,0,4,0,0.0,0.21,0.0,0.0,,17.8,0.0,0,0,0.6,0.6,0.15,-0.6,-0.6,Matches
190,191,Javi Galán,es ESP,DF,Celta Vigo,27,1994,35.1,0,13,1,7.7,0.37,0.03,0.0,0.0,22.4,0.0,0,0,0.6,0.6,0.05,-0.6,-0.6,Matches
191,192,Iñigo Ruiz de Galarreta,es ESP,MF,Mallorca,28,1993,27.2,0,10,2,20.0,0.37,0.07,0.0,0.0,25.3,0.0,0,0,0.3,0.3,0.03,-0.3,-0.3,Matches
192,193,Aleix García,es ESP,MF,Girona,25,1997,26.0,1,32,14,43.8,1.23,0.54,0.03,0.07,23.2,4.0,0,0,1.8,1.8,0.06,-0.8,-0.8,Matches
193,194,Álvaro García,es ESP,FWMF,Rayo Vallecano,29,1992,31.9,5,52,21,40.4,1.63,0.66,0.1,0.24,17.7,0.0,0,0,3.6,3.6,0.07,1.4,1.4,Matches
194,195,Borja García,es ESP,MFFW,Girona,31,1990,7.5,1,8,3,37.5,1.06,0.4,0.13,0.33,20.9,0.0,0,0,0.7,0.7,0.09,0.3,0.3,Matches
195,196,Carlos García,es ESP,DF,Cádiz,22,2000,0.3,0,0,0,,0.0,0.0,,,,0.0,0,0,0.0,0.0,,0.0,0.0,Matches
196,197,Dani García,es ESP,MF,Athletic Club,32,1990,16.5,0,9,0,0.0,0.55,0.0,0.0,,18.2,0.0,0,0,1.4,1.4,0.16,-1.4,-1.4,Matches
197,198,David García,es ESP,DF,Osasuna,28,1994,29.8,2,15,3,20.0,0.5,0.1,0.13,0.67,10.2,0.0,0,0,0.7,0.7,0.05,1.3,1.3,Matches
198,199,Eric García,es ESP,DFMF,Barcelona,21,2001,15.7,1,7,1,14.3,0.44,0.06,0.14,1.0,12.9,0.0,0,0,1.6,1.6,0.22,-0.6,-0.6,Matches
199,200,Fran Garcia,es ESP,DF,Rayo Vallecano,22,1999,37.9,2,30,11,36.7,0.79,0.29,0.07,0.18,27.9,0.0,0,0,1.2,1.2,0.04,0.8,0.8,Matches
200,201,Joan García,es ESP,GK,Espanyol,21,2001,1.0,0,0,0,,0.0,0.0,,,,0.0,0,0,0.0,0.0,,0.0,0.0,Matches
201,202,Raúl García,es ESP,FWMF,Athletic Club,36,1986,10.7,2,52,14,26.9,4.84,1.3,0.04,0.14,14.6,0.0,0,0,5.2,5.2,0.1,-3.2,-3.2,Matches
202,203,Rubén García,es ESP,FWMF,Osasuna,29,1993,12.9,2,20,4,20.0,1.55,0.31,0.1,0.5,19.1,1.0,0,0,1.8,1.8,0.09,0.2,0.2,Matches
203,204,Unai García,es ESP,DF,Osasuna,30,1992,19.0,0,5,2,40.0,0.26,0.11,0.0,0.0,12.8,0.0,0,0,0.2,0.2,0.05,-0.2,-0.2,Matches
204,205,Felix Garreta,es ESP,DF,Betis,18,2004,1.0,0,0,0,,0.0,0.0,,,,0.0,0,0,0.0,0.0,,0.0,0.0,Matches
205,206,Aleix Garrido,es ESP,FW,Barcelona,18,2004,0.1,0,0,0,,0.0,0.0,,,,0.0,0,0,0.0,0.0,,0.0,0.0,Matches
206,207,Sékou Gassama,sn SEN,FW,Valladolid,27,1995,0.4,0,2,0,0.0,5.0,0.0,0.0,,10.7,0.0,0,0,0.4,0.4,0.21,-0.4,-0.4,Matches
207,208,Gavi,es ESP,MFFW,Barcelona,17,2004,28.1,2,28,8,28.6,1.0,0.28,0.07,0.25,16.6,0.0,0,0,3.2,3.2,0.11,-1.2,-1.2,Matches
208,209,Paulo Gazzaniga,ar ARG,GK,Girona,30,1992,28.0,0,0,0,,0.0,0.0,,,,0.0,0,0,0.0,0.0,,0.0,0.0,Matches
209,210,Bryan Gil,es ESP,FWDF,Sevilla,21,2001,10.2,2,17,4,23.5,1.67,0.39,0.12,0.5,13.7,0.0,0,0,2.9,2.9,0.17,-0.9,-0.9,Matches
210,211,David Gil,es ESP,GK,Cádiz,28,1994,4.0,0,0,0,,0.0,0.0,,,,0.0,0,0,0.0,0.0,,0.0,0.0,Matches
211,212,Óscar Gil,es ESP,DF,Espanyol,25,1997,28.4,0,11,2,18.2,0.39,0.07,0.0,0.0,18.9,0.0,0,0,0.6,0.6,0.05,-0.6,-0.6,Matches
212,213,Álvaro Giménez,es ESP,FW,Cádiz,31,1991,0.2,0,0,0,,0.0,0.0,,,,0.0,0,0,0.0,0.0,,0.0,0.0,Matches
213,214,Dani Gómez,es ESP,MFFW,Espanyol,24,1998,1.0,0,0,0,,0.0,0.0,,,,0.0,0,0,0.0,0.0,,0.0,0.0,Matches
214,215,Maxi Gómez,uy URU,FW,Valencia,25,1996,1.2,0,3,0,0.0,2.5,0.0,0.0,,18.9,1.0,0,0,0.2,0.2,0.07,-0.2,-0.2,Matches
215,216,Moi Gómez,es ESP,MFFW,Osasuna,28,1994,27.3,3,19,9,47.4,0.7,0.33,0.16,0.33,21.0,0.0,0,0,1.8,1.8,0.09,1.2,1.2,Matches
216,217,Papu Gómez,ar ARG,FWMF,Sevilla,34,1988,11.8,1,22,7,31.8,1.86,0.59,0.05,0.14,21.4,0.0,0,0,1.4,1.4,0.06,-0.4,-0.4,Matches
217,218,Sergi Gómez,es ESP,DF,Espanyol,30,1992,26.0,0,9,4,44.4,0.35,0.15,0.0,0.0,12.8,0.0,0,0,0.9,0.9,0.1,-0.9,-0.9,Matches
218,219,Antonio Gomis,es ESP,GK,Atlético Madrid,19,2003,0.1,0,0,0,,0.0,0.0,,,,0.0,0,0,0.0,0.0,,0.0,0.0,Matches
219,220,Diego González,es ESP,DF,Elche,27,1995,10.6,0,6,0,0.0,0.56,0.0,0.0,,12.8,0.0,0,0,0.8,0.8,0.13,-0.8,-0.8,Matches
220,221,Édgar González,es ESP,DF,Betis,25,1997,19.7,0,9,3,33.3,0.46,0.15,0.0,0.0,9.7,0.0,0,0,1.2,1.2,0.14,-1.2,-1.2,Matches
221,222,Giovanni González,uy URU,DF,Mallorca,27,1994,10.3,0,4,0,0.0,0.39,0.0,0.0,,19.0,0.0,0,0,0.2,0.2,0.05,-0.2,-0.2,Matches
222,223,Nicolás González,es ESP,MF,Valencia,20,2002,15.6,1,14,3,21.4,0.9,0.19,0.07,0.33,15.2,0.0,0,0,1.5,1.5,0.11,-0.5,-0.5,Matches
223,224,Roberto González,es ESP,FWMF,Betis,21,2001,0.6,0,0,0,,0.0,0.0,,,,0.0,0,0,0.0,0.0,,0.0,0.0,Matches
224,225,Andoni Gorosabel,es ESP,DF,Real Sociedad,25,1996,19.0,0,14,1,7.1,0.74,0.05,0.0,0.0,21.7,0.0,0,0,0.6,0.6,0.04,-0.6,-0.6,Matches
225,226,José Gragera,es ESP,MFDF,Espanyol,21,2000,5.1,1,4,1,25.0,0.78,0.2,0.25,1.0,11.6,0.0,0,0,0.7,0.7,0.22,0.3,0.3,Matches
226,227,Ivo Grbić,hr CRO,GK,Atlético Madrid,26,1996,10.2,0,0,0,,0.0,0.0,,,,0.0,0,0,0.0,0.0,,0.0,0.0,Matches
227,228,Dominik Greif,sk SVK,GK,Mallorca,25,1997,1.0,0,0,0,,0.0,0.0,,,,0.0,0,0,0.0,0.0,,0.0,0.0,Matches
228,229,Clément Grenier,fr FRA,MF,Mallorca,31,1991,8.0,0,3,2,66.7,0.38,0.25,0.0,0.0,23.1,1.0,0,0,0.2,0.2,0.07,-0.2,-0.2,Matches
229,230,Antoine Griezmann,fr FRA,FWMF,Atlético Madrid,31,1991,31.8,15,111,44,39.6,3.49,1.39,0.14,0.34,17.6,5.0,0,0,12.3,12.3,0.11,2.7,2.7,Matches
230,231,Andrés Guardado,mx MEX,MF,Betis,35,1986,15.3,1,8,3,37.5,0.52,0.2,0.13,0.33,23.2,1.0,0,0,0.3,0.3,0.04,0.7,0.7,Matches
231,232,Sergi Guardiola,es ESP,FW,Valladolid,31,1991,5.6,0,11,3,27.3,1.97,0.54,0.0,0.0,17.7,0.0,0,0,1.0,1.0,0.09,-1.0,-1.0,Matches
232,233,Sergi Guardiola,es ESP,FW,Cádiz,31,1991,12.9,3,27,13,48.1,2.09,1.0,0.11,0.23,15.5,0.0,0,0,3.4,3.4,0.12,-0.4,-0.4,Matches
233,234,Nemanja Gudelj,rs SRB,DFMF,Sevilla,30,1991,30.9,3,38,9,23.7,1.23,0.29,0.08,0.33,25.8,3.0,0,0,1.7,1.7,0.05,1.3,1.3,Matches
234,235,Javier Guerra,es ESP,MF,Valencia,19,2003,6.7,1,15,6,40.0,2.23,0.89,0.07,0.17,20.8,0.0,0,0,0.9,0.9,0.06,0.1,0.1,Matches
235,236,Ander Guevara,es ESP,MF,Real Sociedad,25,1997,2.5,0,1,0,0.0,0.41,0.0,0.0,,23.7,0.0,0,0,0.0,0.0,0.03,0.0,0.0,Matches
236,237,Pape Gueye,sn SEN,MF,Sevilla,23,1999,13.0,1,20,5,25.0,1.54,0.38,0.05,0.2,19.2,0.0,0,0,1.3,1.3,0.06,-0.3,-0.3,Matches
237,238,Hugo Guillamón,es ESP,MF,Valencia,22,2000,18.1,1,3,1,33.3,0.17,0.06,0.0,0.0,22.7,0.0,1,1,1.1,0.3,0.1,-0.1,-0.3,Matches
238,239,Gerard Gumbau,es ESP,MF,Elche,27,1994,30.4,1,47,18,38.3,1.55,0.59,0.02,0.06,25.5,6.0,0,0,2.3,2.3,0.05,-1.3,-1.3,Matches
239,240,Gorka Guruzeta,es ESP,FW,Athletic Club,25,1996,15.8,6,51,17,33.3,3.23,1.08,0.12,0.35,12.7,2.0,0,0,6.1,6.1,0.12,-0.1,-0.1,Matches
240,241,Raúl Guti,es ESP,MF,Elche,25,1996,12.4,0,20,8,40.0,1.61,0.64,0.0,0.0,18.9,0.0,0,0,1.6,1.6,0.08,-1.6,-1.6,Matches
241,242,Miguel Gutiérrez,es ESP,DF,Girona,21,2001,26.6,2,17,4,23.5,0.64,0.15,0.12,0.5,19.4,0.0,0,0,0.8,0.8,0.05,1.2,1.2,Matches
242,243,Munir El Haddadi,ma MAR,MFFW,Getafe,26,1995,12.8,3,32,9,28.1,2.5,0.7,0.09,0.33,18.1,2.0,0,0,2.7,2.7,0.09,0.3,0.3,Matches
243,244,Dennis Hadzikadunic,ba BIH,DF,Mallorca,24,1998,6.8,0,5,1,20.0,0.73,0.15,0.0,0.0,15.2,0.0,0,0,0.3,0.3,0.07,-0.3,-0.3,Matches
244,245,Haissem Hassan,fr FRA,FWMF,Villarreal,20,2002,0.6,0,0,0,,0.0,0.0,,,,0.0,0,0,0.0,0.0,,0.0,0.0,Matches
245,246,Eden Hazard,be BEL,FW,Real Madrid,31,1991,2.2,0,2,0,0.0,0.92,0.0,0.0,,21.6,0.0,0,1,1.0,0.2,0.09,-1.0,-0.2,Matches
246,247,Luiz Henrique,br BRA,FW,Betis,21,2001,20.1,1,42,17,40.5,2.09,0.85,0.02,0.06,19.7,0.0,0,0,2.9,2.9,0.07,-1.9,-1.9,Matches
247,248,Mario Hermoso,es ESP,DF,Atlético Madrid,27,1995,23.4,3,15,5,33.3,0.64,0.21,0.2,0.6,16.1,0.0,0,0,2.1,2.1,0.15,0.9,0.9,Matches
248,249,Javi Hernández ,es ESP,DF,Girona,24,1998,12.4,1,16,6,37.5,1.29,0.48,0.06,0.17,21.1,0.0,0,0,1.3,1.3,0.08,-0.3,-0.3,Matches
249,250,Aridane Hernández,es ESP,DF,Osasuna,33,1989,19.9,0,5,1,20.0,0.25,0.05,0.0,0.0,11.0,0.0,0,0,0.2,0.2,0.04,-0.2,-0.2,Matches
250,251,Luis Hernández,es ESP,DF,Cádiz,33,1989,35.0,0,7,1,14.3,0.2,0.03,0.0,0.0,12.2,0.0,0,0,0.3,0.3,0.04,-0.3,-0.3,Matches
251,252,Mario Hernández,es ESP,DF,Rayo Vallecano,23,1999,1.1,0,2,0,0.0,1.75,0.0,0.0,,27.9,0.0,0,0,0.1,0.1,0.03,-0.1,-0.1,Matches
252,253,Jorge Herrando,es ESP,DF,Osasuna,21,2001,0.3,0,0,0,,0.0,0.0,,,,0.0,0,0,0.0,0.0,,0.0,0.0,Matches
253,254,Ander Herrera,es ESP,MF,Athletic Club,32,1989,7.7,0,10,1,10.0,1.29,0.13,0.0,0.0,20.9,2.0,0,0,0.5,0.5,0.05,-0.5,-0.5,Matches
254,255,Sergio Herrera,es ESP,GK,Osasuna,29,1993,17.0,0,0,0,,0.0,0.0,,,,0.0,0,0,0.0,0.0,,0.0,0.0,Matches
255,256,Yangel Herrera,ve VEN,MFFW,Girona,24,1998,10.7,2,24,8,33.3,2.24,0.75,0.08,0.25,17.9,0.0,0,0,2.3,2.3,0.09,-0.3,-0.3,Matches
256,257,Omar El Hilali,ma MAR,DFMF,Espanyol,18,2003,1.0,0,0,0,,0.0,0.0,,,,0.0,0,0,0.0,0.0,,0.0,0.0,Matches
257,258,Martin Hongla,cm CMR,DFMF,Valladolid,24,1998,14.5,0,1,0,0.0,0.07,0.0,0.0,,33.5,0.0,0,0,0.0,0.0,0.03,0.0,0.0,Matches
258,259,Pablo Ibáñez,es ESP,MF,Osasuna,23,1998,11.8,0,20,6,30.0,1.69,0.51,0.0,0.0,22.4,0.0,0,0,1.3,1.3,0.06,-1.3,-1.3,Matches
259,260,Iglesias,es ESP,DFMF,Getafe,24,1998,23.8,1,21,7,33.3,0.88,0.29,0.05,0.14,20.1,0.0,0,0,0.9,0.9,0.04,0.1,0.1,Matches
260,261,Borja Iglesias,es ESP,FW,Betis,29,1993,26.3,15,58,21,36.2,2.21,0.8,0.17,0.48,15.2,0.0,5,6,14.9,10.2,0.18,0.1,-0.2,Matches
261,262,Asier Illarramendi,es ESP,MF,Real Sociedad,32,1990,12.0,1,11,3,27.3,0.92,0.25,0.09,0.33,20.5,0.0,0,0,0.8,0.8,0.07,0.2,0.2,Matches
262,263,Alexander Isak,se SWE,FW,Real Sociedad,22,1999,1.7,1,3,1,33.3,1.78,0.59,0.33,1.0,12.0,0.0,0,0,0.2,0.2,0.07,0.8,0.8,Matches
263,264,Isco,es ESP,MFFW,Sevilla,30,1992,8.9,0,4,1,25.0,0.45,0.11,0.0,0.0,15.6,0.0,0,0,0.4,0.4,0.11,-0.4,-0.4,Matches
264,265,Diego Iturralde,es ESP,DF,Sevilla,19,2003,0.5,0,0,0,,0.0,0.0,,,,0.0,0,0,0.0,0.0,,0.0,0.0,Matches
265,266,Nicolas Jackson,sn SEN,FW,Villarreal,21,2001,17.8,12,41,23,56.1,2.31,1.3,0.29,0.52,13.4,0.0,0,0,7.8,7.8,0.19,4.2,4.2,Matches
266,267,Adnan Januzaj,be BEL,FW,Sevilla,27,1995,0.5,0,0,0,,0.0,0.0,,,,0.0,0,0,0.0,0.0,,0.0,0.0,Matches
267,268,Luis Javier Suárez,co COL,FW,Almería,24,1997,16.6,4,41,13,31.7,2.48,0.79,0.1,0.31,15.9,0.0,0,0,4.4,4.4,0.11,-0.4,-0.4,Matches
268,269,Joaquín,es ESP,MFFW,Betis,41,1981,5.5,0,8,3,37.5,1.45,0.54,0.0,0.0,15.0,0.0,0,0,0.7,0.7,0.09,-0.7,-0.7,Matches
269,270,Frenkie de Jong,nl NED,MF,Barcelona,25,1997,28.2,2,18,10,55.6,0.64,0.36,0.11,0.2,17.8,0.0,0,0,2.4,2.4,0.13,-0.4,-0.4,Matches
270,271,Joan Jordán,es ESP,MF,Sevilla,28,1994,17.7,0,13,3,23.1,0.73,0.17,0.0,0.0,21.4,3.0,0,0,0.9,0.9,0.07,-0.9,-0.9,Matches
271,272,Josan,es ESP,DFMF,Elche,32,1989,12.0,1,6,3,50.0,0.5,0.25,0.17,0.33,14.3,0.0,0,0,0.4,0.4,0.07,0.6,0.6,Matches
272,273,Willian José,br BRA,FW,Betis,30,1991,8.1,2,20,6,30.0,2.46,0.74,0.05,0.17,18.7,2.0,1,1,2.9,2.2,0.11,-0.9,-1.2,Matches
273,274,Joselu,es ESP,FW,Espanyol,32,1990,33.2,16,87,33,37.9,2.62,0.99,0.13,0.33,16.1,2.0,5,5,14.5,10.5,0.12,1.5,0.5,Matches
274,275,Juanmi,es ESP,FW,Betis,29,1993,10.3,4,18,8,44.4,1.75,0.78,0.22,0.5,12.8,0.0,0,0,3.7,3.7,0.2,0.3,0.3,Matches
275,276,Juanpe,es ESP,DF,Girona,31,1991,15.8,1,5,1,20.0,0.32,0.06,0.2,1.0,9.8,0.0,0,0,0.5,0.5,0.09,0.5,0.5,Matches
276,277,Lago Junior,ci CIV,FWMF,Mallorca,31,1990,0.6,0,2,1,50.0,3.46,1.73,0.0,0.0,17.4,0.0,0,0,0.0,0.0,0.01,0.0,0.0,Matches
277,278,Vinicius Júnior,br BRA,FW,Real Madrid,22,2000,31.4,10,77,36,46.8,2.45,1.15,0.13,0.28,16.2,0.0,0,0,10.5,10.5,0.14,-0.5,-0.5,Matches
278,279,Filip Jørgensen,dk DEN,GK,Villarreal,20,2002,2.0,0,0,0,,0.0,0.0,,,,0.0,0,0,0.0,0.0,,0.0,0.0,Matches
279,280,Tino Kadewere,zw ZIM,FWMF,Mallorca,26,1996,6.0,1,19,6,31.6,3.15,1.0,0.05,0.17,18.7,0.0,0,0,1.6,1.6,0.08,-0.6,-0.6,Matches
280,281,Kaiky,br BRA,DF,Almería,18,2004,6.5,0,1,0,0.0,0.15,0.0,0.0,,11.7,0.0,0,0,0.1,0.1,0.08,-0.1,-0.1,Matches
281,282,Lee Kang-in,kr KOR,MFFW,Mallorca,21,2001,31.4,6,46,14,30.4,1.47,0.45,0.13,0.43,20.0,7.0,0,0,5.4,5.4,0.12,0.6,0.6,Matches
282,283,Jon Karrikaburu,es ESP,FW,Real Sociedad,19,2002,1.0,0,5,1,20.0,4.84,0.97,0.0,0.0,20.1,0.0,0,0,0.3,0.3,0.06,-0.3,-0.3,Matches
283,284,Kenedy,br BRA,FWDF,Valladolid,26,1996,3.1,0,6,3,50.0,1.96,0.98,0.0,0.0,21.2,0.0,0,0,0.5,0.5,0.08,-0.5,-0.5,Matches
284,285,Franck Kessié,ci CIV,MF,Barcelona,25,1996,11.0,1,15,3,20.0,1.36,0.27,0.07,0.33,15.9,0.0,0,0,1.8,1.8,0.12,-0.8,-0.8,Matches
285,286,Kiké,es ESP,FW,Osasuna,32,1989,11.3,2,41,11,26.8,3.61,0.97,0.02,0.09,16.4,0.0,1,1,4.4,3.6,0.09,-2.4,-2.6,Matches
286,287,Justin Kluivert,nl NED,FWMF,Valencia,23,1999,16.1,6,43,15,34.9,2.67,0.93,0.12,0.33,18.1,2.0,1,1,6.6,5.9,0.14,-0.6,-0.9,Matches
287,288,Koke,es ESP,MF,Atlético Madrid,30,1992,28.3,0,16,1,6.3,0.57,0.04,0.0,0.0,22.9,0.0,0,0,0.7,0.7,0.05,-0.7,-0.7,Matches
288,289,Luca Koleosho,it ITA,FWDF,Espanyol,17,2004,0.7,1,1,1,100.0,1.53,1.53,1.0,1.0,20.6,0.0,0,0,0.0,0.0,0.03,1.0,1.0,Matches
289,290,Geoffrey Kondogbia,cf CTA,MF,Atlético Madrid,29,1993,11.2,0,11,0,0.0,0.98,0.0,0.0,,19.7,0.0,0,0,0.7,0.7,0.07,-0.7,-0.7,Matches
290,291,Jules Koundé,fr FRA,DF,Barcelona,23,1998,27.0,1,14,1,7.1,0.52,0.04,0.07,1.0,14.3,0.0,0,0,1.1,1.1,0.08,-0.1,-0.1,Matches
291,292,Toni Kroos,de GER,MF,Real Madrid,32,1990,23.9,2,31,11,35.5,1.29,0.46,0.06,0.18,25.4,5.0,0,0,1.4,1.4,0.05,0.6,0.6,Matches
292,293,Takefusa Kubo,jp JPN,FWMF,Real Sociedad,21,2001,27.1,9,72,30,41.7,2.66,1.11,0.13,0.3,17.8,3.0,0,0,5.9,5.9,0.08,3.1,3.1,Matches
293,294,César de la Hoz,es ESP,MF,Almería,30,1992,18.6,1,7,1,14.3,0.38,0.05,0.14,1.0,20.7,0.0,0,0,0.4,0.4,0.06,0.6,0.6,Matches
294,295,Luca de la Torre,us USA,MF,Celta Vigo,24,1998,16.5,0,17,3,17.6,1.03,0.18,0.0,0.0,19.7,0.0,0,0,1.1,1.1,0.06,-1.1,-1.1,Matches
295,296,Érik Lamela,ar ARG,FWMF,Sevilla,30,1992,20.5,6,47,23,48.9,2.29,1.12,0.13,0.26,15.0,2.0,0,0,5.3,5.3,0.11,0.7,0.7,Matches
296,297,Cyle Larin,ca CAN,FW,Valladolid,27,1995,16.3,8,49,17,34.7,3.0,1.04,0.12,0.35,14.1,0.0,2,2,7.5,5.9,0.12,0.5,0.1,Matches
297,298,Juanmi Latasa,es ESP,FW,Getafe,21,2001,5.0,1,15,4,26.7,3.01,0.8,0.07,0.25,16.1,0.0,0,0,1.1,1.1,0.07,-0.1,-0.1,Matches
298,299,Toni Lato,es ESP,DFMF,Valencia,24,1997,10.2,1,9,1,11.1,0.89,0.1,0.11,1.0,17.3,1.0,0,0,0.8,0.8,0.09,0.2,0.2,Matches
299,300,Lázaro,br BRA,FWMF,Almería,20,2002,8.0,6,25,12,48.0,3.14,1.51,0.24,0.5,15.0,0.0,0,0,4.0,4.0,0.16,2.0,2.0,Matches
300,301,Robin Le Normand,es ESP,DF,Real Sociedad,25,1996,31.1,0,12,2,16.7,0.39,0.06,0.0,0.0,12.8,0.0,0,0,1.0,1.0,0.08,-1.0,-1.0,Matches
301,302,Benjamin Lecomte,fr FRA,GK,Espanyol,31,1991,10.0,0,0,0,,0.0,0.0,,,,0.0,0,0,0.0,0.0,,0.0,0.0,Matches
302,303,Jeremías Ledesma,ar ARG,GK,Cádiz,29,1993,34.0,0,1,0,0.0,0.03,0.0,0.0,,11.2,0.0,0,0,0.0,0.0,0.05,0.0,0.0,Matches
303,304,Florian Lejeune,fr FRA,DF,Rayo Vallecano,31,1991,28.5,4,41,14,34.1,1.44,0.49,0.1,0.29,28.0,18.0,0,0,2.8,2.8,0.07,1.2,1.2,Matches
304,305,Iñigo Lekue,es ESP,DF,Athletic Club,29,1993,14.7,0,9,1,11.1,0.61,0.07,0.0,0.0,26.7,0.0,0,0,0.2,0.2,0.02,-0.2,-0.2,Matches
305,306,Thomas Lemar,fr FRA,MF,Atlético Madrid,26,1995,13.9,1,13,6,46.2,0.93,0.43,0.08,0.17,21.1,0.0,0,0,0.9,0.9,0.07,0.1,0.1,Matches
306,307,Sergio León,es ESP,FW,Valladolid,33,1989,14.8,6,26,15,57.7,1.75,1.01,0.19,0.33,16.3,0.0,1,2,3.9,2.3,0.09,2.1,2.7,Matches
307,308,Robert Lewandowski,pl POL,FW,Barcelona,33,1988,31.6,23,134,56,41.8,4.24,1.77,0.17,0.41,13.8,5.0,0,1,24.3,23.5,0.18,-1.3,-0.5,Matches
308,309,Samuel Lino,br BRA,FWMF,Valencia,22,1999,32.1,6,96,33,34.4,2.99,1.03,0.06,0.18,17.9,0.0,0,0,7.8,7.7,0.08,-1.8,-1.7,Matches
309,310,Pol Lirola,es ESP,DF,Elche,24,1997,7.0,1,1,1,100.0,0.14,0.14,1.0,1.0,10.5,0.0,0,0,0.2,0.2,0.2,0.8,0.8,Matches
310,311,Javier Llabrés,es ESP,FW,Mallorca,19,2002,0.2,0,0,0,,0.0,0.0,,,,0.0,0,0,0.0,0.0,,0.0,0.0,Matches
311,312,Marcos Llorente,es ESP,MFDF,Atlético Madrid,27,1995,18.9,1,24,9,37.5,1.27,0.48,0.04,0.11,17.9,0.0,0,0,2.1,2.1,0.09,-1.1,-1.1,Matches
312,313,Giovani Lo Celso,ar ARG,MFFW,Villarreal,26,1996,12.5,2,30,7,23.3,2.4,0.56,0.07,0.29,19.8,3.0,0,0,2.4,2.4,0.08,-0.4,-0.4,Matches
313,314,David López,es ESP,DF,Girona,32,1989,18.4,3,11,8,72.7,0.6,0.44,0.27,0.38,16.9,0.0,0,0,1.5,1.5,0.14,1.5,1.5,Matches
314,315,Diego López,es ESP,GK,Rayo Vallecano,40,1981,1.1,0,0,0,,0.0,0.0,,,,0.0,0,0,0.0,0.0,,0.0,0.0,Matches
315,316,Diego López,es ESP,FWMF,Valencia,20,2002,5.0,3,12,8,66.7,2.42,1.61,0.25,0.38,10.5,0.0,0,0,3.5,3.5,0.3,-0.5,-0.5,Matches
316,317,Unai López,es ESP,MF,Rayo Vallecano,26,1995,13.9,1,26,10,38.5,1.87,0.72,0.04,0.1,26.5,2.0,0,0,1.3,1.3,0.05,-0.3,-0.3,Matches
317,318,Anthony Lozano,hn HON,FW,Cádiz,29,1993,16.0,1,30,8,26.7,1.87,0.5,0.03,0.13,16.7,0.0,0,0,2.6,2.6,0.09,-1.6,-1.6,Matches
318,319,Pol Lozano,es ESP,MF,Espanyol,22,1999,0.2,0,0,0,,0.0,0.0,,,,0.0,0,0,0.0,0.0,,0.0,0.0,Matches
319,320,José Luis Gayà,es ESP,DF,Valencia,27,1995,30.1,1,22,8,36.4,0.73,0.27,0.05,0.13,23.8,2.0,0,1,1.9,1.1,0.05,-0.9,-0.1,Matches
320,321,José Luis Morales,es ESP,FWMF,Villarreal,35,1987,13.5,7,41,21,51.2,3.05,1.56,0.17,0.33,14.7,0.0,0,0,6.5,6.5,0.17,0.5,0.5,Matches
321,322,Andriy Lunin,ua UKR,GK,Real Madrid,23,1999,7.0,0,0,0,,0.0,0.0,,,,0.0,0,0,0.0,0.0,,0.0,0.0,Matches
322,323,Awer Mabil,au AUS,MFFW,Cádiz,26,1995,1.8,0,3,1,33.3,1.64,0.55,0.0,0.0,17.3,0.0,0,0,0.2,0.2,0.05,-0.2,-0.2,Matches
323,324,Darwin Machís,ve VEN,FW,Valladolid,29,1993,6.7,0,19,6,31.6,2.85,0.9,0.0,0.0,18.7,0.0,0,0,1.1,1.1,0.06,-1.1,-1.1,Matches
324,325,Pablo Maffeo,es ESP,DF,Mallorca,25,1997,33.1,2,21,4,19.0,0.64,0.12,0.1,0.5,17.4,0.0,0,0,1.8,1.8,0.08,0.2,0.2,Matches
325,326,Lisandro Magallán,ar ARG,DF,Elche,28,1993,10.0,0,6,2,33.3,0.6,0.2,0.0,0.0,11.2,0.0,0,0,0.6,0.6,0.11,-0.6,-0.6,Matches
326,327,Jon Magunacelaya,es ESP,MFFW,Real Sociedad,22,2000,0.7,0,1,1,100.0,1.38,1.38,0.0,0.0,10.8,0.0,0,0,0.0,0.0,0.02,0.0,0.0,Matches
327,328,Nemanja Maksimović,rs SRB,MF,Getafe,27,1995,22.8,0,18,7,38.9,0.79,0.31,0.0,0.0,14.2,0.0,0,0,1.8,1.8,0.1,-1.8,-1.8,Matches
328,329,Hugo Mallo,es ESP,DF,Celta Vigo,31,1991,24.0,0,19,7,36.8,0.79,0.29,0.0,0.0,13.0,0.0,0,0,1.4,1.4,0.07,-1.4,-1.4,Matches
329,330,Mickael Malsa,mq MTQ,MF,Valladolid,26,1995,0.8,0,0,0,,0.0,0.0,,,,0.0,0,0,0.0,0.0,,0.0,0.0,Matches
330,331,Giorgi Mamardashvili,ge GEO,GK,Valencia,21,2000,38.0,0,0,0,,0.0,0.0,,,,0.0,0,0,0.0,0.0,,0.0,0.0,Matches
331,332,Reinildo Mandava,mz MOZ,DF,Atlético Madrid,28,1994,20.6,0,6,0,0.0,0.29,0.0,0.0,,22.7,0.0,0,0,0.4,0.4,0.06,-0.4,-0.4,Matches
332,333,Aïssa Mandi,dz ALG,DF,Villarreal,30,1991,16.2,0,2,2,100.0,0.12,0.12,0.0,0.0,19.9,0.0,0,0,0.1,0.1,0.05,-0.1,-0.1,Matches
333,334,Marcão,br BRA,DF,Sevilla,26,1996,4.2,0,0,0,,0.0,0.0,,,,0.0,0,0,0.0,0.0,,0.0,0.0,Matches
334,335,Agustín Marchesín,ar ARG,GK,Celta Vigo,34,1988,19.0,0,0,0,,0.0,0.0,,,,0.0,0,0,0.0,0.0,,0.0,0.0,Matches
335,336,Óscar de Marcos,es ESP,DF,Athletic Club,33,1989,31.3,1,4,2,50.0,0.13,0.06,0.25,0.5,20.3,0.0,0,0,0.4,0.4,0.1,0.6,0.6,Matches
336,337,Alberto Marí,es ESP,FWMF,Valencia,21,2001,1.0,1,2,1,50.0,2.09,1.05,0.5,1.0,10.7,0.0,0,0,0.2,0.2,0.12,0.8,0.8,Matches
337,338,José Mari,es ESP,MF,Cádiz,34,1987,4.4,0,5,2,40.0,1.13,0.45,0.0,0.0,24.1,0.0,0,0,0.1,0.1,0.02,-0.1,-0.1,Matches
338,339,José María Giménez,uy URU,DF,Atlético Madrid,27,1995,26.9,2,22,8,36.4,0.82,0.3,0.09,0.25,14.1,0.0,0,0,2.0,2.0,0.09,0.0,0.0,Matches
339,340,Mariano,do DOM,FW,Real Madrid,28,1993,1.7,0,5,0,0.0,2.87,0.0,0.0,,10.3,0.0,0,0,0.6,0.6,0.11,-0.6,-0.6,Matches
340,341,Pablo Marín,es ESP,MFFW,Real Sociedad,19,2003,4.0,0,9,4,44.4,2.25,1.0,0.0,0.0,16.6,0.0,0,0,1.2,1.2,0.14,-1.2,-1.2,Matches
341,342,Diego Mariño,es ESP,GK,Almería,32,1990,0.5,0,0,0,,0.0,0.0,,,,0.0,0,0,0.0,0.0,,0.0,0.0,Matches
342,343,Roger Martí,es ESP,FW,Elche,31,1991,7.3,0,6,2,33.3,0.82,0.27,0.0,0.0,15.6,0.0,0,0,0.6,0.6,0.09,-0.6,-0.6,Matches
343,344,Roger Martí,es ESP,FW,Cádiz,31,1991,7.1,1,15,3,20.0,2.11,0.42,0.07,0.33,14.9,0.0,0,0,2.5,2.5,0.16,-1.5,-1.5,Matches
344,345,Ander Martin,es ESP,MFFW,Real Sociedad,21,2000,0.5,0,0,0,,0.0,0.0,,,,0.0,0,0,0.0,0.0,,0.0,0.0,Matches
345,346,Andrés Martín,es ESP,FWMF,Rayo Vallecano,23,1999,2.3,0,4,2,50.0,1.76,0.88,0.0,0.0,13.7,0.0,0,0,0.5,0.5,0.12,-0.5,-0.5,Matches
346,347,Carlos Martín,es ESP,FWMF,Atlético Madrid,20,2002,0.3,0,1,1,100.0,3.21,3.21,0.0,0.0,16.9,0.0,0,0,0.1,0.1,0.06,-0.1,-0.1,Matches
347,348,Iván Martín,es ESP,MF,Girona,23,1999,17.6,3,18,8,44.4,1.02,0.45,0.17,0.38,15.7,0.0,0,0,2.4,2.4,0.13,0.6,0.6,Matches
348,349,Arnau Martinez,es ESP,DF,Girona,19,2003,30.4,3,20,3,15.0,0.66,0.1,0.15,1.0,12.7,0.0,0,0,1.9,1.9,0.1,1.1,1.1,Matches
349,350,Iñigo Martínez,es ESP,DF,Athletic Club,31,1991,14.9,1,10,2,20.0,0.67,0.13,0.1,0.5,15.1,3.0,0,0,0.8,0.8,0.08,0.2,0.2,Matches
350,351,Roger Martínez,es ESP,DF,Espanyol,18,2004,0.1,0,1,0,0.0,12.86,0.0,0.0,,26.5,0.0,0,0,0.0,0.0,0.03,0.0,0.0,Matches
351,352,Omar Mascarell,gq EQG,MFDF,Elche,29,1993,27.2,0,9,3,33.3,0.33,0.11,0.0,0.0,22.1,1.0,0,0,0.4,0.4,0.05,-0.4,-0.4,Matches
352,353,Jordi Masip,es ESP,GK,Valladolid,33,1989,27.9,0,0,0,,0.0,0.0,,,,0.0,0,0,0.0,0.0,,0.0,0.0,Matches
353,354,Jaime Mata,es ESP,FWMF,Getafe,33,1988,4.9,1,14,5,35.7,2.88,1.03,0.07,0.2,12.0,0.0,0,0,1.9,1.9,0.15,-0.9,-0.9,Matches
354,355,Borja Mayoral,es ESP,FW,Getafe,25,1997,30.7,8,50,19,38.0,1.63,0.62,0.16,0.42,14.6,0.0,0,2,7.9,6.3,0.13,0.1,1.7,Matches
355,356,Mamadou Mbaye,sn SEN,DF,Cádiz,24,1998,8.4,0,1,0,0.0,0.12,0.0,0.0,,6.5,0.0,0,0,0.1,0.1,0.1,-0.1,-0.1,Matches
356,357,Fernando Medrano,es ESP,DF,Celta Vigo,22,2000,0.1,0,0,0,,0.0,0.0,,,,0.0,0,0,0.0,0.0,,0.0,0.0,Matches
357,358,Gonzalo Melero,es ESP,MF,Almería,28,1994,20.6,4,23,10,43.5,1.12,0.49,0.13,0.3,17.2,0.0,1,1,3.0,2.3,0.1,1.0,0.7,Matches
358,359,Memphis,nl NED,FW,Atlético Madrid,28,1994,3.0,4,11,5,45.5,3.67,1.67,0.36,0.8,11.8,0.0,0,0,3.0,3.0,0.27,1.0,1.0,Matches
359,360,Memphis,nl NED,FW,Barcelona,28,1994,1.3,1,6,3,50.0,4.74,2.37,0.17,0.33,11.6,0.0,0,0,0.9,0.9,0.14,0.1,0.1,Matches
360,361,Houboulang Mendes,gw GNB,DF,Almería,24,1998,9.8,0,1,0,0.0,0.1,0.0,0.0,,23.9,0.0,0,0,0.0,0.0,0.02,0.0,0.0,Matches
361,362,Brais Méndez,es ESP,MF,Real Sociedad,25,1997,26.7,8,60,21,35.0,2.24,0.79,0.13,0.38,21.4,9.0,0,0,5.6,5.6,0.09,2.4,2.4,Matches
362,363,Diego Méndez,es ESP,MF,Rayo Vallecano,18,2003,0.0,0,0,0,,0.0,0.0,,,,0.0,0,0,0.0,0.0,,0.0,0.0,Matches
363,364,Ferland Mendy,fr FRA,DF,Real Madrid,27,1995,15.0,0,1,0,0.0,0.07,0.0,0.0,,7.3,0.0,0,0,0.3,0.3,0.26,-0.3,-0.3,Matches
364,365,Jorge Meré,es ESP,DF,Cádiz,25,1997,6.7,0,4,1,25.0,0.6,0.15,0.0,0.0,14.6,0.0,0,0,0.2,0.2,0.05,-0.2,-0.2,Matches
365,366,Mikel Merino,es ESP,MF,Real Sociedad,26,1996,27.7,2,41,16,39.0,1.48,0.58,0.05,0.13,18.1,0.0,0,1,4.4,3.6,0.09,-2.4,-1.6,Matches
366,367,Roque Mesa,es ESP,MF,Valladolid,33,1989,18.0,2,26,10,38.5,1.45,0.56,0.08,0.2,26.5,0.0,0,0,1.4,1.4,0.05,0.6,0.6,Matches
367,368,Éder Militão,br BRA,DF,Real Madrid,24,1998,30.0,5,22,8,36.4,0.73,0.27,0.23,0.63,13.8,0.0,0,0,2.4,2.4,0.11,2.6,2.6,Matches
368,369,Luis Milla,es ESP,MF,Getafe,27,1994,20.6,0,8,1,12.5,0.39,0.05,0.0,0.0,27.7,0.0,0,0,0.3,0.3,0.03,-0.3,-0.3,Matches
369,370,Pere Milla,es ESP,FWMF,Elche,29,1992,20.5,6,33,7,21.2,1.61,0.34,0.09,0.43,15.0,1.0,3,3,5.4,3.0,0.09,0.6,0.0,Matches
370,371,Marko Milovanović,rs SRB,FW,Almería,18,2003,0.2,0,1,0,0.0,6.0,0.0,0.0,,9.4,0.0,0,0,0.1,0.1,0.05,-0.1,-0.1,Matches
371,372,Óscar Mingueza,es ESP,DF,Celta Vigo,23,1999,14.3,0,5,0,0.0,0.35,0.0,0.0,,12.1,0.0,0,0,0.4,0.4,0.08,-0.4,-0.4,Matches
372,373,Rafa Mir,es ESP,FW,Sevilla,25,1997,14.4,6,50,15,30.0,3.47,1.04,0.12,0.4,12.5,0.0,0,0,7.4,7.4,0.15,-1.4,-1.4,Matches
373,374,Juan Miranda,es ESP,DF,Betis,22,2000,16.4,3,21,8,38.1,1.28,0.49,0.14,0.38,18.8,3.0,0,0,2.4,2.4,0.11,0.6,0.6,Matches
374,375,Stefan Mitrović,rs SRB,DF,Getafe,32,1990,18.7,0,1,0,0.0,0.05,0.0,0.0,,11.7,0.0,0,0,0.1,0.1,0.1,-0.1,-0.1,Matches
375,376,Luka Modrić,hr CRO,MF,Real Madrid,36,1985,19.4,4,29,5,17.2,1.5,0.26,0.1,0.6,20.2,1.0,1,1,4.2,3.4,0.12,-0.2,-0.4,Matches
376,377,Johan Mojica,co COL,DF,Villarreal,29,1992,7.1,0,2,1,50.0,0.28,0.14,0.0,0.0,27.1,0.0,0,0,0.1,0.1,0.03,-0.1,-0.1,Matches
377,378,Johan Mojica,co COL,DFMF,Elche,29,1992,3.0,0,3,0,0.0,1.0,0.0,0.0,,19.6,0.0,0,0,0.1,0.1,0.04,-0.1,-0.1,Matches
378,379,Nahuel Molina,ar ARG,DF,Atlético Madrid,24,1998,31.9,4,21,6,28.6,0.66,0.19,0.19,0.67,17.0,0.0,0,0,2.6,2.6,0.13,1.4,1.4,Matches
379,380,Jon Moncayola,es ESP,MFDF,Osasuna,24,1998,27.2,1,36,9,25.0,1.32,0.33,0.03,0.11,25.3,0.0,0,0,2.0,2.0,0.06,-1.0,-1.0,Matches
380,381,Monchu,es ESP,MF,Valladolid,22,1999,22.6,3,39,10,25.6,1.73,0.44,0.08,0.3,24.4,9.0,0,0,2.4,2.4,0.06,0.6,0.6,Matches
381,382,César Montes,mx MEX,DF,Espanyol,25,1997,17.7,3,13,6,46.2,0.74,0.34,0.23,0.5,12.9,0.0,0,0,0.9,0.9,0.07,2.1,2.1,Matches
382,383,Gonzalo Montiel,ar ARG,DF,Sevilla,25,1997,16.9,0,8,1,12.5,0.47,0.06,0.0,0.0,13.7,0.0,0,0,0.8,0.8,0.09,-0.8,-0.8,Matches
383,384,Martín Montoya,es ESP,DF,Betis,31,1991,5.0,0,1,0,0.0,0.2,0.0,0.0,,21.3,0.0,0,0,0.0,0.0,0.04,0.0,0.0,Matches
384,385,Álvaro Morata,es ESP,FW,Atlético Madrid,29,1992,21.1,13,71,32,45.1,3.36,1.52,0.18,0.41,12.2,0.0,0,0,11.9,11.9,0.17,1.1,1.1,Matches
385,386,Jon Morcillo,es ESP,FWMF,Athletic Club,23,1998,0.8,0,1,0,0.0,1.18,0.0,0.0,,10.3,0.0,0,0,0.1,0.1,0.15,-0.1,-0.1,Matches
386,387,Alberto Moreno,es ESP,DF,Villarreal,30,1992,14.4,0,15,3,20.0,1.04,0.21,0.0,0.0,20.7,2.0,0,0,0.9,0.9,0.06,-0.9,-0.9,Matches
387,388,Álex Moreno,es ESP,DF,Betis,29,1993,15.0,0,13,4,30.8,0.87,0.27,0.0,0.0,17.9,0.0,0,0,1.3,1.3,0.1,-1.3,-1.3,Matches
388,389,Diego Moreno,es ESP,DF,Osasuna,21,2001,7.1,0,5,1,20.0,0.71,0.14,0.0,0.0,20.6,0.0,0,0,0.4,0.4,0.08,-0.4,-0.4,Matches
389,390,Gerard Moreno,es ESP,FW,Villarreal,30,1992,13.7,7,41,19,46.3,3.0,1.39,0.15,0.32,15.8,0.0,1,2,9.0,7.5,0.19,-2.0,-1.5,Matches
390,391,Tete Morente,es ESP,MFDF,Elche,25,1996,23.0,4,46,14,30.4,2.0,0.61,0.09,0.29,16.1,0.0,0,0,4.2,4.2,0.09,-0.2,-0.2,Matches
391,392,Ilaix Moriba,gn GUI,MF,Valencia,19,2003,11.2,0,21,5,23.8,1.87,0.45,0.0,0.0,22.5,1.0,0,0,1.2,1.2,0.06,-1.2,-1.2,Matches
392,393,Manu Morlanes,es ESP,MF,Villarreal,23,1999,1.8,0,0,0,,0.0,0.0,,,,0.0,0,0,0.0,0.0,,0.0,0.0,Matches
393,394,Manu Morlanes,es ESP,MF,Mallorca,23,1999,7.8,1,7,2,28.6,0.89,0.25,0.14,0.5,22.1,0.0,0,0,0.3,0.3,0.04,0.7,0.7,Matches
394,395,Loren Morón,es ESP,FW,Betis,28,1993,0.2,0,0,0,,0.0,0.0,,,,0.0,0,0,0.0,0.0,,0.0,0.0,Matches
395,396,Cristhian Mosquera,co COL,DF,Valencia,18,2004,1.6,0,2,0,0.0,1.24,0.0,0.0,,9.3,0.0,0,0,0.2,0.2,0.1,-0.2,-0.2,Matches
396,397,Abdul Mumin,gh GHA,DF,Rayo Vallecano,24,1998,10.2,0,6,1,16.7,0.59,0.1,0.0,0.0,11.3,0.0,0,0,0.4,0.4,0.07,-0.4,-0.4,Matches
397,398,Iker Muniain,es ESP,MFFW,Athletic Club,29,1992,18.8,0,28,7,25.0,1.49,0.37,0.0,0.0,18.1,1.0,0,0,3.0,3.0,0.11,-3.0,-3.0,Matches
398,399,Aihen Muñoz,es ESP,DF,Real Sociedad,24,1997,19.5,0,6,2,33.3,0.31,0.1,0.0,0.0,24.8,0.0,0,0,0.2,0.2,0.03,-0.2,-0.2,Matches
399,400,Álvaro Muñoz,uy URU,FW,Real Madrid,18,2004,0.9,1,2,1,50.0,2.28,1.14,0.5,1.0,8.0,0.0,0,0,0.2,0.2,0.12,0.8,0.8,Matches
400,401,Iker Muñoz,es ESP,MF,Osasuna,19,2002,2.8,0,2,1,50.0,0.71,0.35,0.0,0.0,28.8,0.0,0,0,0.1,0.1,0.03,-0.1,-0.1,Matches
401,402,Pablo Muñoz,es ESP,MF,Rayo Vallecano,18,2003,0.1,0,0,0,,0.0,0.0,,,,0.0,0,0,0.0,0.0,,0.0,0.0,Matches
402,403,Vedat Muriqi,xk KVX,FW,Mallorca,28,1994,32.6,15,71,25,35.2,2.18,0.77,0.15,0.44,15.3,0.0,4,5,12.5,8.6,0.12,2.5,2.4,Matches
403,404,Yunus Musah,us USA,MF,Valencia,19,2002,23.4,0,22,3,13.6,0.94,0.13,0.0,0.0,18.4,0.0,0,0,1.8,1.8,0.08,-1.8,-1.8,Matches
404,405,Francisco Mwepu,zm ZAM,FW,Cádiz,22,2000,0.2,0,0,0,,0.0,0.0,,,,0.0,0,0,0.0,0.0,,0.0,0.0,Matches
405,406,Nacho,es ESP,DF,Real Madrid,32,1990,18.2,1,9,4,44.4,0.49,0.22,0.11,0.25,14.5,0.0,0,0,0.8,0.8,0.09,0.2,0.2,Matches
406,407,Juanjo Narváez,co COL,MFFW,Valladolid,27,1995,1.6,0,3,0,0.0,1.82,0.0,0.0,,10.6,0.0,0,0,0.2,0.2,0.06,-0.2,-0.2,Matches
407,408,Matija Nastasić,rs SRB,DF,Mallorca,29,1993,10.1,1,4,2,50.0,0.4,0.2,0.25,0.5,12.2,0.0,0,0,0.5,0.5,0.13,0.5,0.5,Matches
408,409,Roberto Navarro,es ESP,MFFW,Real Sociedad,20,2002,3.9,0,12,5,41.7,3.08,1.28,0.0,0.0,17.0,0.0,0,0,1.0,1.0,0.09,-1.0,-1.0,Matches
409,410,Jesús Navas,es ESP,DFFW,Sevilla,36,1985,22.0,0,10,3,30.0,0.45,0.14,0.0,0.0,24.8,0.0,0,0,0.3,0.3,0.03,-0.3,-0.3,Matches
410,411,Álvaro Negredo,es ESP,FW,Cádiz,36,1985,8.4,1,22,7,31.8,2.62,0.83,0.05,0.14,16.8,0.0,0,0,1.8,1.8,0.08,-0.8,-0.8,Matches
411,412,Tanguy Nianzou,fr FRA,DF,Sevilla,20,2002,15.2,1,6,1,16.7,0.4,0.07,0.17,1.0,12.0,0.0,0,0,0.5,0.5,0.08,0.5,0.5,Matches
412,413,Saúl Ñíguez,es ESP,MFDF,Atlético Madrid,27,1994,12.2,3,21,9,42.9,1.72,0.74,0.14,0.33,17.2,0.0,0,0,2.4,2.4,0.11,0.6,0.6,Matches
413,414,Fernando Niño,es ESP,MFFW,Villarreal,21,2000,0.2,0,1,0,0.0,4.09,0.0,0.0,,11.9,0.0,0,0,0.1,0.1,0.08,-0.1,-0.1,Matches
414,415,Randy Nteka,ao ANG,FWMF,Elche,24,1997,8.1,0,14,4,28.6,1.74,0.5,0.0,0.0,14.3,0.0,0,0,1.3,1.3,0.09,-1.3,-1.3,Matches
415,416,Randy Nteka,ao ANG,FWMF,Rayo Vallecano,24,1997,1.3,0,4,0,0.0,3.1,0.0,0.0,,11.2,0.0,0,0,0.2,0.2,0.06,-0.2,-0.2,Matches
416,417,Unai Núñez,es ESP,DF,Celta Vigo,25,1997,35.0,0,15,5,33.3,0.43,0.14,0.0,0.0,14.4,0.0,0,0,1.2,1.2,0.08,-1.2,-1.2,Matches
417,418,Jan Oblak,si SVN,GK,Atlético Madrid,29,1993,27.7,0,0,0,,0.0,0.0,,,,0.0,0,0,0.0,0.0,,0.0,0.0,Matches
418,419,Brian Ocampo,uy URU,MFFW,Cádiz,23,1999,12.4,1,13,2,15.4,1.05,0.16,0.08,0.5,21.3,0.0,0,0,0.5,0.5,0.04,0.5,0.5,Matches
419,420,Lucas Ocampos,ar ARG,FWMF,Sevilla,28,1994,12.9,4,27,6,22.2,2.09,0.46,0.04,0.17,16.4,0.0,3,3,4.5,2.1,0.08,-0.5,-1.1,Matches
420,421,Álvaro Odriozola,es ESP,DF,Real Madrid,26,1995,0.4,0,1,0,0.0,2.31,0.0,0.0,,13.7,0.0,0,0,0.2,0.2,0.24,-0.2,-0.2,Matches
421,422,Olasagasti,es ESP,MFDF,Real Sociedad,21,2000,0.7,0,3,1,33.3,4.15,1.38,0.0,0.0,29.1,0.0,0,0,0.0,0.0,0.02,0.0,0.0,Matches
422,423,Lucas Olaza,uy URU,DF,Valladolid,28,1994,16.6,0,5,2,40.0,0.3,0.12,0.0,0.0,26.4,2.0,0,0,0.4,0.4,0.08,-0.4,-0.4,Matches
423,424,Brian Oliván,es ESP,DF,Espanyol,28,1994,26.7,1,15,4,26.7,0.56,0.15,0.07,0.25,24.5,1.0,0,0,0.6,0.6,0.04,0.4,0.4,Matches
424,425,Lucas Oliveira Rosa,br BRA,DF,Valladolid,22,2000,10.3,0,6,1,16.7,0.58,0.1,0.0,0.0,18.1,0.0,0,0,0.4,0.4,0.06,-0.4,-0.4,Matches
425,426,Aimar Oroz,es ESP,MFFW,Osasuna,20,2001,22.4,3,22,7,31.8,0.98,0.31,0.09,0.29,17.2,2.0,1,1,3.6,2.8,0.13,-0.6,-0.8,Matches
426,427,Pedro Ortiz,es ESP,MF,Sevilla,21,2000,0.0,0,0,0,,0.0,0.0,,,,0.0,0,0,0.0,0.0,,0.0,0.0,Matches
427,428,Mikel Oyarzabal,es ESP,FWMF,Real Sociedad,25,1997,13.5,4,16,8,50.0,1.19,0.59,0.13,0.25,18.8,0.0,2,3,4.6,2.3,0.14,-0.6,-0.3,Matches
428,429,Cenk Özkacar,tr TUR,DF,Valencia,21,2000,15.2,0,11,2,18.2,0.73,0.13,0.0,0.0,12.8,0.0,0,0,0.8,0.8,0.07,-0.8,-0.8,Matches
429,430,Fernando Pacheco,es ESP,GK,Almería,30,1992,1.0,0,0,0,,0.0,0.0,,,,0.0,0,0,0.0,0.0,,0.0,0.0,Matches
430,431,Fernando Pacheco,es ESP,GK,Espanyol,30,1992,16.0,0,0,0,,0.0,0.0,,,,0.0,0,0,0.0,0.0,,0.0,0.0,Matches
431,432,Jon Pacheco,es ESP,DF,Real Sociedad,21,2001,13.3,0,3,0,0.0,0.23,0.0,0.0,,17.3,0.0,0,0,0.1,0.1,0.02,-0.1,-0.1,Matches
432,433,Gonçalo Paciência,pt POR,FWMF,Celta Vigo,27,1994,7.4,2,30,10,33.3,4.08,1.36,0.07,0.2,17.2,1.0,0,0,1.9,1.9,0.06,0.1,0.1,Matches
433,434,Helibelton Palacios,co COL,DF,Elche,29,1993,21.3,0,4,3,75.0,0.19,0.14,0.0,0.0,13.8,0.0,0,0,0.4,0.4,0.09,-0.4,-0.4,Matches
434,435,Isaac Palazón Camacho,es ESP,FWMF,Rayo Vallecano,27,1994,32.9,9,91,22,24.2,2.76,0.67,0.09,0.36,24.6,3.0,1,3,7.7,5.3,0.06,1.3,2.7,Matches
435,436,Aitor Paredes,es ESP,DF,Athletic Club,22,2000,9.5,0,8,3,37.5,0.84,0.31,0.0,0.0,12.6,0.0,0,0,0.5,0.5,0.06,-0.5,-0.5,Matches
436,437,Daniel Parejo,es ESP,MF,Villarreal,33,1989,36.5,3,26,8,30.8,0.71,0.22,0.04,0.13,27.9,12.0,2,4,4.7,1.3,0.05,-1.7,-0.3,Matches
437,438,Moises Parra Gutierrez,es ESP,FW,Getafe,20,2002,0.1,0,0,0,,0.0,0.0,,,,0.0,0,0,0.0,0.0,,0.0,0.0,Matches
438,439,Raúl Parra,es ESP,DF,Cádiz,22,1999,3.4,0,0,0,,0.0,0.0,,,,0.0,0,0,0.0,0.0,,0.0,0.0,Matches
439,440,Pascu,es ESP,DFFW,Villarreal,19,2003,0.1,1,1,1,100.0,9.0,9.0,1.0,1.0,18.0,0.0,0,0,0.1,0.1,0.14,0.9,0.9,Matches
440,441,Javier Pastore,ar ARG,MF,Elche,33,1989,0.1,0,0,0,,0.0,0.0,,,,0.0,0,0,0.0,0.0,,0.0,0.0,Matches
441,442,Gabriel Paulista,br BRA,DF,Valencia,31,1990,16.7,1,14,2,14.3,0.84,0.12,0.07,0.5,17.4,0.0,0,0,0.7,0.7,0.05,0.3,0.3,Matches
442,443,Alfonso Pedraza,es ESP,DF,Villarreal,26,1996,18.1,0,26,10,38.5,1.43,0.55,0.0,0.0,18.4,0.0,0,0,1.2,1.2,0.05,-1.2,-1.2,Matches
443,444,Pedri,es ESP,MF,Barcelona,19,2002,22.0,6,22,9,40.9,1.0,0.41,0.27,0.67,15.9,0.0,0,0,4.9,4.9,0.22,1.1,1.1,Matches
444,445,Adrià Pedrosa,es ESP,DFMF,Espanyol,24,1998,2.5,0,1,0,0.0,0.39,0.0,0.0,,19.8,0.0,0,0,0.1,0.1,0.05,-0.1,-0.1,Matches
445,446,Iñaki Peña ,es ESP,GK,Barcelona,23,1999,0.8,0,0,0,,0.0,0.0,,,,0.0,0,0,0.0,0.0,,0.0,0.0,Matches
446,447,Rubén Peña,es ESP,DFMF,Osasuna,31,1991,14.2,0,12,2,16.7,0.85,0.14,0.0,0.0,22.6,0.0,0,0,1.2,1.2,0.1,-1.2,-1.2,Matches
447,448,Alberto Perea,es ESP,MF,Cádiz,31,1990,0.5,0,0,0,,0.0,0.0,,,,0.0,0,0,0.0,0.0,,0.0,0.0,Matches
448,449,Ayoze Pérez,es ESP,FWMF,Betis,29,1993,15.4,3,34,14,41.2,2.21,0.91,0.09,0.21,16.8,0.0,0,0,4.6,4.6,0.14,-1.6,-1.6,Matches
449,450,Carles Pérez,es ESP,MFFW,Celta Vigo,24,1998,23.8,3,54,20,37.0,2.27,0.84,0.06,0.15,21.8,0.0,0,0,2.7,2.7,0.05,0.3,0.3,Matches
450,451,Francisco Perez,es ESP,FWMF,Valencia,19,2002,1.6,0,1,0,0.0,0.64,0.0,0.0,,25.0,0.0,0,0,0.0,0.0,0.02,0.0,0.0,Matches
451,452,Kike Pérez,es ESP,MF,Valladolid,25,1997,25.6,1,46,10,21.7,1.79,0.39,0.02,0.1,22.6,1.0,0,0,2.3,2.3,0.05,-1.3,-1.3,Matches
452,453,Lucas Pérez,es ESP,FW,Cádiz,33,1988,7.0,3,17,6,35.3,2.44,0.86,0.18,0.5,18.8,4.0,0,0,2.0,2.0,0.12,1.0,1.0,Matches
453,454,Luis Pérez,es ESP,DF,Valladolid,27,1995,13.5,0,4,0,0.0,0.3,0.0,0.0,,27.6,0.0,0,0,0.1,0.1,0.03,-0.1,-0.1,Matches
454,455,Germán Pezzella,ar ARG,DF,Betis,31,1991,27.9,0,10,0,0.0,0.36,0.0,0.0,,11.2,0.0,0,0,0.9,0.9,0.09,-0.9,-0.9,Matches
455,456,Ronaël Pierre-Gabriel,fr FRA,DF,Espanyol,24,1998,2.6,1,2,1,50.0,0.76,0.38,0.5,1.0,14.6,0.0,0,0,0.2,0.2,0.08,0.8,0.8,Matches
456,457,Yeremi Pino,es ESP,FWMF,Villarreal,19,2002,27.2,4,50,19,38.0,1.84,0.7,0.08,0.21,13.2,0.0,0,0,8.0,8.0,0.16,-4.0,-4.0,Matches
457,458,Gerard Piqué,es ESP,DF,Barcelona,35,1987,4.3,0,3,0,0.0,0.7,0.0,0.0,,8.9,0.0,0,0,0.4,0.4,0.13,-0.4,-0.4,Matches
458,459,Óscar Plano,es ESP,FWMF,Valladolid,31,1991,22.6,1,30,10,33.3,1.32,0.44,0.03,0.1,17.3,0.0,0,0,2.8,2.8,0.09,-1.8,-1.8,Matches
459,460,Gonzalo Plata,ec ECU,FW,Valladolid,21,2000,25.6,1,37,13,35.1,1.45,0.51,0.03,0.08,17.5,1.0,0,0,3.7,3.7,0.1,-2.7,-2.7,Matches
460,461,Ezequiel Ponce,ar ARG,FWMF,Elche,25,1997,12.5,4,29,9,31.0,2.33,0.72,0.14,0.44,12.9,0.0,0,0,3.6,3.6,0.12,0.4,0.4,Matches
461,462,Francisco Portillo,es ESP,MFFW,Almería,32,1990,8.0,2,5,2,40.0,0.62,0.25,0.4,1.0,17.4,0.0,0,0,0.7,0.7,0.14,1.3,1.3,Matches
462,463,Portu,es ESP,MFDF,Getafe,30,1992,19.7,0,15,5,33.3,0.76,0.25,0.0,0.0,18.1,0.0,0,0,1.7,1.7,0.12,-1.7,-1.7,Matches
463,464,José Pozo,es ESP,MFFW,Rayo Vallecano,26,1996,1.0,0,1,0,0.0,1.02,0.0,0.0,,20.9,0.0,0,0,0.0,0.0,0.04,0.0,0.0,Matches
464,465,Manuel Pozo,es ESP,FW,Valladolid,20,2001,0.2,0,1,0,0.0,4.74,0.0,0.0,,20.1,0.0,0,0,0.1,0.1,0.1,-0.1,-0.1,Matches
465,466,Alejandro Pozo Pozo,es ESP,DF,Almería,23,1999,20.9,0,10,2,20.0,0.48,0.1,0.0,0.0,20.4,0.0,0,0,0.5,0.5,0.05,-0.5,-0.5,Matches
466,467,Abdón Prats,es ESP,FWMF,Mallorca,29,1992,4.6,1,6,4,66.7,1.3,0.87,0.17,0.25,13.9,0.0,0,0,0.7,0.7,0.12,0.3,0.3,Matches
467,468,Javi Puado,es ESP,FWMF,Espanyol,24,1998,26.0,7,57,23,40.4,2.19,0.88,0.12,0.3,14.2,0.0,0,0,7.8,7.8,0.14,-0.8,-0.8,Matches
468,469,Arnau Puigmal,es ESP,MFFW,Almería,21,2001,8.5,1,17,6,35.3,2.01,0.71,0.06,0.17,18.1,0.0,0,0,1.1,1.1,0.07,-0.1,-0.1,Matches
469,470,Domingos Quina,pt POR,MF,Elche,22,1999,3.1,0,6,0,0.0,1.96,0.0,0.0,,33.0,0.0,0,0,0.2,0.2,0.03,-0.2,-0.2,Matches
470,471,Rubén Quintanilla,es ESP,DF,Mallorca,20,2002,0.0,0,0,0,,0.0,0.0,,,,0.0,0,0,0.0,0.0,,0.0,0.0,Matches
471,472,Antonio Raillo,es ESP,DF,Mallorca,30,1991,30.7,2,13,5,38.5,0.42,0.16,0.15,0.4,13.9,0.0,0,0,0.6,0.6,0.05,1.4,1.4,Matches
472,473,Predrag Rajković,rs SRB,GK,Mallorca,26,1995,36.0,0,0,0,,0.0,0.0,,,,0.0,0,0,0.0,0.0,,0.0,0.0,Matches
473,474,Ivan Rakitić,hr CRO,MF,Sevilla,34,1988,19.9,1,29,8,27.6,1.46,0.4,0.0,0.0,27.3,5.0,1,2,3.3,1.7,0.06,-2.3,-1.7,Matches
474,475,Largie Ramazani,be BEL,FWMF,Almería,21,2001,15.6,3,40,18,45.0,2.57,1.15,0.08,0.17,19.8,1.0,0,1,4.2,3.4,0.08,-1.2,-0.4,Matches
475,476,Chris Ramos,es ESP,FW,Cádiz,25,1997,7.9,1,31,6,19.4,3.93,0.76,0.03,0.17,13.3,0.0,0,0,3.0,3.0,0.1,-2.0,-2.0,Matches
476,477,Raphinha,br BRA,FW,Barcelona,25,1996,23.0,7,79,25,31.6,3.43,1.09,0.09,0.28,18.5,11.0,0,0,9.3,9.3,0.12,-2.3,-2.3,Matches
477,478,Sergio Reguilón,es ESP,DF,Atlético Madrid,25,1996,3.4,0,3,1,33.3,0.87,0.29,0.0,0.0,17.7,0.0,0,0,0.2,0.2,0.08,-0.2,-0.2,Matches
478,479,Pepe Reina,es ESP,GK,Villarreal,39,1982,22.0,0,0,0,,0.0,0.0,,,,0.0,0,0,0.0,0.0,,0.0,0.0,Matches
479,480,Reinier,br BRA,MFFW,Girona,20,2002,7.2,2,10,4,40.0,1.39,0.56,0.2,0.5,11.6,0.0,0,0,1.5,1.5,0.15,0.5,0.5,Matches
480,481,Karim Rekik,nl NED,DF,Sevilla,27,1994,13.1,1,8,1,12.5,0.61,0.08,0.13,1.0,15.6,0.0,0,0,0.8,0.8,0.1,0.2,0.2,Matches
481,482,Álex Remiro,es ESP,GK,Real Sociedad,27,1995,38.0,0,0,0,,0.0,0.0,,,,0.0,0,0,0.0,0.0,,0.0,0.0,Matches
482,483,Alejandro Revuelta Montero,es ESP,DF,Getafe,22,2000,0.0,0,0,0,,0.0,0.0,,,,0.0,0,0,0.0,0.0,,0.0,0.0,Matches
483,484,Chadi Riad,ma MAR,MF,Barcelona,19,2003,0.0,0,0,0,,0.0,0.0,,,,0.0,0,0,0.0,0.0,,0.0,0.0,Matches
484,485,Nico Ribaudo,es ESP,MFFW,Espanyol,21,2001,13.9,1,33,11,33.3,2.38,0.79,0.03,0.09,20.4,3.0,0,0,3.7,3.7,0.11,-2.7,-2.7,Matches
485,486,Diego Rico,es ESP,DF,Real Sociedad,29,1993,18.3,0,9,3,33.3,0.49,0.16,0.0,0.0,27.5,0.0,0,0,0.2,0.2,0.03,-0.2,-0.2,Matches
486,487,Rodrigo Riquelme,es ESP,MFFW,Girona,22,2000,24.2,4,56,22,39.3,2.31,0.91,0.07,0.18,20.0,2.0,0,0,4.0,4.0,0.07,0.0,0.0,Matches
487,488,Sergi Roberto,es ESP,DFMF,Barcelona,30,1992,14.5,4,18,6,33.3,1.24,0.41,0.22,0.67,15.6,0.0,0,0,2.4,2.4,0.13,1.6,1.6,Matches
488,489,Lucas Robertone,ar ARG,MF,Almería,25,1997,31.6,2,37,7,18.9,1.17,0.22,0.05,0.29,25.4,4.0,0,0,2.6,2.6,0.07,-0.6,-0.6,Matches
489,490,Joel Roca,es ESP,MFFW,Girona,17,2005,0.9,0,4,2,50.0,4.29,2.14,0.0,0.0,18.3,0.0,0,0,0.3,0.3,0.06,-0.3,-0.3,Matches
490,491,Enzo Roco,cl CHI,DF,Elche,29,1992,18.4,0,10,3,30.0,0.54,0.16,0.0,0.0,10.3,0.0,0,0,0.6,0.6,0.06,-0.6,-0.6,Matches
491,492,Rodri,es ESP,FWMF,Betis,22,2000,17.8,2,15,6,40.0,0.84,0.34,0.13,0.33,17.4,0.0,0,0,1.4,1.4,0.09,0.6,0.6,Matches
492,493,Ángel Rodríguez,es ESP,FWMF,Mallorca,35,1987,4.4,1,13,6,46.2,2.97,1.37,0.08,0.17,13.1,0.0,0,0,2.8,2.8,0.21,-1.8,-1.8,Matches
493,494,Óscar Rodríguez Arnaiz,es ESP,MF,Celta Vigo,24,1998,19.7,2,43,17,39.5,2.18,0.86,0.05,0.12,24.6,10.0,0,0,3.6,3.6,0.08,-1.6,-1.6,Matches
494,495,Dani Rodríguez,es ESP,MF,Mallorca,34,1988,23.3,3,25,10,40.0,1.07,0.43,0.12,0.3,17.9,0.0,0,0,2.4,2.4,0.1,0.6,0.6,Matches
495,496,Guido Rodríguez,ar ARG,MF,Betis,28,1994,31.9,1,22,6,27.3,0.69,0.19,0.05,0.17,24.0,0.0,0,0,1.2,1.2,0.06,-0.2,-0.2,Matches
496,497,Miguel Rodríguez,es ESP,MFFW,Celta Vigo,19,2003,2.8,1,3,2,66.7,1.07,0.71,0.33,0.5,18.8,0.0,0,0,0.2,0.2,0.07,0.8,0.8,Matches
497,498,Rodrygo,br BRA,FWMF,Real Madrid,21,2001,26.4,9,97,31,32.0,3.67,1.17,0.08,0.26,16.6,8.0,1,1,13.7,12.9,0.13,-4.7,-4.9,Matches
498,499,Leonardo Román,es ESP,GK,Mallorca,22,2000,1.0,0,0,0,,0.0,0.0,,,,0.0,0,0,0.0,0.0,,0.0,0.0,Matches
499,500,Iván Romero,es ESP,MF,Sevilla,21,2001,0.1,0,0,0,,0.0,0.0,,,,0.0,0,0,0.0,0.0,,0.0,0.0,Matches
500,501,Oriol Romeu,es ESP,MF,Girona,30,1991,32.8,2,24,5,20.8,0.73,0.15,0.08,0.4,17.8,0.0,0,0,1.6,1.6,0.07,0.4,0.4,Matches
501,502,Rubén,es ESP,DFMF,Espanyol,21,2001,9.9,0,9,0,0.0,0.91,0.0,0.0,,19.1,0.0,0,0,0.5,0.5,0.06,-0.5,-0.5,Matches
502,503,Antonio Rüdiger,de GER,DF,Real Madrid,29,1993,26.8,1,22,4,18.2,0.82,0.15,0.05,0.25,14.8,0.0,0,0,1.8,1.8,0.08,-0.8,-0.8,Matches
503,504,Aitor Ruibal,es ESP,DFFW,Betis,26,1996,16.2,0,15,6,40.0,0.93,0.37,0.0,0.0,19.8,0.0,0,0,0.8,0.8,0.06,-0.8,-0.8,Matches
504,505,Víctor Ruiz,es ESP,DF,Betis,33,1989,6.2,0,1,0,0.0,0.16,0.0,0.0,,8.6,0.0,0,0,0.1,0.1,0.11,-0.1,-0.1,Matches
505,506,Gerónimo Rulli,ar ARG,GK,Villarreal,30,1992,14.0,0,0,0,,0.0,0.0,,,,0.0,0,0,0.0,0.0,,0.0,0.0,Matches
506,507,Franco Russo,ar ARG,DF,Mallorca,27,1994,1.6,0,0,0,,0.0,0.0,,,,0.0,0,0,0.0,0.0,,0.0,0.0,Matches
507,508,Youssouf Sabaly,sn SEN,DF,Betis,29,1993,18.7,1,12,3,25.0,0.64,0.16,0.08,0.33,22.7,0.0,0,0,0.5,0.5,0.04,0.5,0.5,Matches
508,509,Umar Sadiq,ng NGA,FW,Almería,25,1997,2.7,2,7,3,42.9,2.62,1.13,0.29,0.67,14.5,0.0,0,0,1.5,1.5,0.21,0.5,0.5,Matches
509,510,Umar Sadiq,ng NGA,FW,Real Sociedad,25,1997,0.9,1,1,1,100.0,1.1,1.1,1.0,1.0,2.9,0.0,0,0,0.4,0.4,0.43,0.6,0.6,Matches
510,511,Samuel Sáiz,es ESP,MF,Girona,31,1991,2.7,2,2,1,50.0,0.75,0.37,0.0,0.0,26.2,0.0,2,2,1.7,0.1,0.05,0.3,-0.1,Matches
511,512,Kike Salas,es ESP,DF,Sevilla,20,2002,4.1,1,3,1,33.3,0.73,0.24,0.33,1.0,8.7,0.0,0,0,0.2,0.2,0.05,0.8,0.8,Matches
512,513,Salvi,es ESP,FWMF,Rayo Vallecano,31,1991,5.4,0,9,3,33.3,1.65,0.55,0.0,0.0,17.2,0.0,0,0,0.8,0.8,0.08,-0.8,-0.8,Matches
513,514,Fede San Emeterio,es ESP,MF,Cádiz,25,1997,20.5,0,6,1,16.7,0.29,0.05,0.0,0.0,18.3,0.0,0,0,0.3,0.3,0.05,-0.3,-0.3,Matches
514,515,Oihan Sancet,es ESP,MF,Athletic Club,22,2000,28.1,10,56,19,33.9,1.99,0.68,0.14,0.42,17.6,0.0,2,2,7.6,6.0,0.11,2.4,2.0,Matches
515,516,Antonio Sánchez,es ESP,MFDF,Mallorca,25,1997,12.0,0,12,5,41.7,1.0,0.42,0.0,0.0,22.5,0.0,0,0,0.6,0.6,0.05,-0.6,-0.6,Matches
516,517,Iván Sánchez,es ESP,MFFW,Valladolid,29,1992,12.8,1,17,7,41.2,1.33,0.55,0.06,0.14,22.6,0.0,0,0,0.8,0.8,0.05,0.2,0.2,Matches
517,518,Javi Sánchez,es ESP,DF,Valladolid,25,1997,26.6,1,9,2,22.2,0.34,0.08,0.11,0.5,17.9,1.0,0,0,0.7,0.7,0.08,0.3,0.3,Matches
518,519,Manu Sánchez,es ESP,DF,Osasuna,21,2000,23.6,0,10,3,30.0,0.42,0.13,0.0,0.0,20.8,0.0,0,0,0.8,0.8,0.08,-0.8,-0.8,Matches
519,520,Esteban Saveljich,me MNE,FW,Rayo Vallecano,31,1991,0.0,0,0,0,,0.0,0.0,,,,0.0,0,0,0.0,0.0,,0.0,0.0,Matches
520,521,Stefan Savić,me MNE,DF,Atlético Madrid,31,1991,21.6,0,2,1,50.0,0.09,0.05,0.0,0.0,13.0,0.0,0,0,0.2,0.2,0.09,-0.2,-0.2,Matches
521,522,Manuel Sebastián,es ESP,MF,Sevilla,18,2004,1.7,0,1,1,100.0,0.6,0.6,0.0,0.0,29.2,0.0,0,0,0.0,0.0,0.02,0.0,0.0,Matches
522,523,Haris Seferović,ch SUI,FW,Celta Vigo,30,1992,9.9,3,13,7,53.8,1.32,0.71,0.23,0.43,11.0,0.0,0,0,1.8,1.8,0.14,1.2,1.2,Matches
523,524,Jaime Seoane,es ESP,MFFW,Getafe,25,1997,3.6,0,2,0,0.0,0.55,0.0,0.0,,21.7,0.0,0,0,0.1,0.1,0.04,-0.1,-0.1,Matches
524,525,David Silva,es ESP,MF,Real Sociedad,36,1986,21.5,2,30,13,43.3,1.39,0.6,0.07,0.15,15.4,1.0,0,0,3.8,3.8,0.13,-1.8,-1.8,Matches
525,526,Rui Silva,pt POR,GK,Betis,28,1994,26.0,0,0,0,,0.0,0.0,,,,0.0,0,0,0.0,0.0,,0.0,0.0,Matches
526,527,Simo,es ESP,DF,Espanyol,17,2005,1.6,0,0,0,,0.0,0.0,,,,0.0,0,0,0.0,0.0,,0.0,0.0,Matches
527,528,Unai Simón,es ESP,GK,Athletic Club,25,1997,30.5,0,0,0,,0.0,0.0,,,,0.0,0,0,0.0,0.0,,0.0,0.0,Matches
528,529,Rubén Sobrino,es ESP,MFFW,Cádiz,30,1992,27.4,3,33,12,36.4,1.2,0.44,0.09,0.25,13.6,0.0,0,0,4.9,4.9,0.15,-1.9,-1.9,Matches
529,530,Alex Sola,es ESP,DF,Real Sociedad,23,1999,3.9,0,4,1,25.0,1.03,0.26,0.0,0.0,26.4,0.0,0,0,0.1,0.1,0.02,-0.1,-0.1,Matches
530,531,Augusto Solari,ar ARG,MF,Celta Vigo,30,1992,2.9,0,2,0,0.0,0.69,0.0,0.0,,14.4,0.0,0,0,0.3,0.3,0.14,-0.3,-0.3,Matches
531,532,Carlos Soler,es ESP,MF,Valencia,25,1997,2.7,1,4,1,25.0,1.49,0.37,0.0,0.0,30.0,3.0,1,1,0.9,0.2,0.04,0.1,-0.2,Matches
532,533,David Soria,es ESP,GK,Getafe,29,1993,38.0,0,0,0,,0.0,0.0,,,,0.0,0,0,0.0,0.0,,0.0,0.0,Matches
533,534,Hugo Sotelo,es ESP,MF,Celta Vigo,18,2003,0.2,0,1,0,0.0,5.29,0.0,0.0,,20.8,0.0,0,0,0.0,0.0,0.04,0.0,0.0,Matches
534,535,Dyego Sousa,pt POR,FW,Almería,32,1989,5.9,0,13,4,30.8,2.22,0.68,0.0,0.0,14.2,0.0,0,0,1.2,1.2,0.09,-1.2,-1.2,Matches
535,536,Vinicius Souza,br BRA,MF,Espanyol,23,1999,27.0,1,10,4,40.0,0.37,0.15,0.1,0.25,21.9,0.0,0,0,0.8,0.8,0.08,0.2,0.2,Matches
536,537,Jørgen Strand Larsen,no NOR,FW,Celta Vigo,22,2000,18.9,4,41,15,36.6,2.16,0.79,0.1,0.27,12.6,0.0,0,0,5.6,5.6,0.14,-1.6,-1.6,Matches
537,538,Cristhian Stuani,uy URU,FW,Girona,35,1986,12.1,9,29,15,51.7,2.39,1.24,0.14,0.27,13.0,0.0,5,6,9.7,5.0,0.17,-0.7,-1.0,Matches
538,539,Damián Suárez,uy URU,DFMF,Getafe,34,1988,21.6,1,6,1,16.7,0.28,0.05,0.17,1.0,19.0,0.0,0,0,1.1,1.1,0.18,-0.1,-0.1,Matches
539,540,Denis Suárez,es ESP,MFFW,Espanyol,28,1994,10.5,0,4,2,50.0,0.38,0.19,0.0,0.0,19.4,0.0,0,0,0.5,0.5,0.12,-0.5,-0.5,Matches
540,541,Mario Suárez,es ESP,MFDF,Rayo Vallecano,35,1987,0.1,0,0,0,,0.0,0.0,,,,0.0,0,0,0.0,0.0,,0.0,0.0,Matches
541,542,Suso,es ESP,MFFW,Sevilla,28,1993,11.8,2,24,9,37.5,2.03,0.76,0.08,0.22,24.1,2.0,0,0,1.1,1.1,0.05,0.9,0.9,Matches
542,543,Williot Swedberg,se SWE,MF,Celta Vigo,18,2004,0.6,0,0,0,,0.0,0.0,,,,0.0,0,0,0.0,0.0,,0.0,0.0,Matches
543,544,Alexander Sørloth,no NOR,FW,Real Sociedad,26,1995,26.5,12,63,27,42.9,2.38,1.02,0.19,0.44,11.3,0.0,0,0,12.7,12.7,0.2,-0.7,-0.7,Matches
544,545,Renato Tapia,pe PER,MFDF,Celta Vigo,27,1995,16.1,0,15,3,20.0,0.93,0.19,0.0,0.0,19.3,1.0,0,0,1.0,1.0,0.06,-1.0,-1.0,Matches
545,546,Aurélien Tchouaméni,fr FRA,MF,Real Madrid,22,2000,23.5,0,38,6,15.8,1.61,0.25,0.0,0.0,22.1,0.0,0,0,1.8,1.8,0.05,-1.8,-1.8,Matches
546,547,Alex Telles,br BRA,DF,Sevilla,29,1992,15.9,0,12,1,8.3,0.76,0.06,0.0,0.0,22.5,1.0,0,0,0.4,0.4,0.04,-0.4,-0.4,Matches
547,548,Marc-André ter Stegen,de GER,GK,Barcelona,30,1992,37.2,0,0,0,,0.0,0.0,,,,0.0,0,0,0.0,0.0,,0.0,0.0,Matches
548,549,Ramón Terrats,es ESP,MF,Villarreal,21,2000,9.1,1,15,6,40.0,1.65,0.66,0.07,0.17,24.3,0.0,0,0,0.9,0.9,0.06,0.1,0.1,Matches
549,550,Ramón Terrats,es ESP,MF,Girona,21,2000,2.4,0,4,0,0.0,1.7,0.0,0.0,,25.2,0.0,0,0,0.2,0.2,0.05,-0.2,-0.2,Matches
550,551,Raúl de Tomás,es ESP,FW,Rayo Vallecano,27,1994,8.9,4,41,14,34.1,4.58,1.57,0.07,0.21,20.6,1.0,1,2,5.1,3.5,0.09,-1.1,-0.5,Matches
551,552,Pablo Torre,es ESP,FWMF,Barcelona,19,2003,1.6,0,1,0,0.0,0.62,0.0,0.0,,25.9,0.0,0,0,0.0,0.0,0.02,0.0,0.0,Matches
552,553,David Torres,es ESP,DF,Valladolid,19,2003,4.3,0,1,0,0.0,0.23,0.0,0.0,,4.8,0.0,0,0,0.5,0.5,0.54,-0.5,-0.5,Matches
553,554,Ferrán Torres,es ESP,FWMF,Barcelona,22,2000,15.5,4,37,11,29.7,2.39,0.71,0.11,0.36,15.6,1.0,0,1,4.9,4.1,0.11,-0.9,-0.1,Matches
554,555,Óliver Torres,es ESP,MFFW,Sevilla,27,1994,23.7,3,22,7,31.8,0.93,0.29,0.14,0.43,17.1,0.0,0,0,2.6,2.6,0.12,0.4,0.4,Matches
555,556,Pau Torres,es ESP,DF,Villarreal,25,1997,33.9,1,12,5,41.7,0.35,0.15,0.08,0.2,9.5,0.0,0,0,2.4,2.4,0.2,-1.4,-1.4,Matches
556,557,Roberto Torres,es ESP,FWMF,Osasuna,33,1989,0.1,0,0,0,,0.0,0.0,,,,0.0,0,0,0.0,0.0,,0.0,0.0,Matches
557,558,Lucas Torró,es ESP,MF,Osasuna,28,1994,27.5,1,28,4,14.3,1.02,0.15,0.04,0.25,24.9,0.0,0,0,1.4,1.4,0.05,-0.4,-0.4,Matches
558,559,Nabil Touaizi,ma MAR,MF,Espanyol,21,2001,0.0,0,0,0,,0.0,0.0,,,,0.0,0,0,0.0,0.0,,0.0,0.0,Matches
559,560,Óscar Trejo,ar ARG,MFFW,Rayo Vallecano,34,1988,23.8,3,23,6,26.1,0.97,0.25,0.09,0.33,18.6,0.0,1,2,3.4,1.8,0.08,-0.4,0.2,Matches
560,561,Manu Trigueros,es ESP,MF,Villarreal,30,1991,9.2,0,8,2,25.0,0.87,0.22,0.0,0.0,24.4,1.0,0,0,0.4,0.4,0.05,-0.4,-0.4,Matches
561,562,Viktor Tsyhankov,ua UKR,MF,Girona,24,1997,16.5,3,19,9,47.4,1.15,0.54,0.16,0.33,18.0,0.0,0,0,2.8,2.8,0.15,0.2,0.2,Matches
562,563,Beñat Turrientes,es ESP,MFFW,Real Sociedad,20,2002,1.2,0,0,0,,0.0,0.0,,,,0.0,0,0,0.0,0.0,,0.0,0.0,Matches
563,564,Enes Ünal,tr TUR,FW,Getafe,25,1997,33.0,14,82,31,37.8,2.48,0.94,0.11,0.29,18.8,16.0,5,6,11.7,7.1,0.09,2.3,1.9,Matches
564,565,Oscar Ureña,es ESP,MF,Girona,19,2003,1.1,0,1,1,100.0,0.9,0.9,0.0,0.0,16.9,0.0,0,0,0.2,0.2,0.18,-0.2,-0.2,Matches
565,566,Óscar Valentín,es ESP,MF,Rayo Vallecano,27,1994,28.4,0,13,1,7.7,0.46,0.04,0.0,0.0,23.6,0.0,0,0,0.5,0.5,0.04,-0.5,-0.5,Matches
566,567,Martin Valjent,sk SVK,DF,Mallorca,26,1995,29.5,0,6,2,33.3,0.2,0.07,0.0,0.0,21.1,0.0,0,0,0.3,0.3,0.06,-0.3,-0.3,Matches
567,568,Jesús Vallejo,es ESP,DF,Real Madrid,25,1997,0.2,0,1,1,100.0,4.09,4.09,0.0,0.0,5.7,0.0,0,0,0.3,0.3,0.32,-0.3,-0.3,Matches
568,569,Manu Vallejo,es ESP,FWMF,Girona,25,1997,2.3,0,1,1,100.0,0.44,0.44,0.0,0.0,12.6,0.0,0,0,0.0,0.0,0.04,0.0,0.0,Matches
569,570,Federico Valverde,uy URU,MFFW,Real Madrid,24,1998,27.8,7,63,21,33.3,2.27,0.76,0.11,0.33,22.7,2.0,0,0,4.3,4.3,0.07,2.7,2.7,Matches
570,571,Jesus Vazquez,es ESP,DFMF,Valencia,19,2003,3.4,0,6,1,16.7,1.74,0.29,0.0,0.0,21.0,0.0,0,0,0.2,0.2,0.03,-0.2,-0.2,Matches
571,572,Kevin Vázquez,es ESP,DFMF,Celta Vigo,29,1993,4.9,0,0,0,,0.0,0.0,,,,0.0,0,0,0.0,0.0,,0.0,0.0,Matches
572,573,Lucas Vázquez,es ESP,DF,Real Madrid,31,1991,12.7,4,14,7,50.0,1.1,0.55,0.29,0.57,18.5,0.0,0,0,1.9,1.9,0.14,2.1,2.1,Matches
573,574,Gabriel Veiga,es ESP,MF,Celta Vigo,20,2002,25.5,11,62,29,46.8,2.43,1.14,0.18,0.38,19.8,0.0,0,0,6.1,6.1,0.1,4.9,4.9,Matches
574,575,Unai Vencedor Paris,es ESP,MF,Athletic Club,21,2000,2.1,0,3,1,33.3,1.4,0.47,0.0,0.0,16.3,0.0,0,0,0.5,0.5,0.16,-0.5,-0.5,Matches
575,576,Gonzalo Verdú,es ESP,DF,Elche,33,1988,7.8,1,9,2,22.2,1.15,0.26,0.11,0.5,12.2,1.0,0,0,0.6,0.6,0.07,0.4,0.4,Matches
576,577,Mikel Vesga,es ESP,MF,Athletic Club,29,1993,28.6,3,25,3,12.0,0.87,0.1,0.04,0.33,21.9,0.0,2,3,3.9,1.5,0.06,-0.9,-0.5,Matches
577,578,Aleix Vidal,es ESP,MFFW,Espanyol,32,1989,11.4,0,3,2,66.7,0.26,0.18,0.0,0.0,17.4,0.0,0,0,0.1,0.1,0.04,-0.1,-0.1,Matches
578,579,Nacho Vidal,es ESP,DF,Osasuna,27,1995,13.9,0,9,2,22.2,0.65,0.14,0.0,0.0,19.8,0.0,0,0,0.6,0.6,0.06,-0.6,-0.6,Matches
579,580,Toni Villa,es ESP,MF,Valladolid,27,1995,1.0,0,0,0,,0.0,0.0,,,,0.0,0,0,0.0,0.0,,0.0,0.0,Matches
580,581,Toni Villa,es ESP,MFFW,Girona,27,1995,9.9,1,17,3,17.6,1.71,0.3,0.06,0.33,22.4,0.0,0,0,1.0,1.0,0.06,0.0,0.0,Matches
581,582,Asier Villalibre,es ESP,FW,Athletic Club,24,1997,1.1,0,4,1,25.0,3.71,0.93,0.0,0.0,11.6,0.0,0,0,0.3,0.3,0.08,-0.3,-0.3,Matches
582,583,Gonzalo Villar,es ESP,MF,Getafe,24,1998,5.1,0,3,1,33.3,0.59,0.2,0.0,0.0,19.7,0.0,0,0,0.1,0.1,0.04,-0.1,-0.1,Matches
583,584,Iván Villar,es ESP,GK,Celta Vigo,25,1997,19.0,0,0,0,,0.0,0.0,,,,0.0,0,0,0.0,0.0,,0.0,0.0,Matches
584,585,Daniel Vivian,es ESP,DF,Athletic Club,23,1999,26.4,1,13,2,15.4,0.49,0.08,0.08,0.5,12.7,0.0,0,0,1.2,1.2,0.09,-0.2,-0.2,Matches
585,586,Shon Weissman,il ISR,FW,Valladolid,26,1996,8.3,1,18,7,38.9,2.17,0.84,0.06,0.14,12.8,0.0,0,0,2.3,2.3,0.13,-1.3,-1.3,Matches
586,587,Axel Werner,ar ARG,GK,Elche,26,1996,2.0,0,0,0,,0.0,0.0,,,,0.0,0,0,0.0,0.0,,0.0,0.0,Matches
587,588,Iñaki Williams,gh GHA,FW,Athletic Club,28,1994,31.5,10,83,32,38.6,2.63,1.02,0.11,0.28,15.1,0.0,1,2,10.7,9.1,0.11,-0.7,-0.1,Matches
588,589,Nico Williams,es ESP,FW,Athletic Club,20,2002,29.5,6,61,20,32.8,2.07,0.68,0.1,0.3,17.7,1.0,0,0,4.9,4.9,0.08,1.1,1.1,Matches
589,590,Axel Witsel,be BEL,DFMF,Atlético Madrid,33,1989,25.1,0,9,0,0.0,0.36,0.0,0.0,,15.0,0.0,0,0,0.6,0.6,0.07,-0.6,-0.6,Matches
590,591,Lamine Yamal,es ESP,FW,Barcelona,15,2007,0.1,0,1,1,100.0,11.25,11.25,0.0,0.0,10.9,0.0,0,0,0.4,0.4,0.35,-0.4,-0.4,Matches
591,592,Jawad El Yamiq,ma MAR,DF,Valladolid,30,1992,17.9,1,17,4,23.5,0.95,0.22,0.06,0.25,20.2,0.0,0,0,1.1,1.1,0.07,-0.1,-0.1,Matches
592,593,Joseba Zaldúa,es ESP,DF,Cádiz,30,1992,7.1,0,1,0,0.0,0.14,0.0,0.0,,32.7,0.0,0,0,0.0,0.0,0.01,0.0,0.0,Matches
593,594,Oier Zarraga,es ESP,MF,Athletic Club,23,1999,9.5,0,18,5,27.8,1.9,0.53,0.0,0.0,24.6,0.0,0,0,1.3,1.3,0.07,-1.3,-1.3,Matches
594,595,Igor Zubeldia,es ESP,DF,Real Sociedad,25,1997,28.2,1,6,1,16.7,0.21,0.04,0.17,1.0,14.5,0.0,0,0,0.9,0.9,0.14,0.1,0.1,Matches
595,596,Martín Zubimendi,es ESP,MF,Real Sociedad,23,1999,34.5,1,13,2,15.4,0.38,0.06,0.08,0.5,19.7,0.0,0,0,1.9,1.9,0.15,-0.9,-0.9,Matches
