,_Rk,_Player,_Nation,_Pos,_Squad,_Age,_Born,_90s,SCA_SCA,SCA_SCA90,SCATypes_PassLive,SCATypes_PassDead,SCATypes_TO,SCATypes_Sh,SCATypes_Fld,SCATypes_Def,GCA_GCA,GCA_GCA90,GCATypes_PassLive,GCATypes_PassDead,GCATypes_TO,GCATypes_Sh,GCATypes_Fld,GCATypes_Def,Matches
0,1,Nabil Aberdin,fr FRA,DF,Getafe,20.0,2002.0,2.0,0,0.0,0,0,0,0,0,0,0,0.0,0,0,0,0,0,0,Matches
1,2,Abner,br BRA,DF,Betis,23.0,2000.0,15.6,14,0.9,13,0,0,1,0,0,0,0.0,0,0,0,0,0,0,Matches
2,3,Abdel Abqar,ma MAR,DF,Alavés,24.0,1999.0,25.7,12,0.47,9,0,0,2,1,0,0,0.0,0,0,0,0,0,0,Matches
3,4,Marcos Acuña,ar ARG,DF,Sevilla,31.0,1991.0,14.4,49,3.42,28,15,3,0,2,1,4,0.28,1,3,0,0,0,0,Matches
4,5,Julen Agirrezabala,es ESP,GK,Athletic Club,22.0,2000.0,2.6,0,0.0,0,0,0,0,0,0,0,0.0,0,0,0,0,0,0,Matches
5,6,Lucien Agoume,fr FRA,MF,Sevilla,21.0,2002.0,8.6,21,2.43,19,0,2,0,0,0,1,0.12,1,0,0,0,0,0,Matches
6,7,Joseph Aidoo,gh GHA,DF,Celta Vigo,27.0,1995.0,4.5,6,1.33,4,0,1,1,0,0,1,0.22,0,0,0,1,0,0,Matches
7,8,Ilias Akhomach,ma MAR,MFFW,Villarreal,19.0,2004.0,16.8,57,3.4,34,2,13,2,5,1,3,0.18,2,0,1,0,0,0,Matches
8,9,Sergio Akieme,es ESP,DF,Almería,25.0,1997.0,18.6,32,1.72,22,3,4,1,2,0,1,0.05,0,0,0,1,0,0,Matches
9,10,Paul Akouokou,ci CIV,MF,Betis,25.0,1997.0,0.3,0,0.0,0,0,0,0,0,0,0,0.0,0,0,0,0,0,0,Matches
10,11,David Alaba,at AUT,DF,Real Madrid,31.0,1992.0,12.8,18,1.4,13,4,0,1,0,0,1,0.08,0,1,0,0,0,0,Matches
11,12,Raúl Albiol,es ESP,DF,Villarreal,37.0,1985.0,22.6,4,0.18,2,0,0,2,0,0,1,0.04,1,0,0,0,0,0,Matches
12,13,Rubén Alcaraz,es ESP,MF,Cádiz,32.0,1991.0,34.8,75,2.15,52,10,1,7,2,3,5,0.14,3,0,0,2,0,0,Matches
13,14,Omar Alderete,py PAR,DF,Getafe,26.0,1996.0,24.4,31,1.27,24,0,4,2,1,0,3,0.12,3,0,0,0,0,0,Matches
14,15,Iván Alejo,es ESP,MF,Cádiz,28.0,1995.0,18.8,37,1.97,25,3,1,0,8,0,5,0.27,3,0,0,0,2,0,Matches
15,16,Carles Aleñá,es ESP,MF,Getafe,25.0,1998.0,11.3,36,3.18,21,12,0,1,1,1,2,0.18,1,1,0,0,0,0,Matches
16,17,Mohamed Ali Cho,fr FRA,FWMF,Real Sociedad,19.0,2004.0,2.8,3,1.08,1,0,1,0,1,0,1,0.36,0,0,0,0,1,0,Matches
17,18,Tadeo Allende,ar ARG,MFFW,Celta Vigo,24.0,1999.0,3.7,9,2.41,4,0,1,3,1,0,0,0.0,0,0,0,0,0,0,Matches
18,19,Domingos André Ribeiro Almeida,pt POR,FWMF,Valencia,23.0,2000.0,10.7,29,2.71,18,3,3,3,2,0,1,0.09,1,0,0,0,0,0,Matches
19,20,Marcos Alonso,es ESP,DF,Barcelona,32.0,1990.0,2.8,8,2.86,7,1,0,0,0,0,1,0.36,1,0,0,0,0,0,Matches
20,21,Adrià Altimira,es ESP,DFMF,Villarreal,22.0,2001.0,8.6,6,0.7,6,0,0,0,0,0,1,0.12,1,0,0,0,0,0,Matches
21,22,Sergi Altimira,es ESP,MF,Betis,21.0,2001.0,6.3,14,2.22,8,1,2,1,2,0,0,0.0,0,0,0,0,0,0,Matches
22,23,Gastón Álvarez,uy URU,DF,Getafe,23.0,2000.0,28.2,22,0.78,17,1,1,3,0,0,1,0.04,1,0,0,0,0,0,Matches
23,24,Hugo Álvarez,es ESP,MFDF,Celta Vigo,20.0,2003.0,8.5,31,3.66,25,2,4,0,0,0,2,0.24,1,0,1,0,0,0,Matches
24,25,Yeray Álvarez,es ESP,DF,Athletic Club,28.0,1995.0,12.8,10,0.78,8,2,0,0,0,0,2,0.16,2,0,0,0,0,0,Matches
25,26,Selim Amallah,ma MAR,FWMF,Valencia,26.0,1996.0,6.7,14,2.09,7,0,3,0,4,0,1,0.15,1,0,0,0,0,0,Matches
26,27,Amath,sn SEN,FWMF,Mallorca,27.0,1996.0,4.4,17,3.87,6,0,5,2,3,1,0,0.0,0,0,0,0,0,0,Matches
27,28,Miguel Ángel Rubio,es ESP,DF,Granada,25.0,1998.0,17.3,6,0.35,5,0,1,0,0,0,1,0.06,1,0,0,0,0,0,Matches
28,29,Fabrizio Angileri,ar ARG,DFMF,Getafe,29.0,1994.0,1.8,9,4.91,8,0,0,0,1,0,0,0.0,0,0,0,0,0,0,Matches
29,30,Mauro Arambarri,uy URU,MF,Getafe,27.0,1995.0,3.8,9,2.39,8,0,0,0,0,1,0,0.0,0,0,0,0,0,0,Matches
30,31,Jon Aramburu,ve VEN,DF,Real Sociedad,21.0,2002.0,6.0,4,0.66,3,0,0,1,0,0,0,0.0,0,0,0,0,0,0,Matches
31,32,Julian Araujo,mx MEX,DF,Las Palmas,21.0,2001.0,16.2,31,1.91,25,2,2,0,1,1,1,0.06,1,0,0,0,0,0,Matches
32,33,Ronald Araújo,uy URU,DF,Barcelona,24.0,1999.0,22.2,22,0.99,14,0,1,7,0,0,4,0.18,1,0,0,3,0,0,Matches
33,34,Adu Ares,es ESP,FW,Athletic Club,21.0,2001.0,2.9,3,1.02,2,0,1,0,0,0,1,0.34,1,0,0,0,0,0,Matches
34,35,Jesús Areso,es ESP,DF,Osasuna,24.0,1999.0,29.6,70,2.37,57,5,6,1,1,0,12,0.41,9,1,2,0,0,0,Matches
35,36,Matias Arezo,uy URU,FW,Granada,20.0,2002.0,4.1,5,1.22,4,1,0,0,0,0,0,0.0,0,0,0,0,0,0,Matches
36,37,Iñigo Arguibide,es ESP,DF,Osasuna,18.0,2005.0,0.2,0,0.0,0,0,0,0,0,0,0,0.0,0,0,0,0,0,0,Matches
37,38,José Arnaiz,es ESP,FWMF,Osasuna,28.0,1995.0,10.3,40,3.88,13,12,2,5,8,0,5,0.48,1,2,0,1,1,0,Matches
38,39,Sergio Arribas,es ESP,MFFW,Almería,21.0,2001.0,22.7,92,4.04,63,12,3,6,6,2,9,0.4,5,0,1,1,1,1,Matches
39,40,Kepa Arrizabalaga,es ESP,GK,Real Madrid,28.0,1994.0,13.3,0,0.0,0,0,0,0,0,0,0,0.0,0,0,0,0,0,0,Matches
40,41,Iago Aspas,es ESP,FW,Celta Vigo,35.0,1987.0,30.1,172,5.72,120,30,7,8,7,0,20,0.67,14,2,2,1,1,0,Matches
41,42,Ezequiel Ávila,ar ARG,FWMF,Osasuna,29.0,1994.0,9.6,37,3.85,23,9,0,4,1,0,7,0.73,3,2,0,2,0,0,Matches
42,43,Ezequiel Ávila,ar ARG,FW,Betis,29.0,1994.0,3.3,9,2.72,3,0,2,2,2,0,1,0.3,0,0,0,0,1,0,Matches
43,44,César Azpilicueta,es ESP,DF,Atlético Madrid,33.0,1989.0,15.8,32,2.03,30,2,0,0,0,0,3,0.19,3,0,0,0,0,0,Matches
44,45,Iddrisu Baba,gh GHA,MF,Almería,27.0,1996.0,15.9,18,1.13,14,0,0,1,0,3,0,0.0,0,0,0,0,0,0,Matches
45,46,Srđan Babić,rs SRB,DF,Almería,27.0,1996.0,1.0,3,3.0,3,0,0,0,0,0,0,0.0,0,0,0,0,0,0,Matches
46,47,Loïc Bade,fr FRA,DF,Sevilla,23.0,2000.0,25.3,20,0.79,18,0,0,1,0,1,4,0.16,3,0,0,1,0,0,Matches
47,48,Alex Baena,es ESP,MFFW,Villarreal,22.0,2001.0,28.7,151,5.27,93,34,10,9,2,3,22,0.77,14,5,0,2,0,1,Matches
48,49,Eric Bailly,ci CIV,DF,Villarreal,29.0,1994.0,9.3,3,0.32,2,0,1,0,0,0,1,0.11,1,0,0,0,0,0,Matches
49,50,Cédric Bakambu,cd COD,FW,Betis,32.0,1991.0,2.2,5,2.32,3,0,0,1,1,0,0,0.0,0,0,0,0,0,0,Matches
50,51,Alejandro Balde,es ESP,DF,Barcelona,19.0,2003.0,15.3,29,1.9,26,0,2,0,1,0,4,0.26,4,0,0,0,0,0,Matches
51,52,Iván Balliu,al ALB,DF,Rayo Vallecano,31.0,1992.0,31.9,51,1.6,36,9,2,3,0,1,3,0.09,0,2,0,1,0,0,Matches
52,53,Jonathan Bamba,ci CIV,MFFW,Celta Vigo,27.0,1996.0,22.0,79,3.58,65,0,6,2,6,0,4,0.18,4,0,0,0,0,0,Matches
53,54,Léo Baptistão,br BRA,FW,Almería,30.0,1992.0,20.4,40,1.93,26,0,4,5,5,0,1,0.05,0,0,0,0,1,0,Matches
54,55,Kike Barja,es ESP,FWMF,Osasuna,26.0,1997.0,3.4,12,3.56,9,0,1,1,1,0,1,0.3,1,0,0,0,0,0,Matches
55,56,Ander Barrenetxea,es ESP,FWMF,Real Sociedad,21.0,2001.0,15.9,41,2.58,27,1,7,2,2,2,4,0.25,2,0,0,2,0,0,Matches
56,57,Pablo Barrios,es ESP,MF,Atlético Madrid,20.0,2003.0,17.3,43,2.49,35,1,2,3,0,2,2,0.12,2,0,0,0,0,0,Matches
57,58,Marc Bartra,es ESP,DF,Betis,32.0,1991.0,2.5,3,1.2,2,0,0,1,0,0,1,0.4,0,0,0,1,0,0,Matches
58,59,Augusto Batalla,ar ARG,GK,Granada,27.0,1996.0,17.0,6,0.35,3,3,0,0,0,0,0,0.0,0,0,0,0,0,0,Matches
59,60,Bebé,cv CPV,MFFW,Rayo Vallecano,33.0,1990.0,2.4,8,3.4,3,3,0,2,0,0,0,0.0,0,0,0,0,0,0,Matches
60,61,Sheraldo Becker,sr SUR,FWMF,Real Sociedad,28.0,1995.0,8.6,19,2.22,14,1,1,3,0,0,5,0.58,4,0,0,1,0,0,Matches
61,62,Héctor Bellerín,es ESP,DF,Betis,28.0,1995.0,19.0,30,1.58,26,3,0,0,1,0,4,0.21,4,0,0,0,0,0,Matches
62,63,Jude Bellingham,eng ENG,MF,Real Madrid,20.0,2003.0,25.7,99,3.85,82,0,8,4,5,0,13,0.51,10,0,1,2,0,0,Matches
63,64,Fran Beltrán,es ESP,MF,Celta Vigo,24.0,1999.0,27.0,49,1.82,41,3,1,2,2,0,3,0.11,3,0,0,0,0,0,Matches
64,65,Carlos Benavídez,uy URU,MF,Alavés,25.0,1998.0,12.6,22,1.74,15,0,0,2,2,3,2,0.16,2,0,0,0,0,0,Matches
65,66,Yuri Berchiche,es ESP,DF,Athletic Club,33.0,1990.0,21.4,36,1.68,30,1,1,2,2,0,5,0.23,5,0,0,0,0,0,Matches
66,67,Álex Berenguer,es ESP,FW,Athletic Club,28.0,1995.0,17.7,60,3.4,26,25,4,2,2,1,8,0.45,3,3,1,0,0,1,Matches
67,68,Isaac Bernal,es ESP,FW,Sevilla,23.0,2000.0,11.5,29,2.51,16,0,8,5,0,0,8,0.69,4,0,2,2,0,0,Matches
68,69,Antonio Blanco,es ESP,MF,Alavés,23.0,2000.0,27.0,45,1.67,39,1,0,2,3,0,1,0.04,1,0,0,0,0,0,Matches
69,70,Daley Blind,nl NED,DF,Girona,33.0,1990.0,33.0,48,1.45,41,2,3,1,0,1,5,0.15,4,0,0,0,0,1,Matches
70,71,Adri Bosch,es ESP,DF,Granada,22.0,2001.0,0.3,0,0.0,0,0,0,0,0,0,0,0.0,0,0,0,0,0,0,Matches
71,72,Yassine Bounou,ma MAR,GK,Sevilla,32.0,1991.0,1.0,0,0.0,0,0,0,0,0,0,0,0.0,0,0,0,0,0,0,Matches
72,73,Lucas Boyé,ar ARG,FW,Granada,27.0,1996.0,28.2,78,2.76,58,1,10,7,1,1,8,0.28,6,0,2,0,0,0,Matches
73,74,Juan Brandáriz,es ESP,DF,Almería,24.0,1999.0,27.0,21,0.78,18,1,0,1,0,1,1,0.04,1,0,0,0,0,0,Matches
74,75,Darko Brašanac,rs SRB,MF,Osasuna,31.0,1992.0,0.5,2,3.75,2,0,0,0,0,0,0,0.0,0,0,0,0,0,0,Matches
75,76,Brau,es ESP,DF,Granada,21.0,2001.0,0.3,0,0.0,0,0,0,0,0,0,0,0.0,0,0,0,0,0,0,Matches
76,77,Claudio Bravo,cl CHI,GK,Betis,40.0,1983.0,7.0,2,0.29,2,0,0,0,0,0,0,0.0,0,0,0,0,0,0,Matches
77,78,Ben Brereton,cl CHI,FWMF,Villarreal,24.0,1999.0,3.0,4,1.33,2,0,0,1,0,1,0,0.0,0,0,0,0,0,0,Matches
78,79,Ante Budimir,hr CRO,FW,Osasuna,32.0,1991.0,27.1,42,1.55,21,1,3,7,8,2,5,0.18,2,0,0,1,2,0,Matches
79,80,Pablo Busto,es ESP,DF,Betis,17.0,2005.0,0.5,1,2.05,1,0,0,0,0,0,0,0.0,0,0,0,0,0,0,Matches
80,81,José Callejón,es ESP,MFFW,Granada,36.0,1987.0,8.9,33,3.69,19,8,1,2,3,0,1,0.11,1,0,0,0,0,0,Matches
81,82,Eduardo Camavinga,fr FRA,MFDF,Real Madrid,20.0,2002.0,20.2,58,2.87,45,0,3,1,4,5,6,0.3,5,0,1,0,0,0,Matches
82,83,Sergio Camello,es ESP,FW,Rayo Vallecano,22.0,2001.0,18.5,46,2.49,33,0,5,5,2,1,6,0.32,2,0,3,1,0,0,Matches
83,84,José Campaña,es ESP,MF,Las Palmas,30.0,1993.0,1.9,1,0.53,1,0,0,0,0,0,0,0.0,0,0,0,0,0,0,Matches
84,85,João Cancelo,pt POR,DF,Barcelona,29.0,1994.0,27.8,79,2.84,70,1,6,0,1,1,8,0.29,7,0,1,0,0,0,Matches
85,86,Sergi Canós,es ESP,MFFW,Valencia,26.0,1997.0,13.7,32,2.35,20,0,5,4,2,1,2,0.15,2,0,0,0,0,0,Matches
86,87,Étienne Capoue,fr FRA,MF,Villarreal,35.0,1988.0,16.2,32,1.98,26,0,2,1,3,0,4,0.25,2,0,1,0,1,0,Matches
87,88,Isaac Carcelen,es ESP,DF,Cádiz,30.0,1993.0,29.0,43,1.48,32,7,1,2,1,0,0,0.0,0,0,0,0,0,0,Matches
88,89,Cárdenas,es ESP,GK,Rayo Vallecano,26.0,1997.0,1.0,0,0.0,0,0,0,0,0,0,0,0.0,0,0,0,0,0,0,Matches
89,90,Marc Cardona,es ESP,FW,Las Palmas,28.0,1995.0,8.0,16,1.95,11,0,3,1,1,0,2,0.24,1,0,0,0,1,0,Matches
90,91,Sergi Cardona,es ESP,DF,Las Palmas,24.0,1999.0,31.3,77,2.46,65,0,3,5,2,2,7,0.22,6,0,0,0,1,0,Matches
91,92,Johnny Cardoso,us USA,MF,Betis,21.0,2001.0,14.8,21,1.42,16,0,1,0,1,3,5,0.34,3,0,0,0,1,1,Matches
92,93,Carmona,es ESP,DFMF,Getafe,21.0,2002.0,14.6,29,1.99,19,3,0,4,1,2,2,0.14,1,1,0,0,0,0,Matches
93,94,Yannick Carrasco,be BEL,DF,Atlético Madrid,29.0,1993.0,2.5,7,2.85,4,1,1,0,1,0,1,0.41,1,0,0,0,0,0,Matches
94,95,Álvaro Carreras,es ESP,MFFW,Granada,20.0,2003.0,5.3,17,3.21,12,1,0,2,1,1,1,0.19,0,0,0,0,0,1,Matches
95,96,Dani Carvajal,es ESP,DF,Real Madrid,31.0,1992.0,24.1,44,1.82,41,0,1,0,2,0,7,0.29,6,0,0,0,1,0,Matches
96,97,William Carvalho,pt POR,MF,Betis,31.0,1992.0,7.6,18,2.38,17,0,0,1,0,0,4,0.53,3,0,0,1,0,0,Matches
97,98,Marc Casado,es ESP,MF,Barcelona,19.0,2003.0,0.2,1,6.0,0,0,0,0,1,0,0,0.0,0,0,0,0,0,0,Matches
98,99,Catena,es ESP,DF,Osasuna,28.0,1994.0,28.2,14,0.5,13,0,0,1,0,0,4,0.14,4,0,0,0,0,0,Matches
99,100,Dani Ceballos,es ESP,MFFW,Real Madrid,26.0,1996.0,6.6,25,3.77,22,0,1,0,2,0,2,0.3,2,0,0,0,0,0,Matches
100,101,Álex Centelles,es ESP,DF,Almería,25.0,1997.0,10.9,27,2.48,22,3,0,0,2,0,2,0.18,2,0,0,0,0,0,Matches
101,102,Franco Cervi,ar ARG,MFDF,Celta Vigo,29.0,1994.0,6.1,18,2.98,13,0,0,3,1,1,3,0.5,2,0,0,1,0,0,Matches
102,103,Pep Chavarría,es ESP,DFMF,Rayo Vallecano,25.0,1998.0,13.0,35,2.7,27,1,1,2,4,0,1,0.08,1,0,0,0,0,0,Matches
103,104,Andreas Christensen,dk DEN,DFMF,Barcelona,27.0,1996.0,22.0,28,1.27,25,0,0,2,0,1,3,0.14,2,0,0,1,0,0,Matches
104,105,Víctor Chust,es ESP,DF,Cádiz,23.0,2000.0,20.7,16,0.77,15,0,0,1,0,0,1,0.05,1,0,0,0,0,0,Matches
105,106,Pathé Ciss,sn SEN,MF,Rayo Vallecano,29.0,1994.0,18.5,29,1.57,17,0,3,1,5,3,2,0.11,1,0,0,0,1,0,Matches
106,107,Silvi Clúa,es ESP,MF,Girona,18.0,2005.0,0.0,0,0.0,0,0,0,0,0,0,0,0.0,0,0,0,0,0,0,Matches
107,108,Saúl Coco,gq EQG,DF,Las Palmas,24.0,1999.0,25.5,6,0.24,5,0,0,1,0,0,0,0.0,0,0,0,0,0,0,Matches
108,109,Santi Comesaña,es ESP,MF,Villarreal,26.0,1996.0,18.4,37,2.02,31,1,0,3,1,1,3,0.16,2,0,0,1,0,0,Matches
109,110,Copete,es ESP,DF,Mallorca,23.0,1999.0,14.8,8,0.54,6,0,0,1,0,1,0,0.0,0,0,0,0,0,0,Matches
110,111,Francis Coquelin,fr FRA,MF,Villarreal,32.0,1991.0,10.1,16,1.58,12,0,0,0,1,3,0,0.0,0,0,0,0,0,0,Matches
111,112,Theo Corbeanu,ca CAN,MFFW,Granada,21.0,2002.0,2.0,4,1.8,2,1,0,1,0,0,1,0.45,1,0,0,0,0,0,Matches
112,113,Jesús Corona,mx MEX,MFDF,Sevilla,30.0,1993.0,0.2,0,0.0,0,0,0,0,0,0,0,0.0,0,0,0,0,0,0,Matches
113,114,Ángel Correa,ar ARG,FWMF,Atlético Madrid,28.0,1995.0,17.0,68,4.0,48,2,11,3,2,2,11,0.65,8,0,2,0,0,1,Matches
114,115,Thierry Correia,pt POR,DF,Valencia,24.0,1999.0,23.9,51,2.13,38,6,3,1,3,0,7,0.29,3,2,0,1,1,0,Matches
115,116,Jaume Costa,es ESP,DF,Mallorca,35.0,1988.0,18.7,42,2.25,33,5,1,0,3,0,2,0.11,2,0,0,0,0,0,Matches
116,117,Samu Costa,pt POR,MF,Mallorca,22.0,2000.0,25.6,47,1.84,42,3,1,1,0,0,3,0.12,3,0,0,0,0,0,Matches
117,118,Thibaut Courtois,be BEL,GK,Real Madrid,31.0,1992.0,3.7,1,0.27,1,0,0,0,0,0,0,0.0,0,0,0,0,0,0,Matches
118,119,Yan Couto,br BRA,DFFW,Girona,21.0,2002.0,24.9,56,2.24,44,1,5,2,4,0,14,0.56,9,0,1,1,3,0,Matches
119,120,Crespo,pt POR,MF,Rayo Vallecano,26.0,1996.0,5.9,10,1.71,7,0,0,0,1,2,0,0.0,0,0,0,0,0,0,Matches
120,121,Cristian,es ESP,GK,Valencia,25.0,1998.0,0.6,0,0.0,0,0,0,0,0,0,0,0.0,0,0,0,0,0,0,Matches
121,122,Juan Cruz Armada,es ESP,DF,Osasuna,31.0,1992.0,18.5,12,0.65,10,2,0,0,0,0,1,0.05,1,0,0,0,0,0,Matches
122,123,Juan Cruz,es ESP,FW,Betis,23.0,2000.0,0.8,5,5.92,3,0,2,0,0,0,0,0.0,0,0,0,0,0,0,Matches
123,124,Pau Cubarsí,es ESP,DF,Barcelona,16.0,2007.0,17.3,17,0.98,17,0,0,0,0,0,1,0.06,1,0,0,0,0,0,Matches
124,125,Iván Cuéllar,es ESP,GK,Mallorca,39.0,1984.0,1.0,0,0.0,0,0,0,0,0,0,0,0.0,0,0,0,0,0,0,Matches
125,126,Jorge Cuenca,es ESP,DF,Villarreal,23.0,1999.0,21.8,15,0.69,12,0,2,0,0,1,2,0.09,2,0,0,0,0,0,Matches
126,127,Eric Curbelo,es ESP,DFMF,Las Palmas,29.0,1994.0,1.1,1,0.88,1,0,0,0,0,0,0,0.0,0,0,0,0,0,0,Matches
127,128,Alberto Dadie,es ESP,MF,Real Sociedad,21.0,2002.0,0.3,1,3.21,1,0,0,0,0,0,0,0.0,0,0,0,0,0,0,Matches
128,129,Sergi Darder,es ESP,MF,Mallorca,29.0,1993.0,24.0,91,3.8,53,29,1,3,4,1,7,0.29,3,4,0,0,0,0,Matches
129,130,Rodrigo De Paul,ar ARG,MF,Atlético Madrid,29.0,1994.0,23.1,82,3.55,71,3,2,3,3,0,12,0.52,10,0,0,2,0,0,Matches
130,131,Mouctar Diakhaby,gn GUI,DFMF,Valencia,26.0,1996.0,11.9,6,0.5,6,0,0,0,0,0,1,0.08,1,0,0,0,0,0,Matches
131,132,Moussa Diakité,ml MLI,MF,Cádiz,19.0,2003.0,0.0,0,0.0,0,0,0,0,0,0,0,0.0,0,0,0,0,0,0,Matches
132,133,Assane Diao,es ESP,FW,Betis,17.0,2005.0,11.6,23,1.98,17,0,0,5,0,1,0,0.0,0,0,0,0,0,0,Matches
133,134,Brahim Díaz,ma MAR,FWMF,Real Madrid,23.0,1999.0,17.2,75,4.37,49,2,13,6,4,1,18,1.05,12,1,5,0,0,0,Matches
134,135,Víctor Díaz,es ESP,DFMF,Granada,35.0,1988.0,1.8,1,0.56,1,0,0,0,0,0,0,0.0,0,0,0,0,0,0,Matches
135,136,Famara Diedhiou,sn SEN,FWMF,Granada,30.0,1992.0,1.0,7,7.0,5,0,1,0,1,0,2,2.0,1,0,0,0,1,0,Matches
136,137,Stole Dimitrievski,mk MKD,GK,Rayo Vallecano,29.0,1993.0,37.0,10,0.27,3,7,0,0,0,0,0,0.0,0,0,0,0,0,0,Matches
137,138,Djené,tg TOG,DFMF,Getafe,31.0,1991.0,27.6,22,0.8,19,1,1,0,1,0,0,0.0,0,0,0,0,0,0,Matches
138,139,Marko Dmitrović,rs SRB,GK,Sevilla,31.0,1992.0,13.0,3,0.23,2,1,0,0,0,0,0,0.0,0,0,0,0,0,0,Matches
139,140,Jaume Doménech,es ESP,GK,Valencia,32.0,1990.0,0.9,0,0.0,0,0,0,0,0,0,0,0.0,0,0,0,0,0,0,Matches
140,141,Carlos Dominguez,es ESP,DF,Celta Vigo,22.0,2001.0,17.6,13,0.74,12,1,0,0,0,0,1,0.06,1,0,0,0,0,0,Matches
141,142,Mario Dominguez,es ESP,FW,Valencia,19.0,2004.0,0.3,0,0.0,0,0,0,0,0,0,0,0.0,0,0,0,0,0,0,Matches
142,143,Carlos Dotor,es ESP,MF,Celta Vigo,22.0,2001.0,7.9,9,1.14,7,1,0,0,1,0,1,0.13,0,0,0,0,1,0,Matches
143,144,Anastasios Douvikas,gr GRE,FW,Celta Vigo,23.0,1999.0,10.1,20,1.99,11,0,3,4,2,0,2,0.2,2,0,0,0,0,0,Matches
144,145,Artem Dovbyk,ua UKR,FW,Girona,26.0,1997.0,28.7,57,1.98,41,0,6,8,2,0,13,0.45,9,0,1,3,0,0,Matches
145,146,Domingos Duarte,pt POR,DF,Getafe,28.0,1995.0,10.1,4,0.4,4,0,0,0,0,0,0,0.0,0,0,0,0,0,0,Matches
146,147,Rubén Duarte,es ESP,DF,Alavés,27.0,1995.0,20.9,32,1.54,21,8,1,1,1,0,2,0.1,1,1,0,0,0,0,Matches
147,148,Hugo Duro,es ESP,FW,Valencia,23.0,1999.0,33.1,49,1.48,25,0,4,5,14,1,9,0.27,4,0,1,1,3,0,Matches
148,149,Aritz Elustondo,es ESP,DF,Real Sociedad,29.0,1994.0,9.0,13,1.44,7,2,0,3,0,1,2,0.22,0,0,0,2,0,0,Matches
149,150,Adri Embarba,es ESP,FWMF,Almería,31.0,1992.0,27.5,108,3.93,59,25,8,6,6,4,8,0.29,4,1,0,3,0,0,Matches
150,151,Youssef En-Nesyri,ma MAR,FW,Sevilla,26.0,1997.0,28.6,22,0.77,13,0,1,4,2,2,8,0.28,4,0,0,1,1,2,Matches
151,152,Gonzalo Escalante,ar ARG,MF,Cádiz,30.0,1993.0,18.9,21,1.11,18,0,0,1,0,2,2,0.11,2,0,0,0,0,0,Matches
152,153,Aarón Escandell,es ESP,GK,Las Palmas,27.0,1995.0,1.7,0,0.0,0,0,0,0,0,0,0,0.0,0,0,0,0,0,0,Matches
153,154,Alfonso Espino,uy URU,DF,Rayo Vallecano,31.0,1992.0,27.9,54,1.94,44,3,3,3,0,1,1,0.04,1,0,0,0,0,0,Matches
154,155,Bernardo Espinosa,co COL,DF,Girona,34.0,1989.0,0.0,0,0.0,0,0,0,0,0,0,0,0.0,0,0,0,0,0,0,Matches
155,156,Karl Etta,cm CMR,FW,Cádiz,19.0,2004.0,0.2,0,0.0,0,0,0,0,0,0,0,0.0,0,0,0,0,0,0,Matches
156,157,Abdessamad Ezzalzouli,ma MAR,FWMF,Barcelona,21.0,2001.0,0.8,2,2.65,2,0,0,0,0,0,0,0.0,0,0,0,0,0,0,Matches
157,158,Abdessamad Ezzalzouli,ma MAR,FW,Betis,21.0,2001.0,9.6,20,2.08,12,1,3,1,3,0,2,0.21,1,1,0,0,0,0,Matches
158,159,Radamel Falcao,co COL,FWDF,Rayo Vallecano,37.0,1986.0,4.5,13,2.87,8,0,0,1,3,1,0,0.0,0,0,0,0,0,0,Matches
159,160,Fali,es ESP,DF,Cádiz,29.0,1993.0,28.3,17,0.6,15,1,0,0,0,1,0,0.0,0,0,0,0,0,0,Matches
160,161,Ansu Fati,es ESP,MFFW,Barcelona,20.0,2002.0,0.6,1,1.8,0,0,0,1,0,0,0,0.0,0,0,0,0,0,0,Matches
161,162,Nabil Fekir,fr FRA,MFFW,Betis,30.0,1993.0,11.7,60,5.14,38,11,3,3,5,0,3,0.26,2,0,1,0,0,0,Matches
162,163,Luiz Felipe,it ITA,DF,Betis,26.0,1997.0,4.0,2,0.5,2,0,0,0,0,0,0,0.0,0,0,0,0,0,0,Matches
163,164,João Félix,pt POR,FW,Barcelona,23.0,1999.0,17.1,62,3.62,43,0,7,9,2,1,9,0.53,4,0,2,3,0,0,Matches
164,165,Kiko Femenía,es ESP,DF,Villarreal,32.0,1991.0,17.6,31,1.76,26,4,0,0,0,1,4,0.23,3,1,0,0,0,0,Matches
165,166,Aitor Fernández,es ESP,GK,Osasuna,32.0,1991.0,6.1,1,0.16,1,0,0,0,0,0,0,0.0,0,0,0,0,0,0,Matches
166,167,Álex Fernández,es ESP,MF,Cádiz,30.0,1992.0,14.3,26,1.82,17,7,0,2,0,0,2,0.14,2,0,0,0,0,0,Matches
167,168,Carlos Fernández,es ESP,FW,Real Sociedad,27.0,1996.0,4.5,3,0.66,2,0,0,0,0,1,1,0.22,1,0,0,0,0,0,Matches
168,169,Raúl Fernández,es ESP,GK,Granada,35.0,1988.0,3.1,0,0.0,0,0,0,0,0,0,0,0.0,0,0,0,0,0,0,Matches
169,170,Valery Fernández,es ESP,MFFW,Girona,23.0,1999.0,5.6,14,2.49,10,1,2,0,1,0,3,0.53,1,0,1,0,1,0,Matches
170,171,Fernando,es ESP,GK,Almería,33.0,1990.0,4.0,1,0.25,1,0,0,0,0,0,1,0.25,1,0,0,0,0,0,Matches
171,172,Fernando,br BRA,MF,Sevilla,36.0,1987.0,5.1,8,1.57,8,0,0,0,0,0,0,0.0,0,0,0,0,0,0,Matches
172,173,André Ferreira,pt POR,GK,Granada,27.0,1996.0,14.9,2,0.13,2,0,0,0,0,0,0,0.0,0,0,0,0,0,0,Matches
173,174,Rachad Fettal,ma MAR,FW,Almería,18.0,2005.0,0.2,2,10.59,2,0,0,0,0,0,0,0.0,0,0,0,0,0,0,Matches
174,175,Pablo Fornals,es ESP,FWMF,Betis,27.0,1996.0,12.8,45,3.53,37,3,2,2,1,0,6,0.47,5,0,0,1,0,0,Matches
175,176,Héctor Fort,es ESP,DF,Barcelona,16.0,2006.0,3.5,5,1.41,5,0,0,0,0,0,3,0.85,3,0,0,0,0,0,Matches
176,177,Dimitri Foulquier,fr FRA,DFMF,Valencia,30.0,1993.0,20.5,27,1.32,21,2,0,0,1,3,2,0.1,2,0,0,0,0,0,Matches
177,178,Juan Foyth,ar ARG,DF,Villarreal,25.0,1998.0,11.8,12,1.02,9,1,1,1,0,0,1,0.08,1,0,0,0,0,0,Matches
178,179,Jorge de Frutos,es ESP,FWMF,Rayo Vallecano,26.0,1997.0,17.2,51,2.96,38,3,4,3,2,1,1,0.06,0,0,0,1,0,0,Matches
179,180,Daniel Fuzato,br BRA,GK,Getafe,26.0,1997.0,0.1,0,0.0,0,0,0,0,0,0,0,0.0,0,0,0,0,0,0,Matches
180,181,Matteo Gabbia,it ITA,DF,Villarreal,23.0,1999.0,5.3,5,0.94,5,0,0,0,0,0,1,0.19,1,0,0,0,0,0,Matches
181,182,Javi Galán,es ESP,DF,Atlético Madrid,28.0,1994.0,1.0,4,4.04,2,1,1,0,0,0,0,0.0,0,0,0,0,0,0,Matches
182,183,Javi Galán,es ESP,DF,Real Sociedad,28.0,1994.0,11.9,22,1.84,19,2,0,1,0,0,3,0.25,3,0,0,0,0,0,Matches
183,184,Iñigo Ruiz de Galarreta,es ESP,MF,Athletic Club,29.0,1993.0,23.2,56,2.41,42,12,0,0,2,0,9,0.39,9,0,0,0,0,0,Matches
184,185,Aleix García,es ESP,MF,Girona,26.0,1997.0,35.5,129,3.63,82,40,1,1,4,1,21,0.59,16,5,0,0,0,0,Matches
185,186,Álvaro García,es ESP,FWMF,Rayo Vallecano,30.0,1992.0,27.5,79,2.87,58,5,3,4,6,3,5,0.18,4,0,0,0,1,0,Matches
186,187,Dani García,es ESP,MF,Athletic Club,33.0,1990.0,8.3,3,0.36,2,0,0,0,0,1,0,0.0,0,0,0,0,0,0,Matches
187,188,David García,es ESP,DF,Osasuna,29.0,1994.0,25.9,18,0.69,16,0,0,1,0,1,3,0.12,2,0,0,1,0,0,Matches
188,189,Eric García,es ESP,DF,Barcelona,22.0,2001.0,0.6,1,1.58,1,0,0,0,0,0,0,0.0,0,0,0,0,0,0,Matches
189,190,Eric García,es ESP,DF,Girona,22.0,2001.0,29.3,42,1.43,39,0,0,2,1,0,6,0.2,6,0,0,0,0,0,Matches
190,191,Fran Garcia,es ESP,DF,Real Madrid,23.0,1999.0,15.5,34,2.19,32,0,2,0,0,0,4,0.26,4,0,0,0,0,0,Matches
191,192,Francisco Jesús Crespo García,es ESP,FW,Las Palmas,27.0,1996.0,5.6,19,3.39,13,2,2,2,0,0,0,0.0,0,0,0,0,0,0,Matches
192,193,Gonzalo García,es ESP,FWMF,Real Madrid,19.0,2004.0,0.2,0,0.0,0,0,0,0,0,0,0,0.0,0,0,0,0,0,0,Matches
193,194,Jastin García,es ESP,FW,Girona,19.0,2004.0,0.4,1,2.81,0,0,0,0,1,0,0,0.0,0,0,0,0,0,0,Matches
194,195,Raúl García,es ESP,FWMF,Athletic Club,37.0,1986.0,4.7,4,0.86,3,0,0,0,0,1,0,0.0,0,0,0,0,0,0,Matches
195,196,Rubén García,es ESP,FWMF,Osasuna,30.0,1993.0,17.2,65,3.79,36,14,7,2,6,0,5,0.29,4,0,0,0,1,0,Matches
196,197,Santiago García,,FW,Getafe,21.0,2001.0,0.3,0,0.0,0,0,0,0,0,0,0,0.0,0,0,0,0,0,0,Matches
197,198,Unai García,es ESP,DF,Osasuna,31.0,1992.0,6.2,2,0.32,0,2,0,0,0,0,0,0.0,0,0,0,0,0,0,Matches
198,199,Federico Gattoni,ar ARG,DFFW,Sevilla,24.0,1999.0,0.1,0,0.0,0,0,0,0,0,0,0,0.0,0,0,0,0,0,0,Matches
199,200,Gavi,es ESP,MFFW,Barcelona,18.0,2004.0,10.5,27,2.57,24,0,2,0,0,1,3,0.29,3,0,0,0,0,0,Matches
200,201,Paulo Gazzaniga,ar ARG,GK,Girona,31.0,1992.0,38.0,11,0.29,8,3,0,0,0,0,1,0.03,1,0,0,0,0,0,Matches
201,202,David Gil,es ESP,GK,Cádiz,29.0,1994.0,4.1,0,0.0,0,0,0,0,0,0,0,0.0,0,0,0,0,0,0,Matches
202,203,Maxi Gómez,uy URU,FW,Cádiz,26.0,1996.0,12.9,21,1.63,13,0,0,3,4,1,1,0.08,0,0,0,1,0,0,Matches
203,204,Moi Gómez,es ESP,MFFW,Osasuna,29.0,1994.0,22.3,60,2.69,42,12,3,1,2,0,2,0.09,0,1,0,1,0,0,Matches
204,205,Unai Gómez,es ESP,MF,Athletic Club,20.0,2003.0,9.7,25,2.57,14,6,1,2,1,1,2,0.21,2,0,0,0,0,0,Matches
205,206,Édgar González,es ESP,DFMF,Almería,26.0,1997.0,28.0,19,0.68,19,0,0,0,0,0,0,0.0,0,0,0,0,0,0,Matches
206,207,Fabio González,es ESP,MF,Las Palmas,26.0,1997.0,1.4,4,2.93,4,0,0,0,0,0,1,0.73,1,0,0,0,0,0,Matches
207,208,Giovanni González,uy URU,DF,Mallorca,28.0,1994.0,27.4,51,1.86,38,4,2,4,1,2,3,0.11,2,0,0,1,0,0,Matches
208,209,Hugo González,es ESP,MFFW,Valencia,20.0,2003.0,1.0,5,5.11,2,2,0,0,1,0,1,1.02,1,0,0,0,0,0,Matches
209,210,Iñaki González,es ESP,MF,Las Palmas,19.0,2004.0,0.1,0,0.0,0,0,0,0,0,0,0,0.0,0,0,0,0,0,0,Matches
210,211,Peter González,do DOM,MFFW,Valencia,21.0,2002.0,7.2,14,1.94,8,2,2,1,1,0,1,0.14,0,0,0,0,1,0,Matches
211,212,Urko González,es ESP,MF,Real Sociedad,22.0,2001.0,1.7,1,0.58,0,0,1,0,0,0,0,0.0,0,0,0,0,0,0,Matches
212,213,Andoni Gorosabel,es ESP,DF,Alavés,26.0,1996.0,31.7,59,1.86,46,5,1,1,4,2,2,0.06,2,0,0,0,0,0,Matches
213,214,Pablo Gozalbez,es ESP,MFFW,Valencia,22.0,2001.0,1.1,1,0.87,1,0,0,0,0,0,0,0.0,0,0,0,0,0,0,Matches
214,215,Mason Greenwood,eng ENG,MFFW,Getafe,21.0,2001.0,29.6,111,3.75,58,10,23,11,9,0,17,0.57,6,2,4,3,2,0,Matches
215,216,Dominik Greif,sk SVK,GK,Mallorca,26.0,1997.0,1.0,0,0.0,0,0,0,0,0,0,0,0.0,0,0,0,0,0,0,Matches
216,217,Antoine Griezmann,fr FRA,FWMF,Atlético Madrid,32.0,1991.0,29.4,107,3.64,68,21,4,10,2,2,11,0.37,10,0,0,1,0,0,Matches
217,218,Vicente Guaita,es ESP,GK,Celta Vigo,36.0,1987.0,26.7,7,0.26,4,3,0,0,0,0,1,0.04,1,0,0,0,0,0,Matches
218,219,Andrés Guardado,mx MEX,MF,Betis,36.0,1986.0,5.0,15,3.02,12,3,0,0,0,0,0,0.0,0,0,0,0,0,0,Matches
219,220,Sergi Guardiola,es ESP,FWMF,Cádiz,32.0,1991.0,5.5,15,2.73,10,0,0,3,2,0,1,0.18,1,0,0,0,0,0,Matches
220,221,Nemanja Gudelj,rs SRB,DFMF,Sevilla,31.0,1991.0,19.4,20,1.03,17,1,0,2,0,0,2,0.1,2,0,0,0,0,0,Matches
221,222,Gonçalo Guedes,pt POR,FWMF,Villarreal,26.0,1996.0,10.6,40,3.79,29,1,4,4,1,1,4,0.38,3,0,0,1,0,0,Matches
222,223,Javier Guerra,es ESP,MF,Valencia,20.0,2003.0,27.8,46,1.66,33,0,7,3,3,0,1,0.04,0,0,1,0,0,0,Matches
223,224,Ander Guevara,es ESP,MF,Alavés,26.0,1997.0,32.6,69,2.12,58,4,2,3,1,1,3,0.09,2,0,0,0,1,0,Matches
224,225,Hugo Guillamón,es ESP,MF,Valencia,23.0,2000.0,14.6,30,2.05,27,1,0,0,1,1,0,0.0,0,0,0,0,0,0,Matches
225,226,Marc Guiu,es ESP,FWMF,Barcelona,17.0,2006.0,0.8,2,2.43,2,0,0,0,0,0,0,0.0,0,0,0,0,0,0,Matches
226,227,Arda Güler,tr TUR,FWMF,Real Madrid,18.0,2005.0,4.2,18,4.3,11,1,2,2,2,0,2,0.48,1,0,1,0,0,0,Matches
227,228,Gerard Gumbau,es ESP,MF,Granada,28.0,1994.0,29.7,83,2.79,38,35,1,5,2,2,11,0.37,8,1,0,2,0,0,Matches
228,229,İlkay Gündoğan,de GER,MF,Barcelona,32.0,1990.0,33.3,166,4.99,111,45,4,2,4,0,13,0.39,10,2,0,0,1,0,Matches
229,230,Jon Guridi,es ESP,MF,Alavés,28.0,1995.0,29.8,69,2.32,54,0,2,7,2,4,8,0.27,6,0,0,2,0,0,Matches
230,231,Gorka Guruzeta,es ESP,FW,Athletic Club,26.0,1996.0,24.6,56,2.27,46,0,1,2,5,2,8,0.32,7,0,0,1,0,0,Matches
231,232,Miguel Gutiérrez,es ESP,DF,Girona,22.0,2001.0,33.7,80,2.37,70,1,2,6,0,1,13,0.39,13,0,0,0,0,0,Matches
232,233,Munir El Haddadi,ma MAR,FW,Las Palmas,27.0,1995.0,27.2,62,2.28,41,5,5,2,8,1,5,0.18,3,1,0,1,0,0,Matches
233,234,Ianis Hagi,ro ROU,MFFW,Alavés,24.0,1998.0,8.9,48,5.37,26,15,3,3,1,0,1,0.11,1,0,0,0,0,0,Matches
234,235,Luiz Henrique,br BRA,FW,Betis,22.0,2001.0,6.8,30,4.38,20,0,6,4,0,0,5,0.73,3,0,2,0,0,0,Matches
235,236,Mario Hermoso,es ESP,DF,Atlético Madrid,28.0,1995.0,28.4,45,1.58,37,4,1,2,1,0,6,0.21,3,1,0,1,1,0,Matches
236,237,Javi Hernández ,es ESP,DF,Cádiz,25.0,1998.0,27.9,63,2.26,39,18,1,2,1,2,6,0.21,3,2,0,1,0,0,Matches
237,238,Aridane Hernández,es ESP,DF,Rayo Vallecano,34.0,1989.0,18.8,10,0.53,8,1,0,0,1,0,0,0.0,0,0,0,0,0,0,Matches
238,239,Luis Hernández,es ESP,DF,Cádiz,34.0,1989.0,8.0,17,2.12,9,8,0,0,0,0,0,0.0,0,0,0,0,0,0,Matches
239,240,Yarek Hernandis,es ESP,DF,Valencia,18.0,2005.0,8.2,5,0.61,2,2,0,1,0,0,0,0.0,0,0,0,0,0,0,Matches
240,241,Jorge Herrando,es ESP,DF,Osasuna,22.0,2001.0,18.3,4,0.22,3,1,0,0,0,0,0,0.0,0,0,0,0,0,0,Matches
241,242,Ander Herrera,es ESP,MF,Athletic Club,33.0,1989.0,11.4,30,2.63,27,0,0,2,0,1,3,0.26,3,0,0,0,0,0,Matches
242,243,Cristian Herrera,es ESP,FWMF,Las Palmas,32.0,1991.0,1.8,5,2.73,5,0,0,0,0,0,1,0.55,1,0,0,0,0,0,Matches
243,244,Sergio Herrera,es ESP,GK,Osasuna,30.0,1993.0,31.9,6,0.19,4,2,0,0,0,0,0,0.0,0,0,0,0,0,0,Matches
244,245,Yangel Herrera,ve VEN,MF,Girona,25.0,1998.0,23.4,48,2.05,37,0,1,3,7,0,4,0.17,3,0,0,0,1,0,Matches
245,246,Juan Herzog,es ESP,DF,Las Palmas,20.0,2003.0,3.2,1,0.31,0,0,0,1,0,0,0,0.0,0,0,0,0,0,0,Matches
246,247,Martin Hongla,cm CMR,MFDF,Granada,25.0,1998.0,6.2,3,0.48,2,0,0,1,0,0,0,0.0,0,0,0,0,0,0,Matches
247,248,Xabier Huarte Armendáriz,es ESP,MF,Osasuna,22.0,2001.0,0.1,0,0.0,0,0,0,0,0,0,0,0.0,0,0,0,0,0,0,Matches
248,249,Pablo Ibáñez,es ESP,MF,Osasuna,24.0,1998.0,12.8,30,2.35,19,1,1,3,5,1,4,0.31,2,0,1,0,1,0,Matches
249,250,Iglesias,es ESP,DFFW,Getafe,25.0,1998.0,15.7,27,1.72,18,5,1,1,1,1,2,0.13,2,0,0,0,0,0,Matches
250,251,Borja Iglesias,es ESP,FW,Betis,30.0,1993.0,4.5,20,4.42,17,0,0,3,0,0,1,0.22,1,0,0,0,0,0,Matches
251,252,Imanol,es ESP,DF,Athletic Club,23.0,2000.0,5.8,4,0.69,4,0,0,0,0,0,0,0.0,0,0,0,0,0,0,Matches
252,253,Isco,es ESP,MF,Betis,31.0,1992.0,25.8,156,6.03,95,39,8,10,3,1,14,0.54,10,1,1,2,0,0,Matches
253,254,Diego Iturralde,es ESP,DF,Sevilla,20.0,2003.0,0.4,0,0.0,0,0,0,0,0,0,0,0.0,0,0,0,0,0,0,Matches
254,255,Adnan Januzaj,be BEL,FWMF,Sevilla,28.0,1995.0,2.1,6,2.8,2,2,1,0,1,0,0,0.0,0,0,0,0,0,0,Matches
255,256,Mikel Jauregizar,es ESP,MF,Athletic Club,19.0,2003.0,1.7,5,2.98,4,1,0,0,0,0,0,0.0,0,0,0,0,0,0,Matches
256,257,Luis Javier Suárez,co COL,FW,Almería,25.0,1997.0,10.2,27,2.66,14,0,5,5,3,0,3,0.3,1,0,2,0,0,0,Matches
257,258,Salim El Jebari,ma MAR,MF,Atlético Madrid,19.0,2004.0,0.1,0,0.0,0,0,0,0,0,0,0,0.0,0,0,0,0,0,0,Matches
258,259,Frenkie de Jong,nl NED,MF,Barcelona,26.0,1997.0,18.2,60,3.3,55,2,0,1,2,0,9,0.5,9,0,0,0,0,0,Matches
259,260,Joan Jordán,es ESP,MF,Sevilla,29.0,1994.0,4.2,11,2.61,7,1,1,1,1,0,0,0.0,0,0,0,0,0,0,Matches
260,261,Jordi,es ESP,MFDF,Getafe,22.0,2001.0,6.4,11,1.72,8,0,1,2,0,0,2,0.31,1,0,0,1,0,0,Matches
261,262,Jeremy Jorge,es ESP,FW,Getafe,20.0,2003.0,0.0,0,0.0,0,0,0,0,0,0,0,0.0,0,0,0,0,0,0,Matches
262,263,Willian José,br BRA,FW,Betis,31.0,1991.0,21.9,42,1.92,37,0,1,3,0,1,7,0.32,6,0,0,0,0,1,Matches
263,264,Joselu,es ESP,FW,Real Madrid,33.0,1990.0,18.7,31,1.65,23,0,1,7,0,0,5,0.27,3,0,0,2,0,0,Matches
264,265,Kamil Jóźwiak,pl POL,MF,Granada,25.0,1998.0,6.3,19,3.0,14,0,1,1,2,1,2,0.32,1,0,0,1,0,0,Matches
265,266,Juanmi,es ESP,FW,Cádiz,30.0,1993.0,9.7,20,2.06,16,0,2,1,1,0,1,0.1,1,0,0,0,0,0,Matches
266,267,Juanpe,es ESP,DF,Girona,32.0,1991.0,8.3,2,0.24,2,0,0,0,0,0,0,0.0,0,0,0,0,0,0,Matches
267,268,Vinicius Júnior,br BRA,FW,Real Madrid,23.0,2000.0,20.7,79,3.81,43,1,19,8,6,2,10,0.48,5,0,1,3,0,1,Matches
268,269,Filip Jørgensen,dk DEN,GK,Villarreal,21.0,2002.0,36.0,2,0.06,1,1,0,0,0,0,1,0.03,1,0,0,0,0,0,Matches
269,270,Sory Kaba,gn GUI,FW,Las Palmas,28.0,1995.0,8.0,14,1.75,12,0,1,1,0,0,1,0.12,1,0,0,0,0,0,Matches
270,271,Kaiky,br BRA,DF,Almería,19.0,2004.0,5.8,3,0.52,3,0,0,0,0,0,0,0.0,0,0,0,0,0,0,Matches
271,272,Jon Karrikaburu,es ESP,MFFW,Alavés,20.0,2002.0,0.2,0,0.0,0,0,0,0,0,0,0,0.0,0,0,0,0,0,0,Matches
272,273,Ibrahima Kebe,ml MLI,MF,Girona,22.0,2000.0,0.1,1,10.0,1,0,0,0,0,0,0,0.0,0,0,0,0,0,0,Matches
273,274,Kiké,es ESP,FWMF,Alavés,33.0,1989.0,15.8,40,2.53,26,0,5,4,5,0,6,0.38,3,0,2,0,1,0,Matches
274,275,Koke,es ESP,MF,Atlético Madrid,31.0,1992.0,27.7,57,2.06,52,3,0,1,0,1,11,0.4,11,0,0,0,0,0,Matches
275,276,Ibrahima Koné,ml MLI,FW,Almería,24.0,1999.0,3.1,5,1.61,5,0,0,0,0,0,0,0.0,0,0,0,0,0,0,Matches
276,277,Rominigue Kouamé,ml MLI,MF,Cádiz,26.0,1996.0,9.1,14,1.54,12,0,0,2,0,0,0,0.0,0,0,0,0,0,0,Matches
277,278,Jules Koundé,fr FRA,DF,Barcelona,24.0,1998.0,32.2,62,1.92,55,2,0,4,1,0,9,0.28,9,0,0,0,0,0,Matches
278,279,Toni Kroos,de GER,MF,Real Madrid,33.0,1990.0,23.6,100,4.24,61,34,0,4,1,0,11,0.47,6,5,0,0,0,0,Matches
279,280,Takefusa Kubo,jp JPN,FWMF,Real Sociedad,22.0,2001.0,23.9,110,4.61,66,23,10,5,6,0,7,0.29,4,2,1,0,0,0,Matches
280,281,Luca de la Torre,us USA,MF,Celta Vigo,25.0,1998.0,21.7,43,1.98,37,0,2,2,2,0,5,0.23,5,0,0,0,0,0,Matches
281,282,Yoel Lago,es ESP,DF,Celta Vigo,19.0,2004.0,1.0,2,2.0,2,0,0,0,0,0,0,0.0,0,0,0,0,0,0,Matches
282,283,Érik Lamela,ar ARG,FWMF,Sevilla,31.0,1992.0,5.1,20,3.89,17,0,1,0,1,1,2,0.39,2,0,0,0,0,0,Matches
283,284,Bruno Langa,mz MOZ,DF,Almería,25.0,1997.0,9.1,17,1.87,11,2,1,1,1,1,1,0.11,0,0,0,0,0,1,Matches
284,285,Cyle Larin,ca CAN,FW,Mallorca,28.0,1995.0,20.3,26,1.29,16,0,2,5,3,0,4,0.2,1,0,0,1,2,0,Matches
285,286,Juanmi Latasa,es ESP,FW,Getafe,22.0,2001.0,17.3,33,1.91,23,0,0,6,4,0,1,0.06,0,0,0,0,1,0,Matches
286,287,Toni Lato,es ESP,DF,Mallorca,25.0,1997.0,17.2,30,1.75,22,2,1,1,3,1,1,0.06,1,0,0,0,0,0,Matches
287,288,Lázaro,br BRA,FWMF,Almería,21.0,2002.0,3.2,12,3.8,7,2,0,2,1,0,1,0.32,0,0,0,1,0,0,Matches
288,289,Robin Le Normand,es ESP,DF,Real Sociedad,26.0,1996.0,27.4,17,0.62,15,0,0,1,1,0,1,0.04,1,0,0,0,0,0,Matches
289,290,Jeremías Ledesma,ar ARG,GK,Cádiz,30.0,1993.0,33.9,7,0.21,3,4,0,0,0,0,2,0.06,1,1,0,0,0,0,Matches
290,291,Florian Lejeune,fr FRA,DF,Rayo Vallecano,32.0,1991.0,37.0,44,1.19,31,3,0,8,2,0,3,0.08,2,0,0,1,0,0,Matches
291,292,Stefan Lekovic,rs SRB,DF,Villarreal,19.0,2004.0,0.3,0,0.0,0,0,0,0,0,0,0,0.0,0,0,0,0,0,0,Matches
292,293,Iñigo Lekue,es ESP,DF,Athletic Club,30.0,1993.0,22.2,35,1.57,29,4,1,1,0,0,7,0.31,7,0,0,0,0,0,Matches
293,294,Thomas Lemar,fr FRA,MF,Atlético Madrid,27.0,1995.0,1.8,3,1.66,2,1,0,0,0,0,0,0.0,0,0,0,0,0,0,Matches
294,295,Álvaro Lemos,es ESP,DF,Las Palmas,30.0,1993.0,2.8,1,0.36,0,1,0,0,0,0,0,0.0,0,0,0,0,0,0,Matches
295,296,Ruben Lendinez,es ESP,DF,Valencia,20.0,2003.0,0.1,0,0.0,0,0,0,0,0,0,0,0.0,0,0,0,0,0,0,Matches
296,297,Robert Lewandowski,pl POL,FW,Barcelona,34.0,1988.0,30.6,63,2.06,42,1,4,10,6,0,12,0.39,10,0,0,0,2,0,Matches
297,298,Samuel Lino,br BRA,DFMF,Atlético Madrid,23.0,1999.0,23.1,77,3.33,54,1,7,4,9,2,12,0.52,9,0,1,1,1,0,Matches
298,299,Javier Llabrés,es ESP,MFFW,Mallorca,20.0,2002.0,2.7,7,2.55,2,4,1,0,0,0,0,0.0,0,0,0,0,0,0,Matches
299,300,Marcos Llorente,es ESP,MFDF,Atlético Madrid,28.0,1995.0,28.5,48,1.68,40,0,3,2,3,0,8,0.28,7,0,0,1,0,0,Matches
300,301,Enzo Loiodice,fr FRA,MF,Las Palmas,22.0,2000.0,19.9,41,2.06,34,4,1,0,2,0,2,0.1,1,1,0,0,0,0,Matches
301,302,David López,es ESP,DF,Girona,33.0,1989.0,21.8,13,0.6,8,1,1,3,0,0,1,0.05,1,0,0,0,0,0,Matches
302,303,Diego López,es ESP,MFFW,Valencia,21.0,2002.0,29.5,79,2.68,65,0,5,2,3,4,11,0.37,9,0,1,1,0,0,Matches
303,304,Fermin López,es ESP,MFFW,Barcelona,20.0,2003.0,16.1,42,2.61,33,0,5,4,0,0,0,0.0,0,0,0,0,0,0,Matches
304,305,Javi López,es ESP,DF,Alavés,21.0,2002.0,26.5,51,1.92,39,2,4,2,4,0,8,0.3,6,0,1,0,1,0,Matches
305,306,Unai López,es ESP,MF,Rayo Vallecano,27.0,1995.0,23.4,58,2.47,34,15,2,4,0,3,3,0.13,2,0,0,0,0,1,Matches
306,307,Dion Lopy,sn SEN,MF,Almería,21.0,2002.0,21.3,45,2.11,34,0,4,1,5,1,3,0.14,3,0,0,0,0,0,Matches
307,308,Anthony Lozano,hn HON,MFFW,Getafe,30.0,1993.0,1.0,2,1.94,2,0,0,0,0,0,0,0.0,0,0,0,0,0,0,Matches
308,309,Anthony Lozano,hn HON,FW,Almería,30.0,1993.0,8.6,19,2.22,12,1,1,0,5,0,1,0.12,0,0,0,0,1,0,Matches
309,310,Lucas,br BRA,DF,Cádiz,22.0,2001.0,17.1,41,2.4,31,8,0,1,0,1,1,0.06,0,0,0,0,0,1,Matches
310,311,José Luis Gayà,es ESP,DF,Valencia,28.0,1995.0,19.9,45,2.26,40,2,1,0,0,2,7,0.35,7,0,0,0,0,0,Matches
311,312,José Luis Morales,es ESP,FWMF,Villarreal,36.0,1987.0,11.6,24,2.06,15,0,3,5,1,0,3,0.26,3,0,0,0,0,0,Matches
312,313,Dodi Lukebakio,be BEL,FWMF,Sevilla,25.0,1997.0,12.5,48,3.84,32,2,8,1,5,0,6,0.48,5,0,1,0,0,0,Matches
313,314,Andriy Lunin,ua UKR,GK,Real Madrid,24.0,1999.0,21.0,2,0.1,2,0,0,0,0,0,1,0.05,1,0,0,0,0,0,Matches
314,315,Darwin Machís,ve VEN,MF,Cádiz,30.0,1993.0,8.7,21,2.4,12,7,0,1,1,0,1,0.11,1,0,0,0,0,0,Matches
315,316,Pablo Maffeo,es ESP,DF,Mallorca,26.0,1997.0,16.2,37,2.21,18,4,6,2,6,1,5,0.3,3,0,0,1,1,0,Matches
316,317,Jon Magunacelaya,es ESP,FWMF,Real Sociedad,23.0,2000.0,1.3,3,2.23,1,0,1,0,1,0,0,0.0,0,0,0,0,0,0,Matches
317,318,Nemanja Maksimović,rs SRB,MF,Getafe,28.0,1995.0,36.3,46,1.27,35,0,0,6,2,3,5,0.14,3,0,0,2,0,0,Matches
318,319,Giorgi Mamardashvili,ge GEO,GK,Valencia,22.0,2000.0,36.5,7,0.19,2,5,0,0,0,0,1,0.03,0,1,0,0,0,0,Matches
319,320,Wilson Manafá,pt POR,DFMF,Granada,29.0,1994.0,2.7,1,0.37,1,0,0,0,0,0,0,0.0,0,0,0,0,0,0,Matches
320,321,Reinildo Mandava,mz MOZ,DF,Atlético Madrid,29.0,1994.0,8.1,12,1.48,8,1,3,0,0,0,2,0.25,1,0,1,0,0,0,Matches
321,322,Aïssa Mandi,dz ALG,DF,Villarreal,31.0,1991.0,12.4,15,1.21,15,0,0,0,0,0,0,0.0,0,0,0,0,0,0,Matches
322,323,Javier Manquillo,es ESP,DFMF,Celta Vigo,29.0,1994.0,8.3,7,0.85,6,1,0,0,0,0,1,0.12,1,0,0,0,0,0,Matches
323,324,Faitout Maouassa,fr FRA,DFMF,Granada,25.0,1998.0,2.5,6,2.19,3,2,1,0,0,0,1,0.36,1,0,0,0,0,0,Matches
324,325,Marcão,br BRA,DF,Sevilla,27.0,1996.0,3.9,4,1.01,4,0,0,0,0,0,1,0.25,1,0,0,0,0,0,Matches
325,326,Óscar de Marcos,es ESP,DF,Athletic Club,34.0,1989.0,25.1,46,1.83,40,5,0,0,1,0,7,0.28,7,0,0,0,0,0,Matches
326,327,Alberto Marí,es ESP,FW,Valencia,22.0,2001.0,3.1,8,2.62,6,0,0,1,1,0,3,0.98,1,0,0,1,1,0,Matches
327,328,José Mari,es ESP,MFFW,Cádiz,35.0,1987.0,0.2,4,25.71,4,0,0,0,0,0,0,0.0,0,0,0,0,0,0,Matches
328,329,José María Giménez,uy URU,DF,Atlético Madrid,28.0,1995.0,14.7,5,0.34,4,0,0,0,0,1,1,0.07,1,0,0,0,0,0,Matches
329,330,Mariano,do DOM,FWMF,Sevilla,29.0,1993.0,2.7,9,3.32,4,0,1,3,1,0,1,0.37,0,0,0,0,1,0,Matches
330,331,Rafa Marín ,es ESP,DF,Alavés,21.0,2002.0,27.1,18,0.66,16,1,0,1,0,0,0,0.0,0,0,0,0,0,0,Matches
331,332,Diego Mariño,es ESP,GK,Almería,33.0,1990.0,1.0,0,0.0,0,0,0,0,0,0,0,0.0,0,0,0,0,0,0,Matches
332,333,Mika Màrmol,es ESP,DF,Las Palmas,21.0,2002.0,35.3,20,0.57,17,0,0,0,1,2,1,0.03,1,0,0,0,0,0,Matches
333,334,Unai Marrero,es ESP,GK,Real Sociedad,21.0,2001.0,1.6,1,0.63,0,1,0,0,0,0,0,0.0,0,0,0,0,0,0,Matches
334,335,Roger Martí,es ESP,FW,Cádiz,32.0,1991.0,15.1,31,2.05,20,0,0,5,4,2,4,0.26,3,0,0,1,0,0,Matches
335,336,Iván Martín,es ESP,MF,Girona,24.0,1999.0,30.3,71,2.34,60,0,3,2,3,3,13,0.43,9,0,2,2,0,0,Matches
336,337,Jon Martin,es ESP,DF,Real Sociedad,17.0,2006.0,0.3,0,0.0,0,0,0,0,0,0,0,0.0,0,0,0,0,0,0,Matches
337,338,Mario Martín,es ESP,MF,Real Madrid,19.0,2004.0,0.2,0,0.0,0,0,0,0,0,0,0,0.0,0,0,0,0,0,0,Matches
338,339,Arnau Martinez,es ESP,DF,Girona,20.0,2003.0,13.8,24,1.74,23,1,0,0,0,0,2,0.15,2,0,0,0,0,0,Matches
339,340,Iñigo Martínez,es ESP,DF,Barcelona,32.0,1991.0,14.4,14,0.97,13,0,0,1,0,0,3,0.21,3,0,0,0,0,0,Matches
340,341,Marc Martínez,es ESP,GK,Granada,33.0,1990.0,3.0,0,0.0,0,0,0,0,0,0,0,0.0,0,0,0,0,0,0,Matches
341,342,Marvin,es ESP,FWDF,Las Palmas,23.0,2000.0,20.6,32,1.55,27,0,3,1,1,0,6,0.29,5,0,1,0,0,0,Matches
342,343,Omar Mascarell,gq EQG,MF,Mallorca,30.0,1993.0,17.5,16,0.92,15,0,0,1,0,0,1,0.06,0,0,0,1,0,0,Matches
343,344,Jaime Mata,es ESP,FWMF,Getafe,34.0,1988.0,19.9,42,2.12,34,1,2,5,0,0,5,0.25,3,0,0,2,0,0,Matches
344,345,Luís Maximiano,pt POR,GK,Almería,24.0,1999.0,33.0,4,0.12,2,2,0,0,0,0,1,0.03,0,1,0,0,0,0,Matches
345,346,Borja Mayoral,es ESP,FW,Getafe,26.0,1997.0,23.9,54,2.26,43,0,7,1,3,0,6,0.25,2,0,3,0,1,0,Matches
346,347,Mamadou Mbaye,sn SEN,DF,Cádiz,25.0,1998.0,3.2,1,0.31,1,0,0,0,0,0,0,0.0,0,0,0,0,0,0,Matches
347,348,Hannibal Mejbri,tn TUN,MF,Sevilla,20.0,2003.0,1.2,7,6.06,4,0,1,1,1,0,0,0.0,0,0,0,0,0,0,Matches
348,349,Óscar Melendo,es ESP,MFFW,Granada,25.0,1997.0,12.5,18,1.44,15,2,0,0,1,0,1,0.08,1,0,0,0,0,0,Matches
349,350,Gonzalo Melero,es ESP,MFFW,Almería,29.0,1994.0,12.3,35,2.86,27,1,1,1,4,1,3,0.24,1,0,1,1,0,0,Matches
350,351,Memphis,nl NED,FW,Atlético Madrid,29.0,1994.0,9.9,37,3.73,21,3,7,4,2,0,3,0.3,2,0,0,0,1,0,Matches
351,352,Houboulang Mendes,gw GNB,DF,Almería,25.0,1998.0,4.4,4,0.91,2,1,0,0,1,0,0,0.0,0,0,0,0,0,0,Matches
352,353,Tomás Mendes,es ESP,MF,Alavés,18.0,2004.0,0.1,0,0.0,0,0,0,0,0,0,0,0.0,0,0,0,0,0,0,Matches
353,354,Brais Méndez,es ESP,MFFW,Real Sociedad,26.0,1997.0,26.8,101,3.77,57,20,5,10,7,2,16,0.6,10,0,3,1,2,0,Matches
354,355,Bruno Méndez,uy URU,DF,Granada,23.0,1999.0,14.8,13,0.88,12,0,0,1,0,0,0,0.0,0,0,0,0,0,0,Matches
355,356,Diego Méndez,es ESP,MF,Rayo Vallecano,19.0,2003.0,0.1,0,0.0,0,0,0,0,0,0,0,0.0,0,0,0,0,0,0,Matches
356,357,Ferland Mendy,fr FRA,DF,Real Madrid,28.0,1995.0,19.1,31,1.62,27,2,1,1,0,0,3,0.16,3,0,0,0,0,0,Matches
357,358,Jorge Meré,es ESP,DF,Cádiz,26.0,1997.0,7.5,2,0.27,2,0,0,0,0,0,1,0.13,1,0,0,0,0,0,Matches
358,359,Mikel Merino,es ESP,MF,Real Sociedad,27.0,1996.0,27.6,65,2.36,51,0,0,5,7,2,8,0.29,6,0,0,0,1,1,Matches
359,360,Omenuke Mfulu,cd COD,MFFW,Las Palmas,29.0,1994.0,0.9,2,2.25,1,0,0,0,1,0,0,0.0,0,0,0,0,0,0,Matches
360,361,Miguel,es ESP,FWMF,Alavés,23.0,1999.0,0.7,1,1.38,0,0,0,0,1,0,0,0.0,0,0,0,0,0,0,Matches
361,362,Éder Militão,br BRA,DF,Real Madrid,25.0,1998.0,5.5,2,0.36,2,0,0,0,0,0,1,0.18,1,0,0,0,0,0,Matches
362,363,Luis Milla,es ESP,MF,Getafe,28.0,1994.0,23.5,76,3.23,42,27,0,1,2,4,5,0.21,2,3,0,0,0,0,Matches
363,364,Marko Milovanović,rs SRB,FWMF,Almería,19.0,2003.0,3.4,5,1.46,5,0,0,0,0,0,0,0.0,0,0,0,0,0,0,Matches
364,365,Óscar Mingueza,es ESP,DFMF,Celta Vigo,24.0,1999.0,33.3,106,3.18,83,14,2,1,5,1,11,0.33,10,0,0,0,1,0,Matches
365,366,Ignasi Miquel,es ESP,DF,Granada,30.0,1992.0,33.2,28,0.84,23,0,0,4,1,0,1,0.03,0,0,0,1,0,0,Matches
366,367,Rafa Mir,es ESP,FWMF,Sevilla,26.0,1997.0,4.3,13,2.99,7,0,2,3,1,0,2,0.46,0,0,2,0,0,0,Matches
367,368,Juan Miranda,es ESP,DF,Betis,23.0,2000.0,20.6,45,2.18,35,6,1,1,2,0,3,0.15,3,0,0,0,0,0,Matches
368,369,Stefan Mitrović,rs SRB,DF,Getafe,33.0,1990.0,7.8,4,0.52,4,0,0,0,0,0,0,0.0,0,0,0,0,0,0,Matches
369,370,Luka Modrić,hr CRO,MF,Real Madrid,37.0,1985.0,18.8,105,5.6,74,21,2,4,2,2,13,0.69,12,1,0,0,0,0,Matches
370,371,Johan Mojica,co COL,DF,Osasuna,30.0,1992.0,22.7,47,2.07,41,0,1,3,1,1,5,0.22,2,0,1,1,1,0,Matches
371,372,Alberto Moleiro,es ESP,FWMF,Las Palmas,19.0,2003.0,20.0,67,3.34,53,1,10,0,3,0,5,0.25,5,0,0,0,0,0,Matches
372,373,Nahuel Molina,ar ARG,DF,Atlético Madrid,25.0,1998.0,20.6,53,2.58,42,7,1,0,2,1,5,0.24,5,0,0,0,0,0,Matches
373,374,Jon Moncayola,es ESP,MF,Osasuna,25.0,1998.0,20.0,54,2.7,36,13,0,1,2,2,9,0.45,7,2,0,0,0,0,Matches
374,375,César Montes,mx MEX,DF,Almería,26.0,1997.0,19.9,18,0.91,16,0,0,2,0,0,0,0.0,0,0,0,0,0,0,Matches
375,376,Álvaro Morata,es ESP,FW,Atlético Madrid,30.0,1992.0,21.2,40,1.89,25,0,6,4,5,0,10,0.47,5,0,4,0,1,0,Matches
376,377,Alberto Moreno,es ESP,DF,Villarreal,31.0,1992.0,16.5,36,2.18,27,2,0,3,4,0,8,0.49,5,1,0,1,1,0,Matches
377,378,Gerard Moreno,es ESP,FW,Villarreal,31.0,1992.0,24.6,100,4.07,83,0,7,7,2,1,11,0.45,9,0,0,2,0,0,Matches
378,379,Jorge Moreno,es ESP,DF,Osasuna,22.0,2001.0,0.2,0,0.0,0,0,0,0,0,0,0,0.0,0,0,0,0,0,0,Matches
379,380,Ilaix Moriba,gn GUI,MFFW,Getafe,20.0,2003.0,6.7,18,2.68,8,0,0,1,7,2,3,0.45,2,0,0,1,0,0,Matches
380,381,Manu Morlanes,es ESP,MF,Mallorca,24.0,1999.0,17.9,48,2.67,39,1,4,0,3,1,4,0.22,3,1,0,0,0,0,Matches
381,382,Cristhian Mosquera,co COL,DF,Valencia,19.0,2004.0,34.2,16,0.47,15,0,0,0,0,1,0,0.0,0,0,0,0,0,0,Matches
382,383,Yerson Mosquera,co COL,DF,Villarreal,22.0,2001.0,13.7,18,1.32,15,0,0,0,3,0,3,0.22,3,0,0,0,0,0,Matches
383,384,Abdul Mumin,gh GHA,DF,Rayo Vallecano,25.0,1998.0,18.8,11,0.58,8,0,1,2,0,0,0,0.0,0,0,0,0,0,0,Matches
384,385,Iker Muniain,es ESP,MFFW,Athletic Club,30.0,1992.0,6.6,25,3.78,19,5,1,0,0,0,0,0.0,0,0,0,0,0,0,Matches
385,386,Aihen Muñoz,es ESP,DF,Real Sociedad,25.0,1997.0,12.5,24,1.91,19,1,2,2,0,0,3,0.24,2,0,0,1,0,0,Matches
386,387,Álvaro Muñoz,uy URU,FW,Real Madrid,19.0,2004.0,0.0,0,0.0,0,0,0,0,0,0,0,0.0,0,0,0,0,0,0,Matches
387,388,Iker Muñoz,es ESP,MF,Osasuna,20.0,2002.0,20.6,18,0.87,14,0,0,3,1,0,0,0.0,0,0,0,0,0,0,Matches
388,389,Javier Muñoz,es ESP,MF,Las Palmas,28.0,1995.0,29.3,60,2.04,51,4,1,3,0,1,8,0.27,7,0,0,0,0,1,Matches
389,390,Vedat Muriqi,xk KVX,FW,Mallorca,29.0,1994.0,25.9,52,2.01,43,0,2,6,1,0,3,0.12,2,0,0,1,0,0,Matches
390,391,Nacho,es ESP,DF,Real Madrid,33.0,1990.0,19.4,13,0.67,10,1,1,1,0,0,2,0.1,1,0,1,0,0,0,Matches
391,392,Matija Nastasić,rs SRB,DF,Mallorca,30.0,1993.0,25.1,22,0.88,20,0,0,2,0,0,0,0.0,0,0,0,0,0,0,Matches
392,393,Roberto Navarro,es ESP,MFFW,Cádiz,21.0,2002.0,21.0,95,4.53,58,11,12,4,8,2,2,0.1,1,1,0,0,0,0,Matches
393,394,Jesús Navas,es ESP,DF,Sevilla,37.0,1985.0,22.3,49,2.21,45,2,1,1,0,0,6,0.27,6,0,0,0,0,0,Matches
394,395,Álvaro Negredo,es ESP,FWMF,Cádiz,37.0,1985.0,0.6,3,5.0,2,0,0,1,0,0,0,0.0,0,0,0,0,0,0,Matches
395,396,Carlos Neva,es ESP,DF,Granada,27.0,1996.0,35.0,40,1.14,32,4,1,0,3,0,3,0.09,2,0,0,0,1,0,Matches
396,397,Tanguy Nianzou,fr FRA,DF,Sevilla,21.0,2002.0,3.5,3,0.85,3,0,0,0,0,0,0,0.0,0,0,0,0,0,0,Matches
397,398,Saúl Ñíguez,es ESP,MF,Atlético Madrid,28.0,1994.0,15.3,31,2.03,28,0,2,1,0,0,6,0.39,6,0,0,0,0,0,Matches
398,399,Peru Nolaskoain,es ESP,DFMF,Athletic Club,24.0,1998.0,0.1,0,0.0,0,0,0,0,0,0,0,0.0,0,0,0,0,0,0,Matches
399,400,Randy Nteka,ao ANG,FWMF,Rayo Vallecano,25.0,1997.0,6.4,19,2.99,11,0,2,2,4,0,1,0.16,0,0,0,0,1,0,Matches
400,401,Unai Núñez,es ESP,DF,Celta Vigo,26.0,1997.0,31.1,26,0.84,19,1,1,2,1,2,1,0.03,0,0,0,1,0,0,Matches
401,402,Ørjan Nyland,no NOR,GK,Sevilla,32.0,1990.0,24.0,7,0.29,6,1,0,0,0,0,0,0.0,0,0,0,0,0,0,Matches
402,403,Jan Oblak,si SVN,GK,Atlético Madrid,30.0,1993.0,38.0,3,0.08,2,1,0,0,0,0,0,0.0,0,0,0,0,0,0,Matches
403,404,Brian Ocampo,uy URU,MFFW,Cádiz,24.0,1999.0,2.8,8,2.9,6,0,2,0,0,0,1,0.36,0,0,1,0,0,0,Matches
404,405,Lucas Ocampos,ar ARG,FWMF,Sevilla,29.0,1994.0,31.9,99,3.1,74,2,4,4,11,4,9,0.28,8,0,0,0,0,1,Matches
405,406,Álvaro Odriozola,es ESP,DF,Real Sociedad,27.0,1995.0,4.4,6,1.37,5,0,0,0,1,0,0,0.0,0,0,0,0,0,0,Matches
406,407,Aingeru Olabarrieta,es ESP,FW,Athletic Club,17.0,2005.0,0.1,1,10.0,1,0,0,0,0,0,0,0.0,0,0,0,0,0,0,Matches
407,408,Olasagasti,es ESP,MF,Real Sociedad,22.0,2000.0,4.0,13,3.25,6,0,4,1,1,1,0,0.0,0,0,0,0,0,0,Matches
408,409,Samuel Omorodion,es ESP,FW,Alavés,19.0,2004.0,21.3,31,1.46,19,0,5,5,2,0,3,0.14,0,0,1,1,1,0,Matches
409,410,Samuel Omorodion,es ESP,FW,Granada,19.0,2004.0,0.9,2,2.25,0,0,0,2,0,0,0,0.0,0,0,0,0,0,0,Matches
410,411,Aimar Oroz,es ESP,MF,Osasuna,21.0,2001.0,26.0,70,2.69,60,1,1,4,4,0,3,0.12,2,0,0,1,0,0,Matches
411,412,Eneko Ortiz,es ESP,DF,Alavés,20.0,2003.0,0.2,0,0.0,0,0,0,0,0,0,0,0.0,0,0,0,0,0,0,Matches
412,413,Asier Osambela,es ESP,MF,Osasuna,19.0,2004.0,0.1,0,0.0,0,0,0,0,0,0,0,0.0,0,0,0,0,0,0,Matches
413,414,Milutin Osmajić,me MNE,MF,Cádiz,24.0,1999.0,0.1,3,54.0,1,0,0,2,0,0,0,0.0,0,0,0,0,0,0,Matches
414,415,Aiham Ousou,sy SYR,DF,Cádiz,23.0,2000.0,4.8,2,0.42,2,0,0,0,0,0,0,0.0,0,0,0,0,0,0,Matches
415,416,Jesús Owono,gq EQG,GK,Alavés,22.0,2001.0,4.0,6,1.5,3,3,0,0,0,0,0,0.0,0,0,0,0,0,0,Matches
416,417,Mikel Oyarzabal,es ESP,FWMF,Real Sociedad,26.0,1997.0,24.0,41,1.71,27,1,4,5,2,2,4,0.17,3,0,1,0,0,0,Matches
417,418,Cenk Özkacar,tr TUR,DF,Valencia,22.0,2000.0,17.8,13,0.73,12,1,0,0,0,0,2,0.11,2,0,0,0,0,0,Matches
418,419,Jon Pacheco,es ESP,DF,Real Sociedad,22.0,2001.0,17.0,14,0.83,12,0,0,2,0,0,3,0.18,3,0,0,0,0,0,Matches
419,420,Isaac Palazón Camacho,es ESP,MFFW,Rayo Vallecano,28.0,1994.0,31.0,112,3.61,58,24,2,9,19,0,5,0.16,2,1,0,1,1,0,Matches
420,421,Joaquín Panichelli,ar ARG,FWMF,Alavés,20.0,2002.0,2.5,6,2.39,4,0,0,2,0,0,0,0.0,0,0,0,0,0,0,Matches
421,422,Sokratis Papastathopoulos,gr GRE,DF,Betis,35.0,1988.0,12.6,5,0.4,4,0,0,1,0,0,2,0.16,2,0,0,0,0,0,Matches
422,423,Victor Parada,es ESP,FWMF,Alavés,21.0,2002.0,0.0,0,0.0,0,0,0,0,0,0,0,0.0,0,0,0,0,0,0,Matches
423,424,Aitor Paredes,es ESP,DF,Athletic Club,23.0,2000.0,30.0,15,0.5,15,0,0,0,0,0,1,0.03,1,0,0,0,0,0,Matches
424,425,Daniel Parejo,es ESP,MF,Villarreal,34.0,1989.0,28.7,79,2.76,55,21,0,2,0,1,10,0.35,7,2,0,1,0,0,Matches
425,426,Pascu,es ESP,FW,Villarreal,20.0,2003.0,0.2,0,0.0,0,0,0,0,0,0,0,0.0,0,0,0,0,0,0,Matches
426,427,Gabriel Paulista,br BRA,DF,Atlético Madrid,32.0,1990.0,4.5,3,0.67,2,0,0,0,0,1,0,0.0,0,0,0,0,0,0,Matches
427,428,Gabriel Paulista,br BRA,DF,Valencia,32.0,1990.0,15.5,8,0.52,6,0,0,1,0,1,0,0.0,0,0,0,0,0,0,Matches
428,429,Nicolás Paz,ar ARG,MFFW,Real Madrid,18.0,2004.0,0.3,1,3.91,1,0,0,0,0,0,0,0.0,0,0,0,0,0,0,Matches
429,430,Alfonso Pedraza,es ESP,DF,Villarreal,27.0,1996.0,12.4,32,2.58,25,1,1,4,1,0,3,0.24,2,0,0,1,0,0,Matches
430,431,Pedri,es ESP,MFFW,Barcelona,20.0,2002.0,16.4,69,4.21,63,1,1,1,3,0,6,0.37,6,0,0,0,0,0,Matches
431,432,Adrià Pedrosa,es ESP,DF,Sevilla,25.0,1998.0,19.5,52,2.67,38,6,1,2,4,1,4,0.21,4,0,0,0,0,0,Matches
432,433,Facundo Pellistri,uy URU,MFFW,Granada,21.0,2001.0,13.7,42,3.12,30,2,1,4,5,0,6,0.45,4,0,0,1,1,0,Matches
433,434,Iñaki Peña ,es ESP,GK,Barcelona,24.0,1999.0,10.0,0,0.0,0,0,0,0,0,0,0,0.0,0,0,0,0,0,0,Matches
434,435,Marcos Peña,es ESP,MF,Almería,18.0,2005.0,4.9,3,0.61,2,0,0,0,0,1,0,0.0,0,0,0,0,0,0,Matches
435,436,Rubén Peña,es ESP,DFFW,Osasuna,32.0,1991.0,23.2,61,2.63,49,1,6,2,2,1,3,0.13,2,0,0,1,0,0,Matches
436,437,Alberto Perea,es ESP,MFFW,Granada,32.0,1990.0,0.0,2,90.0,1,0,0,0,1,0,0,0.0,0,0,0,0,0,0,Matches
437,438,Ayoze Pérez,es ESP,FW,Betis,30.0,1993.0,25.5,90,3.53,55,0,12,12,6,5,5,0.2,2,0,1,0,1,1,Matches
438,439,Carles Pérez,es ESP,MFDF,Celta Vigo,25.0,1998.0,8.6,29,3.38,20,0,5,0,4,0,3,0.35,2,0,1,0,0,0,Matches
439,440,Francisco Perez,es ESP,MFFW,Valencia,20.0,2002.0,22.8,40,1.76,33,0,3,1,2,1,7,0.31,5,0,1,1,0,0,Matches
440,441,Kike Pérez,es ESP,MFFW,Rayo Vallecano,26.0,1997.0,9.3,27,2.91,20,0,0,1,6,0,1,0.11,1,0,0,0,0,0,Matches
441,442,Máximo Perrone,ar ARG,MF,Las Palmas,20.0,2003.0,18.0,29,1.61,28,0,0,1,0,0,0,0.0,0,0,0,0,0,0,Matches
442,443,Njegoš Petrović,rs SRB,MFFW,Granada,24.0,1999.0,1.7,4,2.29,4,0,0,0,0,0,0,0.0,0,0,0,0,0,0,Matches
443,444,Germán Pezzella,ar ARG,DF,Betis,32.0,1991.0,30.7,15,0.49,13,0,1,1,0,0,0,0.0,0,0,0,0,0,0,Matches
444,445,Kamil Piątkowski,pl POL,DF,Granada,23.0,2000.0,5.6,2,0.36,1,0,0,1,0,0,0,0.0,0,0,0,0,0,0,Matches
445,446,Yeremi Pino,es ESP,MFFW,Villarreal,20.0,2002.0,5.3,13,2.46,10,0,1,2,0,0,0,0.0,0,0,0,0,0,0,Matches
446,447,Portu,es ESP,FW,Getafe,31.0,1992.0,1.1,2,1.86,1,1,0,0,0,0,0,0.0,0,0,0,0,0,0,Matches
447,448,Portu,es ESP,MFFW,Girona,31.0,1992.0,13.2,29,2.2,22,1,2,2,2,0,9,0.68,7,0,1,0,1,0,Matches
448,449,José Pozo,es ESP,MF,Rayo Vallecano,27.0,1996.0,0.2,0,0.0,0,0,0,0,0,0,0,0.0,0,0,0,0,0,0,Matches
449,450,Alejandro Pozo Pozo,es ESP,DFMF,Almería,24.0,1999.0,10.8,25,2.31,18,3,1,2,1,0,3,0.28,1,1,0,1,0,0,Matches
450,451,Beñat Prados,es ESP,MFDF,Athletic Club,22.0,2001.0,16.1,21,1.3,20,0,0,1,0,0,1,0.06,1,0,0,0,0,0,Matches
451,452,Abdón Prats,es ESP,FWMF,Mallorca,30.0,1992.0,14.1,23,1.63,16,1,1,3,1,1,3,0.21,3,0,0,0,0,0,Matches
452,453,Pubill,es ESP,DF,Almería,20.0,2003.0,20.9,42,2.01,34,1,2,4,0,1,4,0.19,4,0,0,0,0,0,Matches
453,454,Antonio Puertas,es ESP,MFFW,Granada,31.0,1992.0,8.1,29,3.57,15,0,4,3,6,1,1,0.12,1,0,0,0,0,0,Matches
454,455,Arnau Puigmal,es ESP,FWDF,Almería,22.0,2001.0,2.8,4,1.42,2,2,0,0,0,0,0,0.0,0,0,0,0,0,0,Matches
455,456,Nemanja Radonjić,rs SRB,MFDF,Mallorca,27.0,1996.0,3.9,19,4.84,8,2,6,3,0,0,1,0.25,0,0,1,0,0,0,Matches
456,457,Aleksandar Radovanović,rs SRB,DF,Almería,29.0,1993.0,6.3,2,0.32,1,0,0,1,0,0,0,0.0,0,0,0,0,0,0,Matches
457,458,Abdellah Raihani,ma MAR,FW,Atlético Madrid,19.0,2004.0,0.1,0,0.0,0,0,0,0,0,0,0,0.0,0,0,0,0,0,0,Matches
458,459,Antonio Raillo,es ESP,DF,Mallorca,31.0,1991.0,24.4,22,0.9,16,0,0,6,0,0,6,0.25,4,0,0,2,0,0,Matches
459,460,Predrag Rajković,rs SRB,GK,Mallorca,27.0,1995.0,36.0,9,0.25,5,4,0,0,0,0,1,0.03,0,1,0,0,0,0,Matches
460,461,Ivan Rakitić,hr CRO,MF,Sevilla,35.0,1988.0,15.8,80,5.05,47,27,1,2,3,0,1,0.06,0,1,0,0,0,0,Matches
461,462,Largie Ramazani,be BEL,FWMF,Almería,22.0,2001.0,17.3,57,3.29,36,1,7,7,5,1,10,0.58,7,0,2,0,1,0,Matches
462,463,Benito Ramírez,es ESP,FWMF,Las Palmas,28.0,1995.0,4.3,8,1.87,5,0,1,1,1,0,2,0.47,1,0,0,1,0,0,Matches
463,464,Sandro Ramírez,es ESP,FW,Las Palmas,28.0,1995.0,20.1,77,3.84,41,17,4,7,6,2,5,0.25,3,1,0,0,1,0,Matches
464,465,Chris Ramos,es ESP,FWMF,Cádiz,26.0,1997.0,29.0,39,1.34,17,0,7,7,7,1,2,0.07,0,0,0,0,2,0,Matches
465,466,Sergio Ramos,es ESP,DF,Sevilla,37.0,1986.0,28.0,21,0.75,17,0,0,3,1,0,3,0.11,2,0,0,1,0,0,Matches
466,467,Raphinha,br BRA,FWMF,Barcelona,26.0,1996.0,15.2,89,5.86,47,20,6,8,7,1,13,0.86,9,3,0,1,0,0,Matches
467,468,Andrei Ratiu,ro ROU,DFMF,Rayo Vallecano,25.0,1998.0,7.0,11,1.57,10,0,0,0,0,1,0,0.0,0,0,0,0,0,0,Matches
468,469,Raúl,es ESP,FW,Osasuna,22.0,2000.0,15.1,22,1.46,16,0,0,4,2,0,2,0.13,2,0,0,0,0,0,Matches
469,470,Abderrahman Rebbach,dz ALG,FWMF,Alavés,24.0,1998.0,8.0,29,3.61,15,7,4,2,1,0,0,0.0,0,0,0,0,0,0,Matches
470,471,Pepe Reina,es ESP,GK,Villarreal,40.0,1982.0,2.0,0,0.0,0,0,0,0,0,0,0,0.0,0,0,0,0,0,0,Matches
471,472,Álex Remiro,es ESP,GK,Real Sociedad,28.0,1995.0,36.4,6,0.16,3,3,0,0,0,0,0,0.0,0,0,0,0,0,0,Matches
472,473,Chadi Riad,ma MAR,DF,Betis,20.0,2003.0,24.0,12,0.5,9,1,0,2,0,0,0,0.0,0,0,0,0,0,0,Matches
473,474,Diego Rico,es ESP,DF,Getafe,30.0,1993.0,28.2,61,2.17,46,10,0,1,3,1,6,0.21,6,0,0,0,0,0,Matches
474,475,Luis Rioja,es ESP,FWMF,Alavés,29.0,1993.0,27.8,81,2.92,57,14,5,3,2,0,7,0.25,6,1,0,0,0,0,Matches
475,476,Rodrigo Riquelme,es ESP,DFMF,Atlético Madrid,23.0,2000.0,17.0,61,3.6,47,6,5,2,1,0,11,0.65,6,2,2,0,1,0,Matches
476,477,Alberto Risco,es ESP,MF,Getafe,17.0,2005.0,1.5,8,5.26,7,0,1,0,0,0,0,0.0,0,0,0,0,0,0,Matches
477,478,Mihailo Ristić,rs SRB,DFMF,Celta Vigo,27.0,1995.0,9.0,20,2.23,11,4,2,0,2,1,0,0.0,0,0,0,0,0,0,Matches
478,479,Gorka Rivera Alonso,es ESP,DF,Getafe,18.0,2004.0,0.0,0,0.0,0,0,0,0,0,0,0,0.0,0,0,0,0,0,0,Matches
479,480,Sergi Roberto,es ESP,MFDF,Barcelona,31.0,1992.0,9.6,24,2.51,21,0,1,1,0,1,3,0.31,3,0,0,0,0,0,Matches
480,481,Lucas Robertone,ar ARG,MF,Almería,26.0,1997.0,26.5,75,2.84,58,5,2,5,1,4,7,0.26,7,0,0,0,0,0,Matches
481,482,Marc Roca,es ESP,MF,Betis,26.0,1996.0,22.0,59,2.68,49,3,2,0,3,2,3,0.14,3,0,0,0,0,0,Matches
482,483,Sergio Rodelas,es ESP,FWDF,Granada,18.0,2004.0,1.4,6,4.43,3,1,0,0,1,1,1,0.74,1,0,0,0,0,0,Matches
483,484,Rodri,es ESP,FWMF,Betis,23.0,2000.0,11.7,33,2.83,24,1,3,2,3,0,0,0.0,0,0,0,0,0,0,Matches
484,485,Óscar Rodríguez Arnaiz,es ESP,MFFW,Getafe,25.0,1998.0,10.7,49,4.56,37,5,4,2,1,0,4,0.37,3,0,1,0,0,0,Matches
485,486,Damián Rodríguez,es ESP,MF,Celta Vigo,20.0,2003.0,2.9,8,2.79,7,1,0,0,0,0,3,1.05,3,0,0,0,0,0,Matches
486,487,Dani Rodríguez,es ESP,MF,Mallorca,35.0,1988.0,29.1,99,3.41,54,38,1,4,2,0,9,0.31,3,5,0,1,0,0,Matches
487,488,Guido Rodríguez,ar ARG,MF,Betis,29.0,1994.0,20.5,24,1.17,18,1,0,4,0,1,6,0.29,4,0,0,2,0,0,Matches
488,489,Kirian Rodríguez,es ESP,MF,Las Palmas,27.0,1996.0,35.7,77,2.16,73,0,1,2,1,0,9,0.25,9,0,0,0,0,0,Matches
489,490,Miguel Rodríguez,es ESP,MF,Celta Vigo,20.0,2003.0,3.3,6,1.8,4,0,0,0,2,0,0,0.0,0,0,0,0,0,0,Matches
490,491,Rodrygo,br BRA,FW,Real Madrid,22.0,2001.0,26.4,111,4.2,71,5,22,6,5,2,14,0.53,7,0,5,1,0,1,Matches
491,492,Carlos Romero,es ESP,DF,Villarreal,21.0,2001.0,2.9,1,0.34,1,0,0,0,0,0,1,0.34,1,0,0,0,0,0,Matches
492,493,Luka Romero,ar ARG,FW,Almería,18.0,2004.0,4.9,10,2.05,6,0,2,1,1,0,4,0.82,2,0,1,1,0,0,Matches
493,494,Oriol Romeu,es ESP,MF,Barcelona,31.0,1991.0,10.4,17,1.63,13,0,1,3,0,0,2,0.19,2,0,0,0,0,0,Matches
494,495,Unai Ropero,es ESP,MF,Alavés,21.0,2001.0,0.1,0,0.0,0,0,0,0,0,0,0,0.0,0,0,0,0,0,0,Matches
495,496,Vitor Roque,br BRA,FW,Barcelona,18.0,2005.0,3.6,4,1.1,1,0,1,2,0,0,1,0.27,0,0,0,1,0,0,Matches
496,497,Antonio Rüdiger,de GER,DF,Real Madrid,30.0,1993.0,30.1,21,0.7,16,0,0,5,0,0,5,0.17,4,0,0,1,0,0,Matches
497,498,Javier Rueda Garcia,es ESP,MFDF,Celta Vigo,21.0,2002.0,0.2,0,0.0,0,0,0,0,0,0,0,0.0,0,0,0,0,0,0,Matches
498,499,Aitor Ruibal,es ESP,DFFW,Betis,27.0,1996.0,11.3,33,2.92,27,1,2,1,1,1,3,0.27,3,0,0,0,0,0,Matches
499,500,Sergio Ruiz,es ESP,MF,Granada,28.0,1994.0,27.7,47,1.7,33,1,4,4,4,1,7,0.25,6,1,0,0,0,0,Matches
500,501,Youssouf Sabaly,sn SEN,DF,Betis,30.0,1993.0,11.6,17,1.46,15,1,1,0,0,0,3,0.26,2,1,0,0,0,0,Matches
501,502,Umar Sadiq,ng NGA,FW,Real Sociedad,26.0,1997.0,12.0,23,1.92,10,0,6,4,2,1,2,0.17,1,0,1,0,0,0,Matches
502,503,Pablo Saenz,,MF,Granada,,,0.2,0,0.0,0,0,0,0,0,0,0,0.0,0,0,0,0,0,0,Matches
503,504,Kike Salas,es ESP,DF,Sevilla,21.0,2002.0,17.8,13,0.73,9,1,0,1,1,1,0,0.0,0,0,0,0,0,0,Matches
504,505,Salvi,es ESP,MF,Rayo Vallecano,32.0,1991.0,0.3,0,0.0,0,0,0,0,0,0,0,0.0,0,0,0,0,0,0,Matches
505,506,Diadie Samassékou,ml MLI,MF,Cádiz,27.0,1996.0,1.0,3,2.97,3,0,0,0,0,0,0,0.0,0,0,0,0,0,0,Matches
506,507,Fede San Emeterio,es ESP,MF,Cádiz,26.0,1997.0,1.7,2,1.18,2,0,0,0,0,0,0,0.0,0,0,0,0,0,0,Matches
507,508,Oihan Sancet,es ESP,MF,Athletic Club,23.0,2000.0,21.9,84,3.83,68,0,6,6,4,0,9,0.41,8,0,0,1,0,0,Matches
508,509,Ricard Sánchez ,es ESP,DF,Granada,23.0,2000.0,25.5,42,1.65,40,2,0,0,0,0,1,0.04,1,0,0,0,0,0,Matches
509,510,Antonio Sánchez,es ESP,MF,Mallorca,26.0,1997.0,16.1,33,2.05,24,0,2,2,3,2,2,0.12,2,0,0,0,0,0,Matches
510,511,Juanlu Sánchez,es ESP,DF,Sevilla,19.0,2003.0,13.1,35,2.66,31,0,3,0,1,0,3,0.23,3,0,0,0,0,0,Matches
511,512,Manu Sánchez,es ESP,DFMF,Celta Vigo,22.0,2000.0,19.7,41,2.08,35,0,4,2,0,0,6,0.3,6,0,0,0,0,0,Matches
512,513,Jesús Santiago,es ESP,MF,Getafe,19.0,2004.0,7.3,12,1.65,9,0,0,1,2,0,0,0.0,0,0,0,0,0,0,Matches
513,514,Paco Sanz,es ESP,DF,Almería,18.0,2004.0,0.3,0,0.0,0,0,0,0,0,0,0,0.0,0,0,0,0,0,0,Matches
514,515,Stefan Savić,me MNE,DF,Atlético Madrid,32.0,1991.0,18.1,12,0.66,10,0,0,1,0,1,3,0.17,2,0,0,1,0,0,Matches
515,516,Sávio,br BRA,FWMF,Girona,19.0,2004.0,33.1,118,3.57,85,1,15,7,10,0,25,0.76,19,0,4,0,2,0,Matches
516,517,Manuel Sebastián,es ESP,MF,Sevilla,19.0,2004.0,1.3,3,2.31,3,0,0,0,0,0,0,0.0,0,0,0,0,0,0,Matches
517,518,Aleksandar Sedlar,rs SRB,DF,Alavés,31.0,1991.0,10.5,9,0.86,6,0,1,0,0,2,0,0.0,0,0,0,0,0,0,Matches
518,519,André Silva,pt POR,FW,Real Sociedad,27.0,1995.0,8.1,9,1.11,9,0,0,0,0,0,0,0.0,0,0,0,0,0,0,Matches
519,520,Rui Silva,pt POR,GK,Betis,29.0,1994.0,27.5,2,0.07,2,0,0,0,0,0,0,0.0,0,0,0,0,0,0,Matches
520,521,Giuliano Simeone,ar ARG,FW,Alavés,20.0,2002.0,7.0,22,3.14,14,0,0,5,2,1,4,0.57,2,0,0,1,1,0,Matches
521,522,Unai Simón,es ESP,GK,Athletic Club,26.0,1997.0,35.4,8,0.23,6,2,0,0,0,0,2,0.06,1,1,0,0,0,0,Matches
522,523,Daley Sinkgraven,nl NED,DF,Las Palmas,28.0,1995.0,4.3,2,0.48,2,0,0,0,0,0,0,0.0,0,0,0,0,0,0,Matches
523,524,Jailson Siqueira,br BRA,DFMF,Celta Vigo,27.0,1995.0,10.0,8,0.8,8,0,0,0,0,0,1,0.1,1,0,0,0,0,0,Matches
524,525,Antonio Sivera,es ESP,GK,Alavés,26.0,1996.0,34.0,15,0.44,9,6,0,0,0,0,1,0.03,0,1,0,0,0,0,Matches
525,526,Rubén Sobrino,es ESP,MFFW,Cádiz,31.0,1992.0,18.3,39,2.13,31,0,3,3,2,0,1,0.05,1,0,0,0,0,0,Matches
526,527,Alex Sola,es ESP,FWMF,Alavés,24.0,1999.0,14.0,69,4.92,32,7,16,6,7,1,4,0.29,2,1,1,0,0,0,Matches
527,528,Alex Sola,es ESP,DFMF,Real Sociedad,24.0,1999.0,0.3,1,3.0,0,0,0,0,1,0,0,0.0,0,0,0,0,0,0,Matches
528,529,Jhon Solis,co COL,MF,Girona,18.0,2004.0,4.3,14,3.29,13,0,0,1,0,0,0,0.0,0,0,0,0,0,0,Matches
529,530,David Soria,es ESP,GK,Getafe,30.0,1993.0,37.9,10,0.26,4,6,0,0,0,0,0,0.0,0,0,0,0,0,0,Matches
530,531,Alberto Soro,es ESP,MF,Granada,24.0,1999.0,0.1,0,0.0,0,0,0,0,0,0,0,0.0,0,0,0,0,0,0,Matches
531,532,Hugo Sotelo,es ESP,MF,Celta Vigo,19.0,2003.0,8.0,31,3.86,24,4,2,0,0,1,1,0.12,1,0,0,0,0,0,Matches
532,533,Boubakary Soumaré,fr FRA,MF,Sevilla,24.0,1999.0,25.4,29,1.14,28,0,0,0,1,0,2,0.08,2,0,0,0,0,0,Matches
533,534,Djibril Sow,ch SUI,MF,Sevilla,26.0,1997.0,16.2,43,2.65,34,0,1,4,3,1,3,0.18,3,0,0,0,0,0,Matches
534,535,Çağlar Söyüncü,tr TUR,DF,Atlético Madrid,27.0,1996.0,1.3,2,1.58,2,0,0,0,0,0,1,0.79,1,0,0,0,0,0,Matches
535,536,Carl Starfelt,se SWE,DF,Celta Vigo,28.0,1995.0,24.6,6,0.24,6,0,0,0,0,0,1,0.04,1,0,0,0,0,0,Matches
536,537,Jørgen Strand Larsen,no NOR,FW,Celta Vigo,23.0,2000.0,31.8,61,1.92,43,0,5,9,4,0,8,0.25,5,0,0,1,2,0,Matches
537,538,Cristhian Stuani,uy URU,FW,Girona,36.0,1986.0,8.9,16,1.79,11,0,1,3,0,1,3,0.34,2,0,0,1,0,0,Matches
538,539,Álex Suárez,es ESP,DF,Las Palmas,30.0,1993.0,28.5,18,0.63,13,2,0,2,1,0,2,0.07,1,0,0,1,0,0,Matches
539,540,Damián Suárez,uy URU,DF,Getafe,35.0,1988.0,14.4,33,2.28,28,5,0,0,0,0,4,0.28,3,1,0,0,0,0,Matches
540,541,Denis Suárez,es ESP,MFFW,Villarreal,29.0,1994.0,1.5,8,5.37,7,1,0,0,0,0,0,0.0,0,0,0,0,0,0,Matches
541,542,Suso,es ESP,MFFW,Sevilla,29.0,1993.0,16.9,91,5.4,60,26,2,2,1,0,12,0.71,9,2,1,0,0,0,Matches
542,543,Max Svensson,es ESP,FW,Osasuna,,,0.0,0,0.0,0,0,0,0,0,0,0,0.0,0,0,0,0,0,0,Matches
543,544,Williot Swedberg,se SWE,FWMF,Celta Vigo,19.0,2004.0,4.9,11,2.26,5,0,3,2,1,0,2,0.41,0,0,1,0,1,0,Matches
544,545,Mamadou Sylla,sn SEN,FWMF,Alavés,29.0,1994.0,0.2,0,0.0,0,0,0,0,0,0,0,0.0,0,0,0,0,0,0,Matches
545,546,Alexander Sørloth,no NOR,FW,Villarreal,27.0,1995.0,27.7,68,2.46,51,0,6,8,2,1,17,0.61,8,0,2,5,2,0,Matches
546,547,Yassin Tallal,es ESP,FW,Getafe,18.0,2005.0,0.0,0,0.0,0,0,0,0,0,0,0,0.0,0,0,0,0,0,0,Matches
547,548,Renato Tapia,pe PER,MFDF,Celta Vigo,28.0,1995.0,14.9,27,1.82,22,0,1,2,1,1,0,0.0,0,0,0,0,0,0,Matches
548,549,César Tárrega,es ESP,DF,Valencia,21.0,2002.0,0.1,0,0.0,0,0,0,0,0,0,0,0.0,0,0,0,0,0,0,Matches
549,550,Marciano Tchami,gw GNB,FWMF,Almería,19.0,2004.0,0.5,1,2.14,1,0,0,0,0,0,0,0.0,0,0,0,0,0,0,Matches
550,551,Aurélien Tchouaméni,fr FRA,MFDF,Real Madrid,23.0,2000.0,22.1,35,1.58,30,0,1,3,0,1,11,0.5,10,0,0,1,0,0,Matches
551,552,Nahuel Tenaglia,ar ARG,DF,Alavés,27.0,1996.0,12.7,24,1.89,19,2,0,0,1,2,2,0.16,1,0,0,0,1,0,Matches
552,553,Marc-André ter Stegen,de GER,GK,Barcelona,31.0,1992.0,28.0,8,0.29,7,1,0,0,0,0,2,0.07,1,1,0,0,0,0,Matches
553,554,Ramón Terrats,es ESP,MFDF,Villarreal,22.0,2000.0,8.7,22,2.51,13,4,1,1,2,1,3,0.34,2,0,0,0,1,0,Matches
554,555,Kieran Tierney,sct SCO,DF,Real Sociedad,26.0,1997.0,13.8,16,1.16,14,1,0,0,1,0,3,0.22,2,1,0,0,0,0,Matches
555,556,Raúl de Tomás,es ESP,FW,Rayo Vallecano,28.0,1994.0,14.1,22,1.56,11,0,1,7,3,0,3,0.21,3,0,0,0,0,0,Matches
556,557,Pablo Torre,es ESP,MFFW,Girona,20.0,2003.0,7.8,24,3.07,24,0,0,0,0,0,6,0.77,6,0,0,0,0,0,Matches
557,558,Raúl Torrente,es ESP,DF,Granada,21.0,2001.0,13.9,7,0.5,7,0,0,0,0,0,0,0.0,0,0,0,0,0,0,Matches
558,559,Ferrán Torres,es ESP,FW,Barcelona,23.0,2000.0,13.5,53,3.94,37,4,5,4,3,0,9,0.67,5,0,1,1,2,0,Matches
559,560,Óliver Torres,es ESP,MF,Sevilla,28.0,1994.0,18.0,58,3.23,47,7,0,0,4,0,2,0.11,2,0,0,0,0,0,Matches
560,561,Lucas Torró,es ESP,MF,Osasuna,29.0,1994.0,19.9,26,1.31,19,1,1,4,1,0,2,0.1,1,0,0,1,0,0,Matches
561,562,Bertrand Traoré,bf BFA,MF,Villarreal,27.0,1995.0,6.3,16,2.54,11,1,1,1,2,0,3,0.48,2,0,0,1,0,0,Matches
562,563,Hamari Traoré,ml MLI,DF,Real Sociedad,31.0,1992.0,25.5,58,2.28,47,4,1,1,1,4,3,0.12,2,0,0,0,0,1,Matches
563,564,Óscar Trejo,ar ARG,FWMF,Rayo Vallecano,35.0,1988.0,15.3,73,4.77,50,4,5,3,10,1,5,0.33,2,0,0,2,1,0,Matches
564,565,Manu Trigueros,es ESP,MF,Villarreal,31.0,1991.0,3.4,8,2.33,6,2,0,0,0,0,1,0.29,1,0,0,0,0,0,Matches
565,566,Viktor Tsyhankov,ua UKR,MFFW,Girona,25.0,1997.0,22.8,73,3.21,52,10,3,4,1,3,13,0.57,11,2,0,0,0,0,Matches
566,567,Beñat Turrientes,es ESP,MF,Real Sociedad,21.0,2002.0,18.7,29,1.55,22,0,2,3,1,1,2,0.11,1,0,0,1,0,0,Matches
567,568,Enes Ünal,tr TUR,FWMF,Getafe,26.0,1997.0,1.6,5,3.21,4,0,0,0,1,0,1,0.64,1,0,0,0,0,0,Matches
568,569,Myrto Uzuni,al ALB,FW,Granada,28.0,1995.0,27.2,33,1.21,24,0,1,5,2,1,1,0.04,1,0,0,0,0,0,Matches
569,570,Óscar Valentín,es ESP,MF,Rayo Vallecano,28.0,1994.0,29.9,42,1.4,33,1,2,2,2,2,0,0.0,0,0,0,0,0,0,Matches
570,571,Martin Valjent,sk SVK,DF,Mallorca,27.0,1995.0,26.1,23,0.88,17,2,1,2,0,1,2,0.08,1,1,0,0,0,0,Matches
571,572,Jesús Vallejo,es ESP,DF,Granada,26.0,1997.0,1.2,1,0.83,1,0,0,0,0,0,0,0.0,0,0,0,0,0,0,Matches
572,573,Álvaro Vallés,es ESP,GK,Las Palmas,26.0,1997.0,36.3,6,0.17,6,0,0,0,0,0,1,0.03,1,0,0,0,0,0,Matches
573,574,Federico Valverde,uy URU,MF,Real Madrid,25.0,1998.0,32.3,119,3.69,110,0,3,3,1,2,14,0.43,12,0,0,2,0,0,Matches
574,575,Siebe Van Der Heyden,be BEL,DF,Mallorca,25.0,1998.0,3.2,3,0.94,2,0,0,1,0,0,0,0.0,0,0,0,0,0,0,Matches
575,576,José Luis García Vayá,es ESP,MF,Valencia,24.0,1998.0,36.7,124,3.38,79,34,1,5,3,2,8,0.22,8,0,0,0,0,0,Matches
576,577,Borja Vázquez,es ESP,FW,Cádiz,18.0,2005.0,0.0,1,22.5,1,0,0,0,0,0,0,0.0,0,0,0,0,0,0,Matches
577,578,Jesus Vazquez,es ESP,DFMF,Valencia,20.0,2003.0,8.0,10,1.26,5,5,0,0,0,0,0,0.0,0,0,0,0,0,0,Matches
578,579,Kevin Vázquez,es ESP,DF,Celta Vigo,30.0,1993.0,7.8,8,1.03,6,1,0,0,0,1,0,0.0,0,0,0,0,0,0,Matches
579,580,Lucas Vázquez,es ESP,DF,Real Madrid,32.0,1991.0,15.8,60,3.81,47,1,4,3,4,1,11,0.7,8,0,1,1,1,0,Matches
580,581,Gabriel Veiga,es ESP,FW,Celta Vigo,21.0,2002.0,0.2,0,0.0,0,0,0,0,0,0,0,0.0,0,0,0,0,0,0,Matches
581,582,Alejo Véliz,ar ARG,FW,Sevilla,19.0,2003.0,0.4,1,2.57,1,0,0,0,0,0,0,0.0,0,0,0,0,0,0,Matches
582,583,Arthur Vermeeren,be BEL,MF,Atlético Madrid,18.0,2005.0,1.8,4,2.24,4,0,0,0,0,0,0,0.0,0,0,0,0,0,0,Matches
583,584,Mikel Vesga,es ESP,MF,Athletic Club,30.0,1993.0,17.0,25,1.46,22,0,0,1,0,2,2,0.12,2,0,0,0,0,0,Matches
584,585,Carlos Vicente,es ESP,FW,Alavés,24.0,1999.0,12.4,48,3.87,26,13,4,2,3,0,5,0.4,3,1,1,0,0,0,Matches
585,586,Nacho Vidal,es ESP,DFFW,Osasuna,28.0,1995.0,1.1,1,0.94,1,0,0,0,0,0,0,0.0,0,0,0,0,0,0,Matches
586,587,Nacho Vidal,es ESP,DF,Mallorca,28.0,1995.0,4.6,9,1.95,6,0,0,3,0,0,0,0.0,0,0,0,0,0,0,Matches
587,588,Fran Vieites,es ESP,GK,Betis,24.0,1999.0,3.5,0,0.0,0,0,0,0,0,0,0,0.0,0,0,0,0,0,0,Matches
588,589,Jonathan Viera,es ESP,MFFW,Las Palmas,33.0,1989.0,6.9,30,4.37,26,2,1,0,1,0,1,0.15,1,0,0,0,0,0,Matches
589,590,Jonathan Viera,es ESP,MF,Almería,33.0,1989.0,10.1,47,4.63,41,1,2,0,1,2,6,0.59,6,0,0,0,0,0,Matches
590,591,Toni Villa,es ESP,FW,Girona,28.0,1995.0,0.1,0,0.0,0,0,0,0,0,0,0,0.0,0,0,0,0,0,0,Matches
591,592,Asier Villalibre,es ESP,FW,Athletic Club,25.0,1997.0,5.7,16,2.81,15,0,1,0,0,0,1,0.18,1,0,0,0,0,0,Matches
592,593,Gonzalo Villar,es ESP,MF,Granada,25.0,1998.0,20.0,50,2.52,30,2,4,3,8,3,8,0.4,6,0,0,0,1,1,Matches
593,594,Iván Villar,es ESP,GK,Celta Vigo,26.0,1997.0,11.3,2,0.18,1,1,0,0,0,0,0,0.0,0,0,0,0,0,0,Matches
594,595,Ricardo Visus,es ESP,DF,Betis,22.0,2001.0,1.8,0,0.0,0,0,0,0,0,0,0,0.0,0,0,0,0,0,0,Matches
595,596,Daniel Vivian,es ESP,DF,Athletic Club,24.0,1999.0,32.0,24,0.75,20,0,0,3,1,0,2,0.06,1,0,0,0,1,0,Matches
596,597,Shon Weissman,il ISR,FW,Granada,27.0,1996.0,0.9,2,2.2,2,0,0,0,0,0,0,0.0,0,0,0,0,0,0,Matches
597,598,Iñaki Williams,gh GHA,FW,Athletic Club,29.0,1994.0,31.6,104,3.29,77,0,12,5,8,2,9,0.28,7,0,1,0,1,0,Matches
598,599,Nico Williams,es ESP,FW,Athletic Club,21.0,2002.0,25.1,121,4.81,72,18,19,6,6,0,24,0.95,15,2,4,1,2,0,Matches
599,600,Axel Witsel,be BEL,DF,Atlético Madrid,34.0,1989.0,30.9,16,0.52,12,1,0,2,0,1,1,0.03,1,0,0,0,0,0,Matches
600,601,Xeber,es ESP,FWMF,Alavés,26.0,1997.0,3.4,11,3.28,10,0,1,0,0,0,1,0.3,1,0,0,0,0,0,Matches
601,602,Antal Yaakobishvili,hu HUN,DF,Girona,19.0,2004.0,0.7,1,1.48,1,0,0,0,0,0,0,0.0,0,0,0,0,0,0,Matches
602,603,Lamine Yamal,es ESP,FW,Barcelona,16.0,2007.0,24.5,108,4.41,64,5,17,9,8,5,18,0.74,12,0,2,1,2,1,Matches
603,604,Roman Yaremchuk,ua UKR,FW,Valencia,27.0,1995.0,10.3,11,1.07,7,1,1,1,1,0,1,0.1,0,0,1,0,0,0,Matches
604,605,Arsen Zakharyan,ru RUS,MFFW,Real Sociedad,20.0,2003.0,13.6,58,4.25,27,19,5,5,2,0,4,0.29,2,1,0,1,0,0,Matches
605,606,Joseba Zaldúa,es ESP,DF,Cádiz,31.0,1992.0,7.8,11,1.41,9,1,0,0,1,0,1,0.13,1,0,0,0,0,0,Matches
606,607,Bryan Zaragoza,es ESP,MFFW,Granada,22.0,2001.0,18.2,69,3.79,33,8,16,4,7,1,5,0.27,2,1,1,0,1,0,Matches
607,608,Igor Zubeldia,es ESP,DF,Real Sociedad,26.0,1997.0,28.0,18,0.64,16,0,0,1,0,1,3,0.11,3,0,0,0,0,0,Matches
608,609,Martín Zubimendi,es ESP,MF,Real Sociedad,24.0,1999.0,29.5,55,1.87,47,0,3,4,0,1,4,0.14,4,0,0,0,0,0,Matches
