,_Rk,_Player,_Nation,_Pos,_Squad,_Age,_Born,PlayingTime_MP,PlayingTime_Starts,PlayingTime_Min,PlayingTime_90s,Performance_Gls,Performance_Ast,Performance_G+A,Performance_G-PK,Performance_PK,Performance_PKatt,Performance_CrdY,Performance_CrdR,Expected_xG,Expected_npxG,Expected_xAG,Expected_npxG+xAG,Progression_PrgC,Progression_PrgP,Progression_PrgR,Per90Minutes_Gls,Per90Minutes_Ast,Per90Minutes_G+A,Per90Minutes_G-PK,Per90Minutes_G+A-PK,Per90Minutes_xG,Per90Minutes_xAG,Per90Minutes_xG+xAG,Per90Minutes_npxG,Per90Minutes_npxG+xAG,Matches
0,1,Keyliane Abdallah,fr FRA,FW,Marseille,17,2006,1,0,4,0.0,0,0,0,0,0,0,0,0,0.0,0.0,0.0,0.0,0,0,0,0.0,0.0,0.0,0.0,0.0,0.0,0.0,0.0,0.0,0.0,Matches
1,2,Yunis Abdelhamid,ma MAR,DF,Reims,35,1987,31,31,2781,30.9,4,0,4,3,1,1,5,0,3.4,2.6,0.3,2.9,36,137,9,0.13,0.0,0.13,0.1,0.1,0.11,0.01,0.12,0.09,0.09,Matches
2,3,Salis Abdul Samed,gh GHA,MF,Lens,23,2000,27,17,1519,16.9,0,0,0,0,0,0,2,0,0.8,0.8,0.5,1.3,9,78,20,0.0,0.0,0.0,0.0,0.0,0.05,0.03,0.08,0.05,0.08,Matches
3,4,Laurent Abergel,fr FRA,MF,Lorient,30,1993,33,32,2860,31.8,2,1,3,2,0,0,4,0,1.1,1.1,2.2,3.3,38,194,51,0.06,0.03,0.09,0.06,0.09,0.04,0.07,0.1,0.04,0.1,Matches
4,5,Matthis Abline,fr FRA,FW,Nantes,20,2003,22,12,1044,11.6,5,0,5,5,0,0,1,0,3.8,3.8,2.0,5.8,28,20,87,0.43,0.0,0.43,0.43,0.43,0.33,0.17,0.5,0.33,0.5,Matches
5,6,Zakaria Aboukhlal,ma MAR,MFFW,Toulouse,23,2000,13,9,754,8.4,3,0,3,2,1,1,2,0,2.8,2.0,0.2,2.2,23,20,75,0.36,0.0,0.36,0.24,0.24,0.33,0.02,0.36,0.24,0.26,Matches
6,7,Bénie Adama Traore,ci CIV,FWMF,Nantes,20,2002,14,4,504,5.6,0,1,1,0,0,0,1,1,0.7,0.7,0.9,1.6,23,15,45,0.0,0.18,0.18,0.0,0.18,0.13,0.16,0.29,0.13,0.29,Matches
7,8,Akor Adams,ng NGA,FW,Montpellier,23,2000,32,27,2252,25.0,8,1,9,8,0,0,2,0,12.4,12.4,1.9,14.3,40,17,127,0.32,0.04,0.36,0.32,0.36,0.5,0.07,0.57,0.5,0.57,Matches
8,9,Nathaniel Adjei,gh GHA,DF,Lorient,20,2002,15,14,1243,13.8,0,0,0,0,0,0,2,0,0.4,0.4,0.1,0.5,10,34,4,0.0,0.0,0.0,0.0,0.0,0.03,0.01,0.03,0.03,0.03,Matches
9,10,Adryelson,br BRA,DFFW,Lyon,25,1998,2,0,6,0.1,0,0,0,0,0,0,0,0,0.0,0.0,0.0,0.0,0,0,0,0.0,0.0,0.0,0.0,0.0,0.0,0.0,0.0,0.0,0.0,Matches
10,11,Adson,br BRA,MFFW,Nantes,22,2000,8,2,238,2.6,0,0,0,0,0,0,0,0,0.2,0.2,0.1,0.3,18,15,19,0.0,0.0,0.0,0.0,0.0,0.09,0.04,0.13,0.09,0.13,Matches
11,12,Emmanuel Agbadou,ci CIV,DF,Reims,26,1997,32,29,2596,28.8,1,1,2,1,0,0,1,0,2.4,2.4,1.5,3.8,42,179,19,0.03,0.03,0.07,0.03,0.07,0.08,0.05,0.13,0.08,0.13,Matches
12,13,Ruben Aguilar,fr FRA,DF,Lens,30,1993,25,22,1922,21.4,1,3,4,1,0,0,3,0,1.4,1.4,2.9,4.3,36,110,162,0.05,0.14,0.19,0.05,0.19,0.07,0.14,0.2,0.07,0.2,Matches
13,14,Tosin Aiyegun,bj BEN,MFFW,Lorient,25,1998,19,10,902,10.0,2,0,2,2,0,0,0,1,1.8,1.8,0.3,2.1,17,16,52,0.2,0.0,0.2,0.2,0.2,0.18,0.03,0.21,0.18,0.21,Matches
14,15,Sergio Akieme,es ESP,DF,Reims,25,1997,13,8,818,9.1,2,0,2,2,0,0,2,0,1.4,1.4,0.4,1.8,20,20,34,0.22,0.0,0.22,0.22,0.22,0.16,0.04,0.2,0.16,0.2,Matches
15,16,Maghnes Akliouche,fr FRA,MFFW,Monaco,21,2002,28,18,1613,17.9,7,4,11,7,0,0,5,0,5.4,5.4,3.5,8.9,46,93,135,0.39,0.22,0.61,0.39,0.61,0.3,0.19,0.49,0.3,0.49,Matches
16,17,Paul Akouokou,ci CIV,MF,Lyon,25,1997,8,4,307,3.4,0,0,0,0,0,0,1,0,0.1,0.1,0.0,0.1,0,13,2,0.0,0.0,0.0,0.0,0.0,0.02,0.0,0.02,0.02,0.02,Matches
17,18,Aboubacar Ali,fr FRA,MFFW,Strasbourg,17,2006,9,1,130,1.4,0,1,1,0,0,0,0,0,0.2,0.2,0.1,0.3,3,3,12,0.0,0.69,0.69,0.0,0.69,0.17,0.05,0.22,0.17,0.22,Matches
18,19,Mohamed Ali Cho,fr FRA,FW,Nice,19,2004,17,11,861,9.6,1,2,3,1,0,0,2,0,1.1,1.1,2.0,3.1,48,25,77,0.1,0.21,0.31,0.1,0.31,0.12,0.21,0.32,0.12,0.32,Matches
19,20,Nabil Alioui,fr FRA,MFFW,Le Havre,24,1999,18,12,1009,11.2,4,1,5,4,0,0,1,0,2.4,2.4,2.2,4.6,22,43,72,0.36,0.09,0.45,0.36,0.45,0.21,0.19,0.41,0.21,0.41,Matches
20,21,Jim Allevinah,ga GAB,MFDF,Clermont Foot,28,1995,29,22,1861,20.7,2,1,3,2,0,0,1,0,2.6,2.6,1.2,3.8,87,52,120,0.1,0.05,0.15,0.1,0.15,0.12,0.06,0.18,0.12,0.18,Matches
21,22,Skelly Alvero,fr FRA,MF,Lyon,21,2002,8,6,426,4.7,1,0,1,1,0,0,2,0,0.4,0.4,0.0,0.4,3,27,13,0.21,0.0,0.21,0.21,0.21,0.09,0.0,0.09,0.09,0.09,Matches
22,23,Papa Amadou Diallo,sn SEN,FW,Metz,19,2004,16,9,889,9.9,2,1,3,2,0,0,1,0,2.6,2.6,0.9,3.5,25,30,65,0.2,0.1,0.3,0.2,0.3,0.26,0.09,0.35,0.26,0.35,Matches
23,24,Jordan Amavi,fr FRA,DF,Brest,29,1994,2,1,91,1.0,1,0,1,1,0,0,1,0,0.1,0.1,0.0,0.1,0,2,1,0.99,0.0,0.99,0.99,0.99,0.1,0.0,0.1,0.1,0.1,Matches
24,25,Kelvin Amian,fr FRA,DF,Nantes,25,1998,12,11,798,8.9,0,1,1,0,0,0,2,0,0.1,0.1,0.6,0.6,12,28,21,0.0,0.11,0.11,0.0,0.11,0.01,0.07,0.07,0.01,0.07,Matches
25,26,Michael Amir Murillo,pa PAN,DF,Marseille,27,1996,16,10,997,11.1,3,2,5,3,0,0,3,0,0.8,0.8,1.2,2.0,6,35,52,0.27,0.18,0.45,0.27,0.45,0.07,0.11,0.18,0.07,0.18,Matches
26,27,Benjamin André,fr FRA,MF,Lille,32,1990,30,29,2570,28.6,4,0,4,4,0,0,8,0,2.6,2.6,1.3,3.9,19,180,37,0.14,0.0,0.14,0.14,0.14,0.09,0.05,0.14,0.09,0.14,Matches
27,28,Komnen Andrić,rs SRB,FW,Clermont Foot,28,1995,7,1,169,1.9,0,0,0,0,0,0,0,0,0.1,0.1,0.2,0.2,0,5,24,0.0,0.0,0.0,0.0,0.0,0.03,0.1,0.12,0.03,0.12,Matches
28,29,Stredair Appuah,fr FRA,FWMF,Nantes,19,2004,4,0,84,0.9,0,0,0,0,0,0,0,0,0.4,0.4,0.0,0.4,3,0,2,0.0,0.0,0.0,0.0,0.0,0.46,0.0,0.46,0.46,0.46,Matches
29,30,Yoël Armougom,fr FRA,DFMF,Clermont Foot,25,1998,5,2,234,2.6,0,0,0,0,0,0,1,0,0.0,0.0,0.3,0.3,6,12,25,0.0,0.0,0.0,0.0,0.0,0.01,0.11,0.12,0.01,0.12,Matches
30,31,Hákon Arnar Haraldsson,is ISL,FWMF,Lille,20,2003,26,15,1284,14.3,2,0,2,2,0,0,5,0,0.8,0.8,1.5,2.2,25,48,90,0.14,0.0,0.14,0.14,0.14,0.05,0.1,0.16,0.05,0.16,Matches
31,32,Mohamed El Arouch,fr FRA,FW,Lyon,19,2004,1,0,2,0.0,0,0,0,0,0,0,0,0,0.0,0.0,0.0,0.0,0,0,0,0.0,0.0,0.0,0.0,0.0,0.0,0.0,0.0,0.0,0.0,Matches
32,33,Marco Asensio,es ESP,MFFW,Paris S-G,27,1996,19,13,1113,12.4,4,5,9,4,0,0,0,0,3.2,3.2,5.8,9.0,36,71,92,0.32,0.4,0.73,0.32,0.73,0.26,0.47,0.73,0.26,0.73,Matches
33,34,Joel Asoro,se SWE,FWMF,Metz,24,1999,20,10,848,9.4,2,1,3,2,0,0,2,0,0.6,0.6,0.3,0.9,14,16,43,0.21,0.11,0.32,0.21,0.32,0.06,0.03,0.09,0.06,0.09,Matches
34,35,Lorenz Assignon,tg TOG,DF,Rennes,23,2000,14,12,1011,11.2,1,1,2,1,0,0,4,0,0.4,0.4,1.8,2.2,28,51,67,0.09,0.09,0.18,0.09,0.18,0.04,0.16,0.2,0.04,0.2,Matches
35,36,Youcef Atal,dz ALG,DF,Nice,27,1996,6,5,359,4.0,1,0,1,1,0,0,2,0,0.1,0.1,0.8,0.9,9,15,5,0.25,0.0,0.25,0.25,0.25,0.03,0.2,0.24,0.03,0.24,Matches
36,37,Valentin Atangana Edoa,fr FRA,MF,Reims,17,2005,15,7,555,6.2,0,0,0,0,0,0,0,0,0.5,0.5,0.1,0.6,10,21,17,0.0,0.0,0.0,0.0,0.0,0.08,0.02,0.1,0.08,0.1,Matches
37,38,Arthur Atta,fr FRA,MFFW,Metz,20,2003,21,10,924,10.3,1,2,3,1,0,0,0,0,0.6,0.6,1.3,1.9,16,48,22,0.1,0.19,0.29,0.1,0.29,0.06,0.13,0.18,0.06,0.18,Matches
38,39,Pierre-Emerick Aubameyang,ga GAB,FW,Marseille,34,1989,34,30,2622,29.1,17,8,25,13,4,4,4,0,20.5,17.3,5.6,23.0,68,58,235,0.58,0.27,0.86,0.45,0.72,0.7,0.19,0.9,0.59,0.79,Matches
39,40,André Ayew,gh GHA,FW,Le Havre,33,1989,19,12,1104,12.3,5,0,5,5,0,0,2,1,3.1,3.1,0.8,3.9,14,23,65,0.41,0.0,0.41,0.41,0.41,0.25,0.07,0.32,0.25,0.32,Matches
40,41,Neil El Aynaoui,fr FRA,MF,Lens,22,2001,25,17,1566,17.4,1,2,3,1,0,0,1,0,2.4,2.4,0.8,3.2,25,59,44,0.06,0.11,0.17,0.06,0.17,0.14,0.05,0.19,0.14,0.19,Matches
41,42,Abdellah Baallal,ma MAR,MF,Clermont Foot,18,2004,1,0,4,0.0,0,0,0,0,0,0,0,0,0.0,0.0,0.0,0.0,0,0,0,0.0,0.0,0.0,0.0,0.0,0.0,0.0,0.0,0.0,0.0,Matches
42,43,Shavy Babicka,ga GAB,FWMF,Toulouse,23,2000,12,4,373,4.1,1,0,1,1,0,0,0,0,0.6,0.6,0.1,0.7,17,8,64,0.24,0.0,0.24,0.24,0.24,0.14,0.03,0.17,0.14,0.17,Matches
43,44,Aliou Badara Baldé,gn GUI,FWDF,Nice,20,2002,7,0,69,0.8,0,0,0,0,0,0,0,0,0.1,0.1,0.0,0.1,5,2,8,0.0,0.0,0.0,0.0,0.0,0.17,0.0,0.17,0.17,0.17,Matches
44,45,Tiemoué Bakayoko,fr FRA,MF,Lorient,28,1994,20,15,1314,14.6,2,1,3,2,0,0,5,0,1.7,1.7,0.5,2.2,14,54,15,0.14,0.07,0.21,0.14,0.21,0.12,0.03,0.15,0.12,0.15,Matches
45,46,Dilane Bakwa,fr FRA,FWMF,Strasbourg,20,2002,31,25,2177,24.2,3,6,9,3,0,0,4,1,3.2,3.2,6.2,9.4,94,92,204,0.12,0.25,0.37,0.12,0.37,0.13,0.26,0.39,0.13,0.39,Matches
46,47,Carlos Baleba,cm CMR,MF,Lille,19,2004,2,1,61,0.7,0,0,0,0,0,0,0,0,0.0,0.0,0.0,0.0,1,3,1,0.0,0.0,0.0,0.0,0.0,0.05,0.0,0.05,0.05,0.05,Matches
47,48,Leonardo Balerdi,ar ARG,DF,Marseille,24,1999,27,26,2271,25.2,2,0,2,2,0,0,6,1,0.9,0.9,0.2,1.0,19,122,6,0.08,0.0,0.08,0.08,0.08,0.03,0.01,0.04,0.03,0.04,Matches
48,49,Folarin Balogun,us USA,FW,Monaco,22,2001,29,19,1692,18.8,7,5,12,7,0,3,1,0,11.0,8.5,3.3,11.8,35,30,199,0.37,0.27,0.64,0.37,0.64,0.59,0.18,0.76,0.45,0.63,Matches
49,50,Mohamed Bamba,ci CIV,FW,Lorient,21,2001,16,14,1138,12.6,8,3,11,7,1,1,3,0,6.4,5.6,2.1,7.7,25,16,69,0.63,0.24,0.87,0.55,0.79,0.51,0.16,0.67,0.44,0.61,Matches
50,51,Mamady Bangré,bf BFA,FWMF,Toulouse,22,2001,8,0,101,1.1,0,1,1,0,0,0,2,0,0.1,0.1,0.7,0.8,10,9,12,0.0,0.89,0.89,0.0,0.89,0.12,0.59,0.71,0.12,0.71,Matches
51,52,Bradley Barcola,fr FRA,FW,Lyon,20,2002,3,3,270,3.0,0,0,0,0,0,0,1,0,0.1,0.1,0.3,0.4,11,9,31,0.0,0.0,0.0,0.0,0.0,0.02,0.1,0.12,0.02,0.12,Matches
52,53,Bradley Barcola,fr FRA,FWMF,Paris S-G,20,2002,25,18,1370,15.2,4,7,11,4,0,0,3,1,4.5,4.5,5.2,9.8,93,56,216,0.26,0.46,0.72,0.26,0.72,0.3,0.34,0.64,0.3,0.64,Matches
53,54,Melvin Bard,fr FRA,DF,Nice,22,2000,32,31,2654,29.5,1,2,3,1,0,0,7,1,0.5,0.5,2.8,3.4,60,111,99,0.03,0.07,0.1,0.03,0.1,0.02,0.1,0.11,0.02,0.11,Matches
54,55,Steven Baseya,fr FRA,DF,Strasbourg,18,2005,2,0,6,0.1,0,0,0,0,0,0,0,0,0.0,0.0,0.0,0.0,0,0,0,0.0,0.0,0.0,0.0,0.0,0.0,0.0,0.0,0.0,0.0,Matches
55,56,Mohamed Bechikh,fr FRA,FWMF,Strasbourg,18,2005,2,0,14,0.2,0,0,0,0,0,0,0,0,0.0,0.0,0.0,0.0,0,0,3,0.0,0.0,0.0,0.0,0.0,0.0,0.0,0.0,0.0,0.0,Matches
56,57,Yanis Begraoui,ma MAR,FWMF,Toulouse,22,2001,14,3,300,3.3,0,0,0,0,0,0,0,0,0.4,0.4,0.1,0.5,9,8,30,0.0,0.0,0.0,0.0,0.0,0.12,0.03,0.15,0.12,0.15,Matches
57,58,Jérémie Bela,ao ANG,MFFW,Clermont Foot,30,1993,12,1,203,2.3,0,0,0,0,0,0,0,0,0.2,0.2,0.1,0.3,14,10,33,0.0,0.0,0.0,0.0,0.0,0.1,0.05,0.15,0.1,0.15,Matches
58,59,Reda Belahyane,fr FRA,MF,Nice,19,2004,1,0,27,0.3,0,0,0,0,0,0,0,0,0.0,0.0,0.0,0.0,1,1,0,0.0,0.0,0.0,0.0,0.0,0.0,0.0,0.0,0.0,0.0,Matches
59,60,Alaa Bellaarouch,ma MAR,GK,Strasbourg,21,2002,15,15,1350,15.0,0,0,0,0,0,0,1,0,0.0,0.0,0.0,0.0,0,0,0,0.0,0.0,0.0,0.0,0.0,0.0,0.0,0.0,0.0,0.0,Matches
60,61,Jean-Ricner Bellegarde,fr FRA,MFFW,Strasbourg,25,1998,3,3,269,3.0,2,2,4,2,0,0,2,0,0.6,0.6,1.5,2.1,9,11,10,0.67,0.67,1.34,0.67,1.34,0.19,0.51,0.69,0.19,0.69,Matches
61,62,Jeanuël Belocian,fr FRA,DF,Rennes,18,2005,23,16,1448,16.1,0,1,1,0,0,0,0,0,0.5,0.5,0.4,0.9,16,60,37,0.0,0.06,0.06,0.0,0.06,0.03,0.02,0.06,0.03,0.06,Matches
62,63,Eliesse Ben Seghir,ma MAR,MFFW,Monaco,18,2005,13,4,428,4.8,2,1,3,2,0,0,0,1,0.8,0.8,0.5,1.3,26,21,56,0.42,0.21,0.63,0.42,0.63,0.17,0.1,0.27,0.17,0.27,Matches
63,64,Wissam Ben Yedder,fr FRA,FW,Monaco,32,1990,32,26,2316,25.7,16,2,18,15,1,1,2,0,12.4,11.6,4.3,15.9,52,96,229,0.62,0.08,0.7,0.58,0.66,0.48,0.17,0.65,0.45,0.62,Matches
64,65,Saïd Benrahma,dz ALG,FWMF,Lyon,27,1995,12,10,770,8.6,3,3,6,3,0,0,2,0,1.6,1.6,3.6,5.2,46,34,113,0.35,0.35,0.7,0.35,0.7,0.19,0.42,0.61,0.19,0.61,Matches
65,66,Nabil Bentaleb,dz ALG,MF,Lille,28,1994,26,23,1967,21.9,0,3,3,0,0,0,7,0,0.4,0.4,0.9,1.2,11,136,17,0.0,0.14,0.14,0.0,0.14,0.02,0.04,0.06,0.02,0.06,Matches
66,67,Lucas Beraldo,br BRA,DF,Paris S-G,19,2003,13,12,1008,11.2,1,0,1,1,0,0,4,1,1.0,1.0,0.2,1.2,7,44,2,0.09,0.0,0.09,0.09,0.09,0.09,0.02,0.11,0.09,0.11,Matches
67,68,Dimitry Bertaud,cd COD,GK,Montpellier,25,1998,4,4,360,4.0,0,0,0,0,0,0,0,0,0.0,0.0,0.0,0.0,0,0,0,0.0,0.0,0.0,0.0,0.0,0.0,0.0,0.0,0.0,0.0,Matches
68,69,Marco Bizot,nl NED,GK,Brest,32,1991,32,32,2876,32.0,0,0,0,0,0,0,3,1,0.0,0.0,0.1,0.1,0,1,0,0.0,0.0,0.0,0.0,0.0,0.0,0.0,0.0,0.0,0.0,Matches
69,70,Rubén Blanco,es ESP,GK,Marseille,28,1995,2,1,121,1.3,0,0,0,0,0,0,0,0,0.0,0.0,0.0,0.0,0,2,0,0.0,0.0,0.0,0.0,0.0,0.0,0.0,0.0,0.0,0.0,Matches
70,71,Ludovic Blas,fr FRA,FWMF,Rennes,25,1997,29,18,1563,17.4,4,1,5,3,1,2,3,0,4.7,3.1,1.7,4.8,46,59,157,0.23,0.06,0.29,0.17,0.23,0.27,0.1,0.37,0.18,0.27,Matches
71,72,Myron Boadu,nl NED,FW,Monaco,22,2001,9,0,85,0.9,1,0,1,1,0,0,0,0,0.4,0.4,0.0,0.4,3,1,9,1.06,0.0,1.06,1.06,1.06,0.46,0.0,0.46,0.46,0.46,Matches
72,73,Jeremie Boga,ci CIV,FW,Nice,26,1997,28,24,1998,22.2,6,6,12,6,0,0,1,0,4.3,4.3,4.2,8.5,107,64,170,0.27,0.27,0.54,0.27,0.54,0.19,0.19,0.38,0.19,0.38,Matches
73,74,Adama Bojang,gm GAM,FW,Reims,19,2004,9,0,83,0.9,0,0,0,0,0,0,1,0,1.3,1.3,0.0,1.3,2,1,8,0.0,0.0,0.0,0.0,0.0,1.38,0.05,1.43,1.38,1.43,Matches
74,75,Ângelo Borges,br BRA,FWMF,Strasbourg,18,2004,21,11,1094,12.2,0,3,3,0,0,0,1,0,0.4,0.4,3.3,3.7,50,59,109,0.0,0.25,0.25,0.0,0.25,0.04,0.27,0.31,0.04,0.31,Matches
75,76,Neto Borges,br BRA,DF,Clermont Foot,26,1996,28,28,2516,28.0,0,1,1,0,0,0,3,1,0.5,0.5,2.8,3.4,58,88,165,0.0,0.04,0.04,0.0,0.04,0.02,0.1,0.12,0.02,0.12,Matches
76,77,Saïmon Bouabré,fr FRA,MF,Monaco,17,2006,1,0,45,0.5,0,0,0,0,0,0,0,0,0.0,0.0,0.0,0.0,2,3,5,0.0,0.0,0.0,0.0,0.0,0.0,0.0,0.0,0.0,0.0,Matches
77,78,Ayyoub Bouaddi,fr FRA,MF,Lille,15,2007,9,1,131,1.5,0,0,0,0,0,0,3,1,0.0,0.0,0.0,0.0,1,12,2,0.0,0.0,0.0,0.0,0.0,0.0,0.01,0.01,0.0,0.01,Matches
78,79,Badredine Bouanani,dz ALG,FW,Nice,18,2004,7,1,161,1.8,0,0,0,0,0,0,0,0,0.2,0.2,0.5,0.7,10,2,24,0.0,0.0,0.0,0.0,0.0,0.12,0.26,0.37,0.12,0.37,Matches
79,80,Badredine Bouanani,dz ALG,MF,Lorient,18,2004,11,4,443,4.9,1,0,1,1,0,0,0,0,1.4,1.4,0.9,2.3,30,32,27,0.2,0.0,0.2,0.2,0.2,0.28,0.18,0.46,0.28,0.46,Matches
80,81,Mohamed Bouchenna,fr FRA,MFFW,Clermont Foot,17,2006,2,0,29,0.3,0,0,0,0,0,0,1,0,0.1,0.1,0.2,0.3,0,1,3,0.0,0.0,0.0,0.0,0.0,0.19,0.65,0.85,0.19,0.85,Matches
81,82,Hicham Boudaoui,dz ALG,MF,Nice,23,1999,29,17,1613,17.9,2,0,2,2,0,0,5,0,3.3,3.3,1.8,5.1,28,78,58,0.11,0.0,0.11,0.11,0.11,0.19,0.1,0.29,0.19,0.29,Matches
82,83,Benjamin Bourigeaud,fr FRA,MFFW,Rennes,29,1994,32,29,2425,26.9,9,6,15,2,7,7,1,0,9.9,4.4,6.7,11.1,27,178,139,0.33,0.22,0.56,0.07,0.3,0.37,0.25,0.62,0.16,0.41,Matches
83,84,Bilal Boutobba,fr FRA,FWMF,Clermont Foot,24,1998,27,10,926,10.3,1,1,2,1,0,0,1,0,2.0,2.0,1.7,3.7,38,43,86,0.1,0.1,0.19,0.1,0.19,0.2,0.17,0.36,0.2,0.36,Matches
84,85,Hugo Boutsingkham,fr FRA,MFFW,Nantes,20,2003,2,0,11,0.1,0,0,0,0,0,0,0,0,0.0,0.0,0.0,0.0,0,0,0,0.0,0.0,0.0,0.0,0.0,0.0,0.0,0.0,0.0,0.0,Matches
85,86,Bilal Brahimi,dz ALG,FW,Nice,23,2000,2,0,11,0.1,0,0,0,0,0,0,0,0,0.0,0.0,0.1,0.1,1,0,6,0.0,0.0,0.0,0.0,0.0,0.0,0.58,0.58,0.0,0.58,Matches
86,87,Bilal Brahimi,dz ALG,FWMF,Brest,23,2000,18,1,221,2.5,0,0,0,0,0,0,1,1,0.1,0.1,0.3,0.4,15,9,39,0.0,0.0,0.0,0.0,0.0,0.04,0.1,0.15,0.04,0.15,Matches
87,88,Lilian Brassier,fr FRA,DF,Brest,23,1999,30,30,2677,29.7,3,0,3,3,0,0,11,1,1.1,1.1,0.6,1.6,20,121,5,0.1,0.0,0.1,0.1,0.1,0.04,0.02,0.06,0.04,0.06,Matches
88,89,Maxime Busi,be BEL,FWDF,Reims,23,1999,5,1,162,1.8,0,0,0,0,0,0,1,0,0.2,0.2,0.2,0.4,3,3,12,0.0,0.0,0.0,0.0,0.0,0.1,0.11,0.21,0.1,0.21,Matches
89,90,Marcin Bułka,pl POL,GK,Nice,23,1999,34,34,3060,34.0,0,0,0,0,0,0,2,0,0.1,0.1,0.0,0.1,0,0,0,0.0,0.0,0.0,0.0,0.0,0.0,0.0,0.0,0.0,0.0,Matches
90,91,Rémy Cabella,fr FRA,FWMF,Lille,33,1990,30,14,1477,16.4,2,2,4,2,0,0,0,0,5.2,5.2,3.3,8.5,72,106,160,0.12,0.12,0.24,0.12,0.24,0.32,0.2,0.52,0.32,0.52,Matches
91,92,Duje Ćaleta-Car,hr CRO,DF,Lyon,26,1996,24,22,1993,22.1,0,0,0,0,0,0,2,1,0.5,0.5,1.0,1.5,5,61,1,0.0,0.0,0.0,0.0,0.0,0.02,0.05,0.07,0.02,0.07,Matches
92,93,Lamine Camara,sn SEN,MF,Metz,19,2004,31,26,2255,25.1,1,4,5,1,0,1,3,0,2.2,1.4,3.3,4.7,23,97,69,0.04,0.16,0.2,0.04,0.2,0.09,0.13,0.22,0.06,0.19,Matches
93,94,Mahdi Camara,fr FRA,MF,Brest,25,1998,32,26,2020,22.4,7,3,10,6,1,1,7,0,4.9,4.1,3.1,7.1,37,81,129,0.31,0.13,0.45,0.27,0.4,0.22,0.14,0.35,0.18,0.32,Matches
94,95,Mohamed Camara,ml MLI,MF,Monaco,23,2000,20,14,1035,11.5,1,2,3,0,1,1,4,0,1.5,0.7,0.6,1.3,14,76,22,0.09,0.17,0.26,0.0,0.17,0.13,0.06,0.18,0.06,0.11,Matches
95,96,Axel Camblan,fr FRA,FW,Brest,19,2003,7,0,90,1.0,0,0,0,0,0,0,2,0,0.2,0.2,0.0,0.3,5,1,8,0.0,0.0,0.0,0.0,0.0,0.25,0.05,0.29,0.25,0.29,Matches
96,97,Fali Candé,gw GNB,DF,Metz,25,1998,25,20,1849,20.5,0,1,1,0,0,0,4,0,0.8,0.8,0.5,1.3,4,38,3,0.0,0.05,0.05,0.0,0.05,0.04,0.02,0.06,0.04,0.06,Matches
97,98,Gino Caoki,fr FRA,MF,Lorient,19,2004,1,0,7,0.1,0,0,0,0,0,0,0,0,0.0,0.0,0.0,0.0,1,0,0,0.0,0.0,0.0,0.0,0.0,0.0,0.0,0.0,0.0,0.0,Matches
98,99,Maxence Caqueret,fr FRA,MF,Lyon,23,2000,34,34,3022,33.6,1,3,4,1,0,0,1,0,2.1,2.1,6.0,8.1,70,286,96,0.03,0.09,0.12,0.03,0.12,0.06,0.18,0.24,0.06,0.24,Matches
99,100,Igor Carioca,br BRA,DFMF,Lorient,26,1996,5,2,262,2.9,0,0,0,0,0,0,2,0,0.0,0.0,0.3,0.3,6,8,16,0.0,0.0,0.0,0.0,0.0,0.01,0.09,0.1,0.01,0.1,Matches
100,101,Antonin Cartillier,fr FRA,DF,Monaco,19,2004,1,0,8,0.1,0,0,0,0,0,0,0,0,0.0,0.0,0.0,0.0,1,0,0,0.0,0.0,0.0,0.0,0.0,0.0,0.0,0.0,0.0,0.0,Matches
101,102,Josué Casimir,fr FRA,FWDF,Le Havre,21,2001,30,25,2016,22.4,0,5,5,0,0,0,6,0,1.9,1.9,4.3,6.3,59,62,138,0.0,0.22,0.22,0.0,0.22,0.09,0.19,0.28,0.09,0.28,Matches
102,103,Cristian Cásseres Jr.,ve VEN,MF,Toulouse,23,2000,32,23,1946,21.6,1,3,4,1,0,0,1,0,1.1,1.1,1.7,2.8,14,87,52,0.05,0.14,0.18,0.05,0.18,0.05,0.08,0.13,0.05,0.13,Matches
103,104,Jean-Charles Castelletto,cm CMR,DF,Nantes,28,1995,28,28,2464,27.4,2,0,2,2,0,0,5,0,0.6,0.6,0.8,1.4,24,100,31,0.07,0.0,0.07,0.07,0.07,0.02,0.03,0.05,0.02,0.05,Matches
104,105,Maximiliano Caufriez,be BEL,DF,Clermont Foot,26,1997,20,20,1659,18.4,0,1,1,0,0,0,6,3,0.4,0.4,0.2,0.6,24,61,11,0.0,0.05,0.05,0.0,0.05,0.02,0.01,0.03,0.02,0.03,Matches
105,106,Ivan Cavaleiro,pt POR,FW,Lille,29,1993,17,9,770,8.6,1,1,2,1,0,0,1,0,1.3,1.3,1.2,2.5,18,23,77,0.12,0.12,0.23,0.12,0.23,0.15,0.15,0.29,0.15,0.29,Matches
106,107,Fabien Centonze,fr FRA,DF,Nantes,27,1996,3,1,94,1.0,0,0,0,0,0,0,1,0,0.0,0.0,0.0,0.0,5,1,5,0.0,0.0,0.0,0.0,0.0,0.0,0.0,0.0,0.0,0.0,Matches
107,108,Fares Chaïbi,dz ALG,FWMF,Toulouse,20,2002,2,0,58,0.6,0,1,1,0,0,0,1,0,0.0,0.0,0.2,0.2,2,5,12,0.0,1.55,1.55,0.0,1.55,0.0,0.29,0.29,0.0,0.29,Matches
108,109,Muhammed Cham,at AUT,MFFW,Clermont Foot,22,2000,33,29,2554,28.4,8,4,12,4,4,5,4,0,9.4,5.5,3.1,8.7,71,161,142,0.28,0.14,0.42,0.14,0.28,0.33,0.11,0.44,0.19,0.31,Matches
109,110,Brendan Chardonnet,fr FRA,DF,Brest,28,1994,33,33,2970,33.0,1,1,2,1,0,0,4,0,1.5,1.5,1.6,3.1,25,115,8,0.03,0.03,0.06,0.03,0.06,0.04,0.05,0.09,0.04,0.09,Matches
110,111,Jhoanner Chávez,ec ECU,DF,Lens,21,2002,8,6,481,5.3,0,0,0,0,0,0,1,0,0.3,0.3,0.5,0.8,4,15,19,0.0,0.0,0.0,0.0,0.0,0.06,0.08,0.14,0.06,0.14,Matches
111,112,Rayan Cherki,fr FRA,MFFW,Lyon,19,2003,33,19,1719,19.1,1,6,7,1,0,0,0,0,5.2,5.2,4.2,9.4,93,138,182,0.05,0.31,0.37,0.05,0.37,0.27,0.22,0.49,0.27,0.49,Matches
112,113,Lucas Chevalier,fr FRA,GK,Lille,21,2001,33,33,2969,33.0,0,0,0,0,0,0,1,0,0.0,0.0,0.1,0.1,0,2,0,0.0,0.0,0.0,0.0,0.0,0.0,0.0,0.0,0.0,0.0,Matches
113,114,Pedro Chirivella,es ESP,MF,Nantes,26,1997,32,31,2594,28.8,1,1,2,1,0,0,5,0,1.5,1.5,1.1,2.6,10,192,55,0.03,0.03,0.07,0.03,0.07,0.05,0.04,0.09,0.05,0.09,Matches
114,115,Joris Chotard,fr FRA,MF,Montpellier,21,2001,31,30,2587,28.7,0,3,3,0,0,0,5,0,0.6,0.6,1.9,2.6,12,111,40,0.0,0.1,0.1,0.0,0.1,0.02,0.07,0.09,0.02,0.09,Matches
115,116,Djaoui Cissé,fr FRA,MF,Rennes,19,2004,2,0,4,0.0,0,0,0,0,0,0,0,0,0.0,0.0,0.0,0.0,0,0,1,0.0,0.0,0.0,0.0,0.0,0.0,0.0,0.0,0.0,0.0,Matches
116,117,Ibrahim Cissoko,nl NED,FWMF,Toulouse,20,2003,11,2,241,2.7,1,1,2,1,0,0,1,0,0.8,0.8,0.4,1.2,21,12,39,0.37,0.37,0.75,0.37,0.75,0.29,0.16,0.45,0.29,0.45,Matches
117,118,Alexis Claude-Maurice,fr FRA,MF,Nice,25,1998,18,4,504,5.6,0,0,0,0,0,0,1,0,0.8,0.8,0.3,1.0,15,21,25,0.0,0.0,0.0,0.0,0.0,0.13,0.05,0.19,0.13,0.19,Matches
118,119,Jonathan Clauss,fr FRA,DF,Marseille,30,1992,27,25,2068,23.0,3,4,7,3,0,0,2,1,1.3,1.3,4.6,5.9,59,137,172,0.13,0.17,0.3,0.13,0.3,0.06,0.2,0.26,0.06,0.26,Matches
119,120,Marcus Coco,fr FRA,DFFW,Nantes,27,1996,28,18,1481,16.5,1,0,1,1,0,0,2,0,0.8,0.8,1.0,1.8,28,55,65,0.06,0.0,0.06,0.06,0.06,0.05,0.06,0.11,0.05,0.11,Matches
120,121,Maxime Colin,fr FRA,DF,Metz,31,1991,22,22,1832,20.4,0,0,0,0,0,0,3,0,0.3,0.3,0.4,0.7,23,67,22,0.0,0.0,0.0,0.0,0.0,0.02,0.02,0.04,0.02,0.04,Matches
121,122,Eray Cömert,ch SUI,DF,Nantes,25,1998,25,23,1995,22.2,2,0,2,2,0,0,5,0,0.7,0.7,0.2,0.8,7,57,3,0.09,0.0,0.09,0.09,0.09,0.03,0.01,0.04,0.03,0.04,Matches
122,123,Alois Confais,fr FRA,MFFW,Le Havre,26,1996,2,0,7,0.1,0,0,0,0,0,0,0,0,0.0,0.0,0.0,0.0,0,0,0,0.0,0.0,0.0,0.0,0.0,0.0,0.0,0.0,0.0,0.0,Matches
123,124,Joaquín Correa,ar ARG,FWMF,Marseille,28,1994,12,6,430,4.8,0,0,0,0,0,0,2,0,0.6,0.6,0.7,1.4,9,25,57,0.0,0.0,0.0,0.0,0.0,0.13,0.16,0.29,0.13,0.29,Matches
124,125,Oscar Cortés,co COL,FWMF,Lens,19,2003,4,0,44,0.5,1,1,2,1,0,0,0,0,0.5,0.5,0.7,1.1,1,2,8,2.05,2.05,4.09,2.05,4.09,0.93,1.41,2.35,0.93,2.35,Matches
125,126,David Pereira da Costa,pt POR,MF,Lens,22,2001,25,17,1494,16.6,4,2,6,4,0,0,3,0,3.0,3.0,3.5,6.5,53,73,101,0.24,0.12,0.36,0.24,0.36,0.18,0.21,0.39,0.18,0.39,Matches
126,127,Logan Costa,cv CPV,DF,Toulouse,22,2001,31,29,2650,29.4,1,1,2,1,0,0,6,0,1.4,1.4,0.6,2.0,19,145,14,0.03,0.03,0.07,0.03,0.07,0.05,0.02,0.07,0.05,0.07,Matches
127,128,Grégoire Coudert,fr FRA,GK,Brest,24,1999,3,2,181,2.0,0,0,0,0,0,0,0,0,0.0,0.0,0.0,0.0,0,0,0,0.0,0.0,0.0,0.0,0.0,0.0,0.0,0.0,0.0,0.0,Matches
128,129,Mamadou Coulibaly,fr FRA,MF,Monaco,19,2004,5,1,118,1.3,0,0,0,0,0,0,0,0,0.2,0.2,0.1,0.2,2,5,7,0.0,0.0,0.0,0.0,0.0,0.13,0.04,0.18,0.13,0.18,Matches
129,130,Tanguy Coulibaly,fr FRA,FWMF,Montpellier,22,2001,16,7,623,6.9,1,0,1,1,0,0,2,0,2.6,2.6,0.8,3.3,27,13,48,0.14,0.0,0.14,0.14,0.14,0.37,0.11,0.48,0.37,0.48,Matches
130,131,Nicolas Cozza,fr FRA,DF,Nantes,24,1999,13,10,895,9.9,0,0,0,0,0,0,2,0,0.7,0.7,0.6,1.2,11,20,30,0.0,0.0,0.0,0.0,0.0,0.07,0.06,0.13,0.07,0.13,Matches
131,132,Trévis Dago,ci CIV,FWMF,Lille,18,2005,4,0,23,0.3,0,1,1,0,0,0,1,0,0.0,0.0,0.4,0.5,1,0,1,0.0,3.91,3.91,0.0,3.91,0.16,1.63,1.78,0.16,1.78,Matches
132,133,Thijs Dallinga,nl NED,FW,Toulouse,22,2000,33,28,2510,27.9,14,2,16,13,1,3,6,0,14.1,11.8,1.2,13.0,32,38,164,0.5,0.07,0.57,0.47,0.54,0.51,0.04,0.55,0.42,0.47,Matches
133,134,Kevin Danso,at AUT,DF,Lens,24,1998,30,30,2655,29.5,1,0,1,1,0,0,6,0,1.8,1.8,0.4,2.2,27,133,3,0.03,0.0,0.03,0.03,0.03,0.06,0.01,0.07,0.06,0.07,Matches
134,135,Dante,br BRA,DF,Nice,39,1983,32,32,2843,31.6,1,1,2,1,0,0,5,1,0.9,0.9,1.0,2.0,13,185,6,0.03,0.03,0.06,0.03,0.06,0.03,0.03,0.06,0.03,0.06,Matches
135,136,Raimane Daou,km COM,DFMF,Marseille,18,2004,1,0,25,0.3,0,0,0,0,0,0,0,0,0.0,0.0,0.0,0.0,0,0,1,0.0,0.0,0.0,0.0,0.0,0.0,0.0,0.0,0.0,0.0,Matches
136,137,Mohammed Daramy,dk DEN,FWMF,Reims,21,2002,25,19,1648,18.3,4,5,9,3,1,1,0,0,4.6,3.8,2.4,6.2,72,69,162,0.22,0.27,0.49,0.16,0.44,0.25,0.13,0.38,0.21,0.34,Matches
137,138,Achraf Dari,ma MAR,DFFW,Brest,24,1999,4,1,121,1.3,0,0,0,0,0,0,0,0,0.0,0.0,0.0,0.0,0,8,0,0.0,0.0,0.0,0.0,0.0,0.04,0.0,0.04,0.04,0.04,Matches
138,139,Jonathan David,ca CAN,FW,Lille,23,2000,34,30,2629,29.2,19,4,23,17,2,3,4,0,17.5,15.0,3.3,18.3,47,79,198,0.65,0.14,0.79,0.58,0.72,0.6,0.11,0.71,0.51,0.63,Matches
139,140,Thibault De Smet,be BEL,DF,Reims,25,1998,27,22,1831,20.3,0,0,0,0,0,0,7,1,0.3,0.3,0.8,1.1,23,104,66,0.0,0.0,0.0,0.0,0.0,0.01,0.04,0.05,0.01,0.05,Matches
140,141,Romain Del Castillo,fr FRA,FW,Brest,27,1996,33,30,2497,27.7,8,8,16,5,3,3,4,0,5.2,2.9,9.9,12.8,101,155,287,0.29,0.29,0.58,0.18,0.47,0.19,0.36,0.55,0.1,0.46,Matches
141,142,Thomas Delaine,fr FRA,DFMF,Strasbourg,31,1992,27,24,2044,22.7,1,1,2,1,0,0,5,0,1.7,1.7,3.6,5.3,63,52,151,0.04,0.04,0.09,0.04,0.09,0.07,0.16,0.23,0.07,0.23,Matches
142,143,Sacha Delaye,fr FRA,MFFW,Montpellier,21,2002,9,0,130,1.4,0,0,0,0,0,0,1,0,0.3,0.3,0.1,0.4,2,4,8,0.0,0.0,0.0,0.0,0.0,0.23,0.07,0.3,0.23,0.3,Matches
143,144,Karamoko Dembele,sct SCO,MFFW,Brest,20,2003,1,0,16,0.2,0,0,0,0,0,0,0,0,0.0,0.0,0.0,0.0,0,1,3,0.0,0.0,0.0,0.0,0.0,0.0,0.0,0.0,0.0,0.0,Matches
144,145,Ousmane Dembélé,fr FRA,MFFW,Paris S-G,26,1997,26,17,1506,16.7,3,8,11,3,0,0,0,0,4.4,4.4,6.7,11.1,160,133,247,0.18,0.48,0.66,0.18,0.66,0.26,0.4,0.67,0.26,0.67,Matches
145,146,Jessy Deminguet,fr FRA,MFFW,Strasbourg,25,1998,18,9,690,7.7,0,0,0,0,0,0,1,0,0.3,0.3,0.4,0.7,7,24,13,0.0,0.0,0.0,0.0,0.0,0.03,0.06,0.09,0.03,0.09,Matches
146,147,Rémy Descamps,fr FRA,GK,Nantes,27,1996,6,6,540,6.0,0,0,0,0,0,0,1,0,0.0,0.0,0.0,0.0,0,0,0,0.0,0.0,0.0,0.0,0.0,0.0,0.0,0.0,0.0,0.0,Matches
147,148,Mikkel Desler,dk DEN,DF,Toulouse,28,1995,24,19,1544,17.2,0,1,1,0,0,0,2,0,1.1,1.0,0.7,1.7,30,81,96,0.0,0.06,0.06,0.0,0.06,0.06,0.04,0.1,0.06,0.1,Matches
148,149,Arthur Desmas,fr FRA,GK,Le Havre,29,1994,33,33,2970,33.0,0,0,0,0,0,0,2,0,0.0,0.0,0.4,0.4,0,0,0,0.0,0.0,0.0,0.0,0.0,0.0,0.01,0.01,0.0,0.01,Matches
149,150,Lamine Diack,sn SEN,MF,Nantes,22,2000,1,0,1,0.0,0,0,0,0,0,0,0,0,0.0,0.0,0.0,0.0,0,0,0,0.0,0.0,0.0,0.0,0.0,0.0,0.0,0.0,0.0,0.0,Matches
150,151,Mamadou Diakhon,fr FRA,FWMF,Reims,17,2005,11,1,209,2.3,0,0,0,0,0,0,0,0,0.0,0.0,0.2,0.3,11,1,16,0.0,0.0,0.0,0.0,0.0,0.01,0.1,0.11,0.01,0.11,Matches
151,152,Bafodé Diakité,fr FRA,DF,Lille,22,2001,21,19,1696,18.8,5,2,7,5,0,0,4,0,2.0,2.0,1.4,3.5,15,95,16,0.27,0.11,0.37,0.27,0.37,0.11,0.08,0.19,0.11,0.19,Matches
152,153,Ibrahim Diakité,gn GUI,DF,Reims,19,2003,5,1,109,1.2,0,0,0,0,0,0,0,0,0.0,0.0,0.2,0.2,7,7,9,0.0,0.0,0.0,0.0,0.0,0.0,0.16,0.16,0.0,0.16,Matches
153,154,Oumar Diakité,ci CIV,FW,Reims,19,2003,28,18,1585,17.6,5,1,6,5,0,1,4,0,7.0,6.2,1.3,7.5,29,28,107,0.28,0.06,0.34,0.28,0.34,0.4,0.07,0.47,0.35,0.43,Matches
154,155,Habib Diarra,sn SEN,MFFW,Strasbourg,19,2004,31,28,2305,25.6,3,1,4,2,1,1,3,0,3.4,2.7,1.3,3.9,59,107,88,0.12,0.04,0.16,0.08,0.12,0.13,0.05,0.18,0.1,0.15,Matches
155,156,Moussa Diarra,ml MLI,DF,Toulouse,22,2000,22,15,1397,15.5,1,2,3,1,0,0,5,0,0.5,0.5,1.1,1.6,18,70,12,0.06,0.13,0.19,0.06,0.19,0.03,0.07,0.1,0.03,0.1,Matches
156,157,Krépin Diatta,sn SEN,DFFW,Monaco,24,1999,26,12,1206,13.4,0,2,2,0,0,0,2,0,0.5,0.5,1.8,2.3,48,80,95,0.0,0.15,0.15,0.0,0.15,0.04,0.13,0.17,0.04,0.17,Matches
157,158,Mory Diaw,sn SEN,GK,Clermont Foot,30,1993,30,30,2700,30.0,0,0,0,0,0,0,3,0,0.0,0.0,0.1,0.1,0,1,0,0.0,0.0,0.0,0.0,0.0,0.0,0.0,0.0,0.0,0.0,Matches
158,159,Mahamadou Diawara,fr FRA,MF,Lyon,18,2005,11,4,358,4.0,0,0,0,0,0,0,2,0,0.7,0.7,0.1,0.9,13,20,14,0.0,0.0,0.0,0.0,0.0,0.19,0.03,0.22,0.19,0.22,Matches
159,160,Bamba Dieng,sn SEN,FW,Lorient,23,2000,16,5,549,6.1,4,1,5,4,0,0,3,0,3.2,3.2,1.6,4.8,5,4,44,0.66,0.16,0.82,0.66,0.82,0.53,0.27,0.79,0.53,0.79,Matches
160,161,Guillaume Dietsch,fr FRA,GK,Metz,22,2001,1,0,73,0.8,0,0,0,0,0,0,0,0,0.0,0.0,0.0,0.0,0,0,0,0.0,0.0,0.0,0.0,0.0,0.0,0.0,0.0,0.0,0.0,Matches
161,162,Sinaly Diomande,ci CIV,DF,Lyon,22,2001,10,10,889,9.9,0,0,0,0,0,0,2,0,1.0,1.0,0.7,1.7,5,43,0,0.0,0.0,0.0,0.0,0.0,0.1,0.07,0.17,0.1,0.17,Matches
162,163,Edan Diop,fr FRA,MFDF,Monaco,18,2004,10,0,163,1.8,0,0,0,0,0,0,3,0,0.0,0.0,0.0,0.0,4,7,11,0.0,0.0,0.0,0.0,0.0,0.0,0.0,0.0,0.0,0.0,Matches
163,164,Sofiane Diop,fr FRA,FW,Nice,23,2000,10,6,499,5.5,0,0,0,0,0,0,0,0,1.2,1.2,0.8,2.0,20,17,43,0.0,0.0,0.0,0.0,0.0,0.22,0.14,0.36,0.22,0.36,Matches
164,165,Andy Diouf,fr FRA,MF,Lens,20,2003,25,16,1314,14.6,1,0,1,1,0,0,2,0,1.5,1.5,1.1,2.6,63,80,55,0.07,0.0,0.07,0.07,0.07,0.1,0.08,0.18,0.1,0.18,Matches
165,166,Yehvann Diouf,fr FRA,GK,Reims,23,1999,34,34,3060,34.0,0,0,0,0,0,0,1,0,0.0,0.0,0.0,0.0,0,3,0,0.0,0.0,0.0,0.0,0.0,0.0,0.0,0.0,0.0,0.0,Matches
166,167,Chaim El Djebali,tn TUN,MF,Lyon,19,2004,1,0,12,0.1,0,0,0,0,0,0,0,0,0.0,0.0,0.0,0.0,1,2,0,0.0,0.0,0.0,0.0,0.0,0.0,0.0,0.0,0.0,0.0,Matches
167,168,Jeremy Doku,be BEL,FW,Rennes,21,2002,2,1,111,1.2,1,0,1,1,0,0,0,0,0.6,0.6,0.2,0.8,11,5,19,0.81,0.0,0.81,0.81,0.81,0.48,0.16,0.64,0.48,0.64,Matches
168,169,Gianluigi Donnarumma,it ITA,GK,Paris S-G,24,1999,25,25,2169,24.1,0,0,0,0,0,0,3,1,0.0,0.0,0.0,0.0,0,0,0,0.0,0.0,0.0,0.0,0.0,0.0,0.0,0.0,0.0,0.0,Matches
169,170,Siriné Doucouré,ml MLI,FW,Lorient,21,2002,11,5,423,4.7,1,3,4,1,0,0,2,0,0.9,0.9,1.3,2.2,14,5,35,0.21,0.64,0.85,0.21,0.85,0.2,0.28,0.47,0.2,0.47,Matches
170,171,Désiré Doué,fr FRA,MFFW,Rennes,18,2005,31,17,1626,18.1,4,4,8,4,0,0,3,0,2.4,2.4,3.7,6.1,78,121,172,0.22,0.22,0.44,0.22,0.44,0.13,0.21,0.34,0.13,0.34,Matches
171,172,Guela Doué,ci CIV,DF,Rennes,20,2002,24,13,1234,13.7,0,2,2,0,0,0,1,1,0.5,0.5,1.1,1.6,41,53,85,0.0,0.15,0.15,0.0,0.15,0.04,0.08,0.12,0.04,0.12,Matches
172,173,Douglas,br BRA,MF,Nantes,26,1997,25,22,1772,19.7,0,0,0,0,0,0,7,0,1.2,1.2,1.1,2.3,12,105,18,0.0,0.0,0.0,0.0,0.0,0.06,0.06,0.12,0.06,0.12,Matches
173,174,Ismaël Doukouré,fr FRA,MFDF,Strasbourg,20,2003,22,19,1656,18.4,0,0,0,0,0,0,4,0,0.3,0.3,0.2,0.5,15,80,7,0.0,0.0,0.0,0.0,0.0,0.02,0.01,0.03,0.02,0.03,Matches
174,175,Kamory Doumbia,ml MLI,MF,Brest,20,2003,25,7,879,9.8,6,5,11,6,0,0,1,0,4.2,4.2,0.9,5.0,22,48,43,0.61,0.51,1.13,0.61,1.13,0.43,0.09,0.52,0.43,0.52,Matches
175,176,Jean-Kevin Duverne,ht HAI,DF,Nantes,26,1997,19,15,1348,15.0,0,0,0,0,0,0,5,0,0.3,0.3,0.2,0.5,18,64,23,0.0,0.0,0.0,0.0,0.0,0.02,0.01,0.03,0.02,0.03,Matches
176,177,Aron Dønnum,no NOR,FWMF,Toulouse,25,1998,27,19,1595,17.7,0,1,1,0,0,0,8,0,1.0,1.0,2.1,3.1,69,66,120,0.0,0.06,0.06,0.0,0.06,0.06,0.12,0.18,0.06,0.18,Matches
177,178,Simon Ebonog,cm CMR,MF,Le Havre,18,2004,4,0,20,0.2,0,0,0,0,0,0,0,0,0.0,0.0,0.0,0.0,0,1,0,0.0,0.0,0.0,0.0,0.0,0.0,0.0,0.0,0.0,0.0,Matches
178,179,Hugo Ekitike,fr FRA,FW,Paris S-G,21,2002,1,0,9,0.1,0,0,0,0,0,0,0,0,0.0,0.0,0.0,0.0,0,1,3,0.0,0.0,0.0,0.0,0.0,0.0,0.3,0.3,0.0,0.3,Matches
179,180,Simon Elisor,fr FRA,FW,Metz,24,1999,14,9,767,8.5,1,0,1,1,0,1,1,0,2.3,1.5,0.9,2.4,9,14,43,0.12,0.0,0.12,0.12,0.12,0.27,0.11,0.38,0.18,0.29,Matches
180,181,Breel Embolo,ch SUI,FW,Monaco,26,1997,5,2,182,2.0,1,0,1,1,0,0,0,0,0.7,0.7,0.1,0.8,8,7,20,0.49,0.0,0.49,0.49,0.49,0.35,0.06,0.41,0.35,0.41,Matches
181,182,Emanuel Emegha,nl NED,FW,Strasbourg,20,2003,28,23,2078,23.1,8,1,9,8,0,1,3,0,10.8,10.0,0.4,10.4,24,11,115,0.35,0.04,0.39,0.35,0.39,0.47,0.02,0.49,0.43,0.45,Matches
182,183,Maxime Estève,fr FRA,DF,Montpellier,21,2002,12,12,995,11.1,1,1,2,1,0,0,2,0,0.2,0.2,0.3,0.5,8,23,10,0.09,0.09,0.18,0.09,0.18,0.02,0.02,0.04,0.02,0.04,Matches
183,184,Oscar Estupiñan,co COL,FW,Metz,26,1996,6,4,260,2.9,0,0,0,0,0,0,0,0,0.5,0.5,0.0,0.5,5,2,8,0.0,0.0,0.0,0.0,0.0,0.18,0.01,0.18,0.18,0.18,Matches
184,185,Romain Faivre,fr FRA,MFFW,Lorient,25,1998,17,16,1453,16.1,5,1,6,5,0,0,1,0,2.8,2.8,1.7,4.5,68,102,78,0.31,0.06,0.37,0.31,0.37,0.17,0.1,0.28,0.17,0.28,Matches
185,186,Ilhan Fakili,fr FRA,MFFW,Clermont Foot,17,2006,3,1,94,1.0,0,0,0,0,0,0,0,0,0.2,0.2,0.0,0.2,2,4,7,0.0,0.0,0.0,0.0,0.0,0.17,0.03,0.2,0.17,0.2,Matches
186,187,Khalil Fayad,fr FRA,FWMF,Montpellier,19,2004,23,11,1025,11.4,3,0,3,3,0,0,2,0,1.9,1.9,0.5,2.4,18,35,47,0.26,0.0,0.26,0.26,0.26,0.17,0.04,0.21,0.17,0.21,Matches
187,188,Ichem Ferrah,fr FRA,FW,Lille,17,2005,1,0,3,0.0,0,0,0,0,0,0,0,0,0.0,0.0,0.0,0.0,0,0,2,0.0,0.0,0.0,0.0,0.0,0.0,0.0,0.0,0.0,0.0,Matches
188,189,Jordan Ferri,fr FRA,MF,Montpellier,31,1992,30,23,2031,22.6,1,1,2,1,0,0,6,0,0.6,0.6,1.9,2.5,37,173,68,0.04,0.04,0.09,0.04,0.09,0.03,0.09,0.11,0.03,0.11,Matches
189,190,Malick Fofana,be BEL,FW,Lyon,18,2005,17,4,559,6.2,3,0,3,3,0,0,0,0,1.8,1.8,0.5,2.4,26,10,60,0.48,0.0,0.48,0.48,0.48,0.29,0.09,0.38,0.29,0.38,Matches
190,191,Youssouf Fofana,fr FRA,MF,Monaco,24,1999,32,31,2697,30.0,4,4,8,4,0,0,3,0,5.0,5.0,3.4,8.4,53,249,86,0.13,0.13,0.27,0.13,0.27,0.17,0.11,0.28,0.17,0.28,Matches
191,192,Thomas Foket,be BEL,DF,Reims,28,1994,27,22,1833,20.4,0,1,1,0,0,0,9,1,0.2,0.2,0.9,1.1,24,65,84,0.0,0.05,0.05,0.0,0.05,0.01,0.04,0.05,0.01,0.05,Matches
192,193,Tiago Fonseca Morais,pt POR,FW,Lille,19,2003,3,0,46,0.5,0,0,0,0,0,0,0,0,0.4,0.4,0.0,0.4,3,3,2,0.0,0.0,0.0,0.0,0.0,0.7,0.0,0.7,0.7,0.7,Matches
193,194,Przemysław Frankowski,pl POL,DF,Lens,28,1995,30,24,2192,24.4,3,2,5,2,1,2,4,0,3.7,2.1,3.8,5.9,56,112,210,0.12,0.08,0.21,0.08,0.16,0.15,0.16,0.31,0.09,0.24,Matches
194,195,Jean Frederic N'Guessan,ci CIV,MFFW,Metz,20,2003,6,1,110,1.2,0,0,0,0,0,0,0,0,0.1,0.1,0.0,0.1,1,5,2,0.0,0.0,0.0,0.0,0.0,0.07,0.0,0.07,0.07,0.07,Matches
195,196,Angelo Fulgini,fr FRA,MF,Lens,26,1996,29,16,1376,15.3,1,2,3,1,0,0,1,0,3.2,3.2,3.2,6.4,35,74,117,0.07,0.13,0.2,0.07,0.2,0.21,0.21,0.42,0.21,0.42,Matches
196,197,Kévin Gameiro,fr FRA,FWMF,Strasbourg,36,1987,27,15,1346,15.0,4,2,6,2,2,2,0,0,3.4,1.9,2.7,4.6,26,44,81,0.27,0.13,0.4,0.13,0.27,0.23,0.18,0.41,0.12,0.31,Matches
197,198,Ignatius Ganago,cm CMR,FWMF,Nantes,24,1999,6,2,184,2.0,0,0,0,0,0,0,0,0,0.4,0.4,0.6,1.0,7,5,26,0.0,0.0,0.0,0.0,0.0,0.21,0.27,0.49,0.21,0.49,Matches
198,199,Ulisses Garcia,ch SUI,DF,Marseille,27,1996,13,10,906,10.1,0,0,0,0,0,0,0,0,0.5,0.5,0.9,1.4,21,52,66,0.0,0.0,0.0,0.0,0.0,0.05,0.09,0.14,0.05,0.14,Matches
199,200,Johan Gastien,fr FRA,MF,Clermont Foot,35,1988,28,28,2260,25.1,0,0,0,0,0,0,7,0,0.3,0.3,2.4,2.7,21,168,21,0.0,0.0,0.0,0.0,0.0,0.01,0.1,0.11,0.01,0.11,Matches
200,201,Yann Gboho,fr FRA,MFFW,Toulouse,22,2001,16,13,1193,13.3,3,2,5,3,0,0,1,0,1.2,1.2,1.7,2.9,65,48,97,0.23,0.15,0.38,0.23,0.38,0.09,0.13,0.22,0.09,0.22,Matches
201,202,Gelabert,es ESP,MFFW,Toulouse,22,2000,16,10,754,8.4,1,2,3,1,0,0,1,0,0.8,0.8,1.3,2.1,14,33,57,0.12,0.24,0.36,0.12,0.36,0.09,0.16,0.25,0.09,0.25,Matches
202,203,Denis Genreau,au AUS,MFFW,Toulouse,24,1999,9,5,464,5.2,0,0,0,0,0,0,0,0,0.4,0.4,0.4,0.7,6,14,27,0.0,0.0,0.0,0.0,0.0,0.07,0.07,0.14,0.07,0.14,Matches
203,204,Samuel Gigot,fr FRA,DF,Marseille,29,1993,21,20,1726,19.2,3,0,3,3,0,0,7,1,2.4,2.4,0.9,3.3,10,54,8,0.16,0.0,0.16,0.16,0.16,0.12,0.04,0.17,0.12,0.17,Matches
204,205,Aleksandr Golovin,ru RUS,MFFW,Monaco,27,1996,25,25,2147,23.9,6,6,12,6,0,0,8,1,3.4,3.4,4.7,8.0,50,172,157,0.25,0.25,0.5,0.25,0.5,0.14,0.2,0.34,0.14,0.34,Matches
205,206,Angel Gomes,eng ENG,MF,Lille,22,2000,31,29,2571,28.6,0,8,8,0,0,0,5,0,2.0,2.0,6.2,8.2,49,204,71,0.0,0.28,0.28,0.0,0.28,0.07,0.22,0.29,0.07,0.29,Matches
206,207,Maxime Gonalons,fr FRA,MF,Clermont Foot,34,1989,21,17,1296,14.4,1,0,1,1,0,0,4,0,0.4,0.4,0.2,0.6,8,81,10,0.07,0.0,0.07,0.07,0.07,0.03,0.01,0.04,0.03,0.04,Matches
207,208,Mathieu Gorgelin,fr FRA,GK,Le Havre,32,1990,1,1,90,1.0,0,0,0,0,0,0,1,0,0.0,0.0,0.0,0.0,0,0,0,0.0,0.0,0.0,0.0,0.0,0.0,0.0,0.0,0.0,0.0,Matches
208,209,Amine Gouiri,dz ALG,FWMF,Rennes,23,2000,31,24,2067,23.0,7,3,10,7,0,0,2,0,7.4,7.3,1.7,9.1,59,82,185,0.3,0.13,0.44,0.3,0.44,0.32,0.08,0.4,0.32,0.39,Matches
209,210,Jonathan Gradit,fr FRA,DF,Lens,30,1992,26,26,2112,23.5,1,0,1,1,0,0,9,1,0.3,0.3,0.1,0.5,21,177,6,0.04,0.0,0.04,0.04,0.04,0.01,0.01,0.02,0.01,0.02,Matches
210,211,Samuel Grandsir,fr FRA,MFFW,Le Havre,26,1996,23,4,606,6.7,1,1,2,1,0,1,4,2,2.6,1.9,1.2,3.0,22,35,68,0.15,0.15,0.3,0.15,0.3,0.39,0.17,0.57,0.28,0.45,Matches
211,212,Adrian Grbić,at AUT,FW,Lorient,26,1996,1,0,31,0.3,0,0,0,0,0,0,0,0,0.1,0.1,0.0,0.1,0,0,4,0.0,0.0,0.0,0.0,0.0,0.27,0.0,0.27,0.27,0.27,Matches
212,213,Gabriel Gudmundsson,se SWE,DFFW,Lille,24,1999,25,14,1267,14.1,1,0,1,1,0,0,2,0,1.1,1.1,1.2,2.2,39,37,66,0.07,0.0,0.07,0.07,0.07,0.08,0.08,0.16,0.08,0.16,Matches
213,214,Axel Gueguin,fr FRA,DFFW,Montpellier,18,2005,3,1,132,1.5,0,0,0,0,0,0,0,0,0.0,0.0,0.1,0.1,2,3,6,0.0,0.0,0.0,0.0,0.0,0.0,0.04,0.04,0.0,0.04,Matches
214,215,Mattéo Guendouzi,fr FRA,MF,Marseille,24,1999,2,0,19,0.2,0,0,0,0,0,0,0,0,0.5,0.5,0.0,0.5,2,1,1,0.0,0.0,0.0,0.0,0.0,2.59,0.0,2.59,2.59,2.59,Matches
215,216,Evann Guessand,ci CIV,FW,Nice,22,2001,34,14,1553,17.3,6,0,6,4,2,2,1,0,8.4,6.8,1.4,8.2,40,34,114,0.35,0.0,0.35,0.23,0.23,0.48,0.08,0.56,0.39,0.47,Matches
216,217,Pape Gueye,sn SEN,MFDF,Marseille,24,1999,15,9,765,8.5,1,0,1,1,0,0,2,0,0.4,0.4,0.8,1.2,8,61,18,0.12,0.0,0.12,0.12,0.12,0.05,0.09,0.14,0.05,0.14,Matches
217,218,Morgan Guilavogui,gn GUI,FWMF,Lens,25,1998,23,2,566,6.3,2,0,2,2,0,0,1,0,1.6,1.6,1.2,2.8,16,36,75,0.32,0.0,0.32,0.32,0.32,0.25,0.2,0.44,0.25,0.44,Matches
218,219,Frederic Guilbert,fr FRA,DFMF,Strasbourg,28,1994,32,29,2490,27.7,2,0,2,2,0,0,3,0,1.1,1.1,1.6,2.7,32,116,70,0.07,0.0,0.07,0.07,0.07,0.04,0.06,0.1,0.04,0.1,Matches
219,220,Jaouen Hadjam,dz ALG,DF,Nantes,20,2003,8,0,112,1.2,0,0,0,0,0,0,0,0,0.0,0.0,0.4,0.4,6,10,17,0.0,0.0,0.0,0.0,0.0,0.03,0.29,0.32,0.03,0.32,Matches
220,221,Massadio Haïdara,ml MLI,DF,Lens,30,1992,18,7,741,8.2,0,1,1,0,0,0,1,0,0.1,0.1,0.2,0.3,8,40,25,0.0,0.12,0.12,0.0,0.12,0.02,0.02,0.04,0.02,0.04,Matches
221,222,Oualid El Hajjam,ma MAR,DFMF,Le Havre,32,1991,13,4,393,4.4,0,0,0,0,0,0,1,0,0.4,0.4,0.9,1.3,7,16,27,0.0,0.0,0.0,0.0,0.0,0.09,0.2,0.29,0.09,0.29,Matches
222,223,Achraf Hakimi,ma MAR,DF,Paris S-G,24,1998,25,20,1932,21.5,4,5,9,4,0,0,3,0,4.2,4.2,5.2,9.4,84,218,230,0.19,0.23,0.42,0.19,0.42,0.2,0.24,0.44,0.2,0.44,Matches
223,224,Amine Harit,ma MAR,MFFW,Marseille,26,1997,28,21,1821,20.2,1,2,3,1,0,0,5,0,3.7,3.7,3.7,7.4,84,127,112,0.05,0.1,0.15,0.05,0.15,0.18,0.18,0.37,0.18,0.37,Matches
224,225,Silvan Hefti,ch SUI,DFFW,Montpellier,25,1997,11,9,711,7.9,0,1,1,0,0,0,1,0,0.2,0.2,1.0,1.2,14,25,36,0.0,0.13,0.13,0.0,0.13,0.03,0.13,0.15,0.03,0.15,Matches
225,226,Henrique,br BRA,DF,Lyon,29,1994,11,6,607,6.7,1,0,1,1,0,0,2,0,0.3,0.3,0.4,0.8,20,36,33,0.15,0.0,0.15,0.15,0.15,0.05,0.06,0.11,0.05,0.11,Matches
226,227,Luis Henrique,br BRA,FWDF,Marseille,21,2001,15,8,784,8.7,1,0,1,1,0,0,0,0,1.3,1.3,0.7,2.0,30,40,84,0.11,0.0,0.11,0.11,0.11,0.15,0.08,0.23,0.15,0.23,Matches
227,228,Christophe Hérelle,mq MTQ,DF,Metz,30,1992,19,18,1617,18.0,0,0,0,0,0,0,4,1,0.1,0.1,0.0,0.1,1,41,1,0.0,0.0,0.0,0.0,0.0,0.01,0.0,0.01,0.01,0.01,Matches
228,229,Lucas Hernández,fr FRA,DF,Paris S-G,27,1996,27,23,1909,21.2,1,1,2,1,0,0,6,0,0.5,0.5,1.6,2.0,30,156,22,0.05,0.05,0.09,0.05,0.09,0.02,0.07,0.1,0.02,0.1,Matches
229,230,Andrej Ilic,rs SRB,FW,Lille,23,2000,2,0,9,0.1,0,0,0,0,0,0,0,0,0.0,0.0,0.0,0.0,0,0,0,0.0,0.0,0.0,0.0,0.0,0.0,0.0,0.0,0.0,0.0,Matches
230,231,Bonke Innocent,ng NGA,MF,Lorient,27,1996,4,3,210,2.3,0,0,0,0,0,0,1,0,0.0,0.0,0.1,0.1,0,13,2,0.0,0.0,0.0,0.0,0.0,0.01,0.03,0.05,0.01,0.05,Matches
231,232,Ismaily,br BRA,DF,Lille,33,1990,30,28,2465,27.4,1,1,2,1,0,0,1,0,0.3,0.3,1.2,1.4,74,114,110,0.04,0.04,0.07,0.04,0.07,0.01,0.04,0.05,0.01,0.05,Matches
232,233,Yanis Issoufou,fr FRA,MF,Montpellier,16,2006,1,0,13,0.1,0,0,0,0,0,0,0,0,0.0,0.0,0.0,0.0,0,1,1,0.0,0.0,0.0,0.0,0.0,0.0,0.0,0.0,0.0,0.0,Matches
233,234,Junya Ito,jp JPN,FWMF,Reims,30,1993,31,31,2714,30.2,3,7,10,3,0,0,2,0,4.5,4.5,11.5,16.0,123,139,287,0.1,0.23,0.33,0.1,0.33,0.15,0.38,0.53,0.15,0.53,Matches
234,235,Jérémy Jacquet,fr FRA,MF,Rennes,18,2005,1,0,5,0.1,0,0,0,0,0,0,0,0,0.0,0.0,0.0,0.0,1,0,0,0.0,0.0,0.0,0.0,0.0,0.0,0.0,0.0,0.0,0.0,Matches
235,236,Jérémy Jacquet,fr FRA,DF,Clermont Foot,18,2005,6,2,253,2.8,0,1,1,0,0,0,0,0,0.2,0.2,0.3,0.5,5,15,4,0.0,0.36,0.36,0.0,0.36,0.08,0.12,0.19,0.08,0.19,Matches
236,237,Ismail Jakobs,sn SEN,DF,Monaco,23,1999,22,16,1466,16.3,1,2,3,1,0,0,0,0,1.3,1.3,1.8,3.1,44,56,133,0.06,0.12,0.18,0.06,0.18,0.08,0.11,0.19,0.08,0.19,Matches
237,238,Ablie Jallow,gm GAM,MFFW,Metz,24,1998,17,10,918,10.2,3,2,5,2,1,1,1,0,2.0,1.2,1.0,2.2,29,42,53,0.29,0.2,0.49,0.2,0.39,0.19,0.1,0.29,0.12,0.22,Matches
238,239,Danley Jean-Jacques,ht HAI,MF,Metz,23,2000,33,30,2682,29.8,0,0,0,0,0,0,5,0,2.9,2.9,0.6,3.5,35,84,53,0.0,0.0,0.0,0.0,0.0,0.1,0.02,0.12,0.1,0.12,Matches
239,240,Jeffinho,br BRA,FWMF,Lyon,23,1999,10,3,308,3.4,1,1,2,1,0,0,0,0,1.0,1.0,0.6,1.6,15,14,36,0.29,0.29,0.58,0.29,0.58,0.3,0.18,0.48,0.3,0.48,Matches
240,241,Antoine Joujou,fr FRA,FWMF,Le Havre,20,2003,23,6,779,8.7,0,2,2,0,0,0,1,0,1.1,1.1,0.6,1.8,35,22,82,0.0,0.23,0.23,0.0,0.23,0.13,0.07,0.2,0.13,0.2,Matches
241,242,Christopher Jullien,fr FRA,DF,Montpellier,30,1993,20,13,1233,13.7,1,0,1,1,0,0,5,0,1.1,1.1,0.1,1.2,1,26,4,0.07,0.0,0.07,0.07,0.07,0.08,0.0,0.09,0.08,0.09,Matches
242,243,Eli Junior Kroupi,fr FRA,FWMF,Lorient,17,2006,30,11,1084,12.0,5,3,8,5,0,0,1,0,3.5,3.5,1.8,5.3,10,12,63,0.42,0.25,0.66,0.42,0.66,0.29,0.15,0.44,0.29,0.44,Matches
243,244,Abdoul Kader Bamba,fr FRA,FWMF,Nantes,29,1994,23,1,611,6.8,2,1,3,2,0,0,2,0,2.1,2.1,1.0,3.2,41,31,73,0.29,0.15,0.44,0.29,0.44,0.31,0.15,0.46,0.31,0.46,Matches
244,245,Yaya Kader Fofana,ml MLI,MFDF,Reims,19,2004,4,0,32,0.4,0,0,0,0,0,0,0,0,0.1,0.1,0.0,0.1,1,3,1,0.0,0.0,0.0,0.0,0.0,0.23,0.0,0.23,0.23,0.23,Matches
245,246,Tino Kadewere,zw ZIM,FWMF,Lyon,27,1996,11,2,296,3.3,0,0,0,0,0,0,0,0,0.7,0.7,0.3,0.9,4,12,28,0.0,0.0,0.0,0.0,0.0,0.2,0.09,0.28,0.2,0.28,Matches
246,247,Tino Kadewere,zw ZIM,FWMF,Nantes,27,1996,14,8,781,8.7,1,0,1,1,0,1,1,0,1.9,1.2,1.8,2.9,15,26,53,0.12,0.0,0.12,0.12,0.12,0.22,0.21,0.43,0.13,0.34,Matches
247,248,Arnaud Kalimuendo,fr FRA,FW,Rennes,21,2002,30,25,2139,23.8,10,1,11,8,2,2,6,0,9.0,7.4,2.7,10.1,27,37,181,0.42,0.04,0.46,0.34,0.38,0.38,0.11,0.49,0.31,0.43,Matches
248,249,Gedeon Kalulu,cd COD,DF,Lorient,25,1997,19,11,970,10.8,0,1,1,0,0,0,0,0,0.3,0.3,1.1,1.4,17,35,60,0.0,0.09,0.09,0.0,0.09,0.03,0.1,0.13,0.03,0.13,Matches
249,250,Waren Kamanzi,no NOR,DFFW,Toulouse,22,2000,24,12,1187,13.2,0,3,3,0,0,0,1,0,0.8,0.8,2.5,3.4,35,56,55,0.0,0.23,0.23,0.0,0.23,0.06,0.19,0.26,0.06,0.26,Matches
250,251,Lee Kang-in,kr KOR,FWMF,Paris S-G,22,2001,23,18,1464,16.3,3,4,7,3,0,0,2,0,1.5,1.5,2.3,3.7,50,103,150,0.18,0.25,0.43,0.18,0.43,0.09,0.14,0.23,0.09,0.23,Matches
251,252,Yann Karamoh,fr FRA,FWMF,Montpellier,25,1998,12,1,284,3.2,1,0,1,1,0,0,1,0,0.8,0.8,0.2,1.0,7,3,28,0.32,0.0,0.32,0.32,0.32,0.26,0.06,0.32,0.26,0.32,Matches
252,253,Ayman Kari,fr FRA,MF,Lorient,18,2004,14,12,893,9.9,1,1,2,1,0,0,1,0,0.6,0.6,0.8,1.5,22,37,53,0.1,0.1,0.2,0.1,0.2,0.06,0.08,0.15,0.06,0.15,Matches
253,254,Panos Katseris,gr GRE,DF,Lorient,22,2001,15,13,1041,11.6,1,1,2,1,0,0,4,0,2.1,2.1,0.8,2.9,24,21,86,0.09,0.09,0.17,0.09,0.17,0.18,0.07,0.25,0.18,0.25,Matches
254,255,Kévin Keben Biakolo,cm CMR,DF,Toulouse,19,2004,8,7,521,5.8,0,0,0,0,0,0,1,0,0.0,0.0,0.1,0.1,5,13,10,0.0,0.0,0.0,0.0,0.0,0.0,0.01,0.01,0.0,0.01,Matches
255,256,Yassine Kechta,ma MAR,MF,Le Havre,21,2002,32,21,1849,20.5,2,1,3,2,0,0,4,0,1.6,1.6,2.2,3.8,41,122,67,0.1,0.05,0.15,0.1,0.15,0.08,0.11,0.19,0.08,0.19,Matches
256,257,Thilo Kehrer,de GER,DF,Monaco,26,1996,15,15,1323,14.7,1,1,2,1,0,0,4,1,0.7,0.7,1.1,1.8,13,90,16,0.07,0.07,0.14,0.07,0.14,0.05,0.07,0.12,0.05,0.12,Matches
257,258,Habib Keita,ml MLI,MF,Clermont Foot,21,2002,27,12,1278,14.2,1,0,1,1,0,0,4,0,0.7,0.7,0.6,1.3,9,53,23,0.07,0.0,0.07,0.07,0.07,0.05,0.05,0.09,0.05,0.09,Matches
258,259,Reda Khadra,de GER,FWMF,Reims,22,2001,29,14,1368,15.2,1,3,4,1,0,0,1,0,1.8,1.8,3.5,5.4,35,40,110,0.07,0.2,0.26,0.07,0.26,0.12,0.23,0.35,0.12,0.35,Matches
259,260,Wahbi Khazri,tn TUN,FW,Montpellier,32,1991,25,13,1131,12.6,1,0,1,1,0,0,6,0,3.3,3.3,1.2,4.5,27,33,76,0.08,0.0,0.08,0.08,0.08,0.26,0.1,0.36,0.26,0.36,Matches
260,261,Philipp Köhn,ch SUI,GK,Monaco,25,1998,22,22,1980,22.0,0,0,0,0,0,0,0,0,0.0,0.0,0.0,0.0,0,0,0,0.0,0.0,0.0,0.0,0.0,0.0,0.0,0.0,0.0,0.0,Matches
261,262,Randal Kolo Muani,fr FRA,FWMF,Paris S-G,24,1998,26,13,1268,14.1,6,5,11,6,0,0,1,0,6.1,6.1,3.3,9.4,36,42,125,0.43,0.35,0.78,0.43,0.78,0.43,0.23,0.66,0.43,0.66,Matches
262,263,Cheick Konaté,ml MLI,DF,Clermont Foot,19,2004,19,12,1068,11.9,1,1,2,1,0,0,4,0,0.5,0.5,1.6,2.1,22,37,86,0.08,0.08,0.17,0.08,0.17,0.04,0.13,0.18,0.04,0.18,Matches
263,264,Geoffrey Kondogbia,cf CTA,MF,Marseille,30,1993,26,15,1463,16.3,0,0,0,0,0,0,3,0,0.4,0.4,0.5,0.9,7,93,25,0.0,0.0,0.0,0.0,0.0,0.02,0.03,0.06,0.02,0.06,Matches
264,265,Abdoul Koné,fr FRA,DF,Reims,18,2005,3,3,193,2.1,0,0,0,0,0,0,1,0,0.0,0.0,0.7,0.7,3,5,1,0.0,0.0,0.0,0.0,0.0,0.0,0.3,0.3,0.0,0.3,Matches
265,266,Amadou Koné,ml MLI,MF,Reims,18,2005,16,4,475,5.3,0,0,0,0,0,0,4,1,0.3,0.3,0.2,0.4,2,28,2,0.0,0.0,0.0,0.0,0.0,0.05,0.03,0.08,0.05,0.08,Matches
266,267,Ibrahima Koné,ml MLI,FW,Lorient,24,1999,1,0,32,0.4,0,0,0,0,0,0,0,0,0.0,0.0,0.0,0.0,0,0,1,0.0,0.0,0.0,0.0,0.0,0.0,0.0,0.0,0.0,0.0,Matches
267,268,Koffi Kouao,ci CIV,DF,Metz,25,1998,13,10,860,9.6,0,2,2,0,0,0,2,0,0.2,0.2,1.5,1.7,10,29,29,0.0,0.21,0.21,0.0,0.21,0.02,0.16,0.18,0.02,0.18,Matches
268,269,Therence Koudou,fr FRA,DF,Reims,18,2004,9,3,314,3.5,0,0,0,0,0,0,3,0,0.1,0.1,0.3,0.3,8,14,21,0.0,0.0,0.0,0.0,0.0,0.02,0.07,0.09,0.02,0.09,Matches
269,270,Boubakar Kouyaté,ml MLI,DF,Montpellier,26,1997,23,22,1928,21.4,0,2,2,0,0,0,5,1,0.8,0.8,1.3,2.1,4,58,3,0.0,0.09,0.09,0.0,0.09,0.04,0.06,0.1,0.04,0.1,Matches
270,271,Sael Kumbedi,fr FRA,DF,Lyon,18,2005,17,8,924,10.3,0,1,1,0,0,0,3,0,0.2,0.2,0.7,1.0,19,42,75,0.0,0.1,0.1,0.0,0.1,0.02,0.07,0.09,0.02,0.09,Matches
271,272,Layvin Kurzawa,fr FRA,DF,Paris S-G,30,1992,1,0,9,0.1,0,0,0,0,0,0,0,0,0.0,0.0,0.0,0.0,0,0,1,0.0,0.0,0.0,0.0,0.0,0.0,0.0,0.0,0.0,0.0,Matches
272,273,Daler Kuzyaev,ru RUS,MF,Le Havre,30,1993,30,24,2090,23.2,2,2,4,2,0,0,1,0,1.8,1.8,1.3,3.2,23,119,97,0.09,0.09,0.17,0.09,0.17,0.08,0.06,0.14,0.08,0.14,Matches
273,274,Grejohn Kyei,fr FRA,FW,Clermont Foot,27,1995,26,10,1026,11.4,2,1,3,1,1,1,1,0,4.9,4.1,1.2,5.3,12,30,85,0.18,0.09,0.26,0.09,0.18,0.43,0.11,0.54,0.36,0.47,Matches
274,275,Gaëtan Laborde,fr FRA,FWMF,Nice,29,1994,34,22,1906,21.2,5,2,7,4,1,2,2,0,7.7,6.1,1.8,7.9,33,46,161,0.24,0.09,0.33,0.19,0.28,0.36,0.08,0.45,0.29,0.37,Matches
275,276,Alexandre Lacazette,fr FRA,FW,Lyon,32,1991,29,27,2293,25.5,19,2,21,17,2,2,3,1,11.4,9.8,1.9,11.7,22,61,144,0.75,0.08,0.82,0.67,0.75,0.45,0.07,0.52,0.39,0.46,Matches
276,277,Alban Lafont,fr FRA,GK,Nantes,24,1999,28,28,2496,27.7,0,0,0,0,0,0,2,0,0.0,0.0,0.0,0.0,0,3,0,0.0,0.0,0.0,0.0,0.0,0.0,0.0,0.0,0.0,0.0,Matches
277,278,Kenny Lala,mg MAD,DF,Brest,31,1991,33,33,2970,33.0,2,3,5,2,0,0,7,0,0.5,0.5,3.3,3.8,45,200,98,0.06,0.09,0.15,0.06,0.15,0.01,0.1,0.12,0.01,0.12,Matches
278,279,Mathis Lambourde,fr FRA,FW,Rennes,17,2006,1,0,10,0.1,0,0,0,0,0,0,0,0,0.0,0.0,0.0,0.0,1,0,2,0.0,0.0,0.0,0.0,0.0,0.0,0.0,0.0,0.0,0.0,Matches
279,280,Mohamed Lamine Bayo,gn GUI,FW,Le Havre,25,1998,22,16,1389,15.4,5,1,6,3,2,2,4,0,7.2,5.7,0.6,6.2,18,20,115,0.32,0.06,0.39,0.19,0.26,0.47,0.04,0.51,0.37,0.4,Matches
280,281,Didier Lamkel Zé,cm CMR,FWMF,Metz,26,1996,9,7,550,6.1,1,0,1,1,0,0,1,0,1.6,1.6,0.9,2.5,15,19,23,0.16,0.0,0.16,0.16,0.16,0.26,0.15,0.41,0.26,0.41,Matches
281,282,Julien Laporte,fr FRA,DF,Lorient,29,1993,23,20,1818,20.2,0,0,0,0,0,0,4,0,0.8,0.8,0.0,0.8,5,56,3,0.0,0.0,0.0,0.0,0.0,0.04,0.0,0.04,0.04,0.04,Matches
282,283,Théo Le Bris,fr FRA,DFMF,Lorient,20,2002,26,15,1516,16.8,0,2,2,0,0,0,2,0,1.2,1.2,1.6,2.8,56,58,117,0.0,0.12,0.12,0.0,0.12,0.07,0.1,0.17,0.07,0.17,Matches
283,284,Julien Le Cardinal,fr FRA,DF,Brest,25,1997,12,5,473,5.3,0,0,0,0,0,0,3,0,0.3,0.3,0.1,0.4,3,24,4,0.0,0.0,0.0,0.0,0.0,0.05,0.02,0.08,0.05,0.08,Matches
284,285,Julien Le Cardinal,fr FRA,DF,Lens,25,1997,2,0,58,0.6,0,0,0,0,0,0,0,0,0.0,0.0,0.0,0.0,1,4,2,0.0,0.0,0.0,0.0,0.0,0.0,0.0,0.0,0.0,0.0,Matches
285,286,Jérémy Le Douaron,fr FRA,FW,Brest,25,1998,33,19,1618,18.0,4,0,4,4,0,0,3,0,6.2,6.2,1.0,7.2,48,21,130,0.22,0.0,0.22,0.22,0.22,0.34,0.06,0.4,0.34,0.4,Matches
286,287,Enzo Le Fée,fr FRA,MF,Rennes,23,2000,25,19,1527,17.0,0,1,1,0,0,0,3,0,0.5,0.5,1.8,2.3,45,124,58,0.0,0.06,0.06,0.0,0.06,0.03,0.11,0.14,0.03,0.14,Matches
287,288,Vincent Le Goff,fr FRA,DFMF,Lorient,33,1989,9,8,541,6.0,1,1,2,1,0,0,1,0,0.1,0.1,0.9,1.0,9,22,51,0.17,0.17,0.33,0.17,0.33,0.02,0.15,0.17,0.02,0.17,Matches
288,289,Adrien Lebeau,fr FRA,MFFW,Brest,24,1999,7,0,54,0.6,0,1,1,0,0,0,0,0,0.1,0.1,0.5,0.5,1,0,5,0.0,1.67,1.67,0.0,1.67,0.1,0.77,0.87,0.1,0.87,Matches
289,290,Jean-Louis Leca,fr FRA,GK,Lens,37,1985,1,1,90,1.0,0,0,0,0,0,0,0,0,0.0,0.0,0.0,0.0,0,0,0,0.0,0.0,0.0,0.0,0.0,0.0,0.0,0.0,0.0,0.0,Matches
290,291,Benjamin Lecomte,fr FRA,GK,Montpellier,32,1991,30,30,2700,30.0,0,1,1,0,0,0,1,0,0.0,0.0,0.5,0.5,0,0,0,0.0,0.03,0.03,0.0,0.03,0.0,0.02,0.02,0.0,0.02,Matches
291,292,Pierre Lees-Melou,fr FRA,MF,Brest,30,1993,29,29,2517,28.0,4,0,4,4,0,0,12,1,2.4,2.4,2.4,4.8,51,193,43,0.14,0.0,0.14,0.14,0.14,0.09,0.08,0.17,0.09,0.17,Matches
292,293,Johann Lepenant,fr FRA,MF,Lyon,20,2002,6,2,253,2.8,0,0,0,0,0,0,1,0,0.1,0.1,0.1,0.2,5,24,6,0.0,0.0,0.0,0.0,0.0,0.05,0.03,0.08,0.05,0.08,Matches
293,294,Léo Leroy,fr FRA,MF,Montpellier,23,2000,21,3,499,5.5,0,1,1,0,0,0,4,0,0.8,0.8,0.7,1.5,8,21,9,0.0,0.18,0.18,0.0,0.18,0.15,0.13,0.28,0.15,0.28,Matches
294,295,Gautier Lloris,fr FRA,DF,Le Havre,28,1995,31,31,2778,30.9,2,0,2,2,0,0,2,0,2.1,2.1,0.2,2.3,13,105,5,0.06,0.0,0.06,0.06,0.06,0.07,0.01,0.07,0.07,0.07,Matches
295,296,Abou Lô,sn SEN,MFDF,Metz,23,2000,6,2,197,2.2,0,0,0,0,0,0,0,1,0.1,0.1,0.3,0.5,0,4,2,0.0,0.0,0.0,0.0,0.0,0.06,0.16,0.22,0.06,0.22,Matches
296,297,Bradley Locko,fr FRA,DF,Brest,21,2002,33,33,2959,32.9,0,3,3,0,0,0,5,0,0.3,0.3,1.6,1.9,83,129,162,0.0,0.09,0.09,0.0,0.09,0.01,0.05,0.06,0.01,0.06,Matches
297,298,Renan Lodi,br BRA,DF,Marseille,25,1998,14,14,1235,13.7,0,0,0,0,0,0,6,0,0.3,0.3,1.3,1.6,25,51,77,0.0,0.0,0.0,0.0,0.0,0.02,0.1,0.12,0.02,0.12,Matches
298,299,Andy Logbo,fr FRA,FW,Le Havre,19,2004,10,2,248,2.8,0,0,0,0,0,0,0,0,0.3,0.3,0.1,0.5,1,2,7,0.0,0.0,0.0,0.0,0.0,0.12,0.04,0.16,0.12,0.16,Matches
299,300,Anthony Lopes,pt POR,GK,Lyon,32,1990,31,31,2790,31.0,0,0,0,0,0,0,0,0,0.0,0.0,0.3,0.3,1,1,0,0.0,0.0,0.0,0.0,0.0,0.0,0.01,0.01,0.0,0.01,Matches
300,301,Pau López,es ESP,GK,Marseille,28,1994,33,33,2939,32.7,0,0,0,0,0,0,1,0,0.0,0.0,0.5,0.5,0,0,0,0.0,0.0,0.0,0.0,0.0,0.0,0.01,0.01,0.0,0.01,Matches
301,302,Jordan Lotomba,ch SUI,DF,Nice,24,1998,28,21,1804,20.0,1,0,1,1,0,0,4,0,0.9,0.9,1.1,2.0,36,52,40,0.05,0.0,0.05,0.05,0.05,0.04,0.05,0.1,0.04,0.1,Matches
302,303,Tom Louchet,fr FRA,MFDF,Nice,20,2003,13,3,409,4.5,1,1,2,1,0,0,1,0,1.0,1.0,0.7,1.7,6,18,40,0.22,0.22,0.44,0.22,0.44,0.23,0.16,0.38,0.23,0.38,Matches
303,304,Imran Louza,ma MAR,MF,Lorient,24,1999,14,10,863,9.6,1,3,4,1,0,0,1,0,1.1,1.1,2.5,3.6,19,83,36,0.1,0.31,0.42,0.1,0.42,0.11,0.27,0.37,0.11,0.37,Matches
304,305,Dejan Lovren,hr CRO,DF,Lyon,34,1989,10,8,718,8.0,0,0,0,0,0,0,2,1,0.4,0.4,0.0,0.5,5,20,1,0.0,0.0,0.0,0.0,0.0,0.06,0.0,0.06,0.06,0.06,Matches
305,306,Joshua M'Bahia,ci CIV,MF,Clermont Foot,18,2005,1,0,14,0.2,0,0,0,0,0,0,1,0,0.0,0.0,0.0,0.0,0,1,2,0.0,0.0,0.0,0.0,0.0,0.0,0.21,0.21,0.0,0.21,Matches
306,307,Othmane Maamma,fr FRA,FW,Montpellier,17,2005,2,1,88,1.0,1,0,1,1,0,0,0,0,0.3,0.3,0.5,0.7,7,2,3,1.02,0.0,1.02,1.02,1.02,0.27,0.47,0.74,0.27,0.74,Matches
307,308,Deiver Machado,co COL,DF,Lens,29,1993,19,13,1124,12.5,4,0,4,4,0,0,4,0,1.7,1.7,1.3,2.9,22,26,74,0.32,0.0,0.32,0.32,0.32,0.13,0.1,0.24,0.13,0.24,Matches
308,309,Soungoutou Magassa,fr FRA,DFMF,Monaco,19,2003,21,15,1346,15.0,0,0,0,0,0,0,7,0,0.6,0.6,0.1,0.8,7,92,13,0.0,0.0,0.0,0.0,0.0,0.04,0.01,0.05,0.04,0.05,Matches
309,310,Hugo Magnetti,fr FRA,MF,Brest,25,1998,33,30,2340,26.0,2,0,2,2,0,0,6,0,2.4,2.4,1.8,4.3,36,101,61,0.08,0.0,0.08,0.08,0.08,0.09,0.07,0.16,0.09,0.16,Matches
310,311,Yohann Magnin,fr FRA,MF,Clermont Foot,26,1997,31,17,1687,18.7,1,0,1,1,0,0,2,0,1.6,1.6,0.7,2.3,14,71,47,0.05,0.0,0.05,0.05,0.05,0.09,0.04,0.12,0.09,0.12,Matches
311,312,Frank Magri,cm CMR,FWMF,Toulouse,23,1999,29,14,1438,16.0,5,2,7,5,0,0,5,0,3.1,3.1,1.6,4.7,31,34,121,0.31,0.13,0.44,0.31,0.44,0.19,0.1,0.29,0.19,0.29,Matches
312,313,Adel Mahamoud,km COM,FW,Nantes,20,2003,1,0,10,0.1,0,0,0,0,0,0,0,0,0.0,0.0,0.0,0.0,0,2,1,0.0,0.0,0.0,0.0,0.0,0.0,0.0,0.0,0.0,0.0,Matches
313,314,Habib Maïga,ci CIV,MFFW,Metz,27,1996,7,1,147,1.6,0,0,0,0,0,0,0,0,0.1,0.1,0.0,0.1,1,3,1,0.0,0.0,0.0,0.0,0.0,0.07,0.0,0.07,0.07,0.07,Matches
314,315,Ainsley Maitland-Niles,eng ENG,DFMF,Lyon,25,1997,23,16,1432,15.9,1,4,5,0,1,1,1,1,3.0,2.2,2.1,4.2,26,76,82,0.06,0.25,0.31,0.0,0.25,0.19,0.13,0.32,0.14,0.27,Matches
315,316,Radosław Majecki,pl POL,GK,Monaco,23,1999,12,12,1080,12.0,0,0,0,0,0,0,1,0,0.0,0.0,0.0,0.0,0,1,0,0.0,0.0,0.0,0.0,0.0,0.0,0.0,0.0,0.0,0.0,Matches
316,317,Lovro Majer,hr CRO,MF,Rennes,25,1998,1,0,16,0.2,0,0,0,0,0,0,0,0,0.0,0.0,0.3,0.3,1,0,1,0.0,0.0,0.0,0.0,0.0,0.14,1.39,1.52,0.14,1.52,Matches
317,318,Jean-Victor Makengo,fr FRA,MFFW,Lorient,25,1998,11,5,479,5.3,0,0,0,0,0,0,0,0,0.3,0.3,0.0,0.3,11,28,17,0.0,0.0,0.0,0.0,0.0,0.05,0.0,0.05,0.05,0.05,Matches
318,319,Aaron Malouda,fr FRA,FW,Lille,17,2005,1,0,1,0.0,0,0,0,0,0,0,0,0,0.0,0.0,0.0,0.0,0,0,0,0.0,0.0,0.0,0.0,0.0,0.0,0.0,0.0,0.0,0.0,Matches
319,320,Hianga Mananga Mbock,fr FRA,MFFW,Brest,23,1999,2,0,9,0.1,0,0,0,0,0,0,0,0,0.1,0.1,0.2,0.2,1,2,0,0.0,0.0,0.0,0.0,0.0,0.55,1.62,2.17,0.55,2.17,Matches
320,321,Steve Mandanda,fr FRA,GK,Rennes,38,1985,34,34,3060,34.0,0,0,0,0,0,0,1,0,0.0,0.0,0.0,0.0,0,2,0,0.0,0.0,0.0,0.0,0.0,0.0,0.0,0.0,0.0,0.0,Matches
321,322,Orel Mangala,be BEL,MF,Lyon,25,1998,8,4,398,4.4,2,0,2,2,0,0,0,0,1.0,1.0,0.7,1.6,9,26,21,0.45,0.0,0.45,0.45,0.45,0.22,0.15,0.37,0.22,0.37,Matches
322,323,Vito Mannone,it ITA,GK,Lille,35,1988,2,1,91,1.0,0,0,0,0,0,0,0,0,0.0,0.0,0.0,0.0,0,0,0,0.0,0.0,0.0,0.0,0.0,0.0,0.0,0.0,0.0,0.0,Matches
323,324,Faitout Maouassa,fr FRA,MFDF,Lens,25,1998,3,1,76,0.8,0,0,0,0,0,0,0,0,0.1,0.1,0.1,0.2,2,0,2,0.0,0.0,0.0,0.0,0.0,0.09,0.12,0.21,0.09,0.21,Matches
324,325,Guillermo Maripán,cl CHI,DF,Monaco,29,1994,23,21,1767,19.6,1,0,1,1,0,0,0,1,0.4,0.4,0.5,0.9,4,59,5,0.05,0.0,0.05,0.05,0.05,0.02,0.02,0.05,0.02,0.05,Matches
325,326,Marquinhos,br BRA,FWMF,Nantes,20,2003,7,1,154,1.7,0,0,0,0,0,0,0,0,0.3,0.3,0.7,1.0,2,4,11,0.0,0.0,0.0,0.0,0.0,0.15,0.43,0.58,0.15,0.58,Matches
326,327,Marquinhos,br BRA,DF,Paris S-G,29,1994,21,18,1537,17.1,0,1,1,0,0,0,1,0,0.4,0.4,0.5,0.9,18,114,3,0.0,0.06,0.06,0.0,0.06,0.03,0.03,0.05,0.03,0.05,Matches
327,328,Jonas Martin,fr FRA,MF,Brest,33,1990,31,9,1208,13.4,0,1,1,0,0,0,5,0,1.2,1.2,0.9,2.1,28,105,32,0.0,0.07,0.07,0.0,0.07,0.09,0.07,0.15,0.09,0.15,Matches
328,329,Clinton Mata,ao ANG,DF,Lyon,30,1992,28,25,2220,24.7,0,3,3,0,0,0,6,0,0.6,0.6,2.2,2.8,32,97,60,0.0,0.12,0.12,0.0,0.12,0.02,0.09,0.11,0.02,0.11,Matches
329,330,Eliot Matazo,be BEL,MF,Monaco,21,2002,6,0,102,1.1,0,1,1,0,0,0,2,0,0.1,0.1,1.0,1.1,2,10,2,0.0,0.88,0.88,0.0,0.88,0.07,0.91,0.98,0.07,0.98,Matches
330,331,Nemanja Matić,rs SRB,MF,Rennes,34,1988,13,11,1027,11.4,0,0,0,0,0,0,7,0,0.3,0.3,0.8,1.1,14,83,8,0.0,0.0,0.0,0.0,0.0,0.03,0.07,0.1,0.03,0.1,Matches
331,332,Nemanja Matić,rs SRB,MF,Lyon,34,1988,15,15,1254,13.9,0,0,0,0,0,0,2,0,0.3,0.3,0.6,0.9,26,118,17,0.0,0.0,0.0,0.0,0.0,0.02,0.04,0.06,0.02,0.06,Matches
332,333,Chrislain Matsima,fr FRA,DF,Clermont Foot,21,2002,14,13,1180,13.1,1,0,1,1,0,0,2,0,0.2,0.2,0.0,0.2,13,45,1,0.08,0.0,0.08,0.08,0.08,0.01,0.0,0.01,0.01,0.01,Matches
333,334,Chrislain Matsima,fr FRA,DF,Monaco,21,2002,6,3,298,3.3,0,1,1,0,0,0,2,0,0.1,0.1,0.1,0.2,5,31,5,0.0,0.3,0.3,0.0,0.3,0.04,0.02,0.06,0.04,0.06,Matches
334,335,Azor Matusiwa,nl NED,MF,Reims,25,1998,16,16,1385,15.4,1,0,1,1,0,0,3,0,0.7,0.7,0.7,1.3,12,78,12,0.06,0.0,0.06,0.06,0.06,0.04,0.04,0.09,0.04,0.09,Matches
335,336,Azor Matusiwa,nl NED,MF,Rennes,25,1998,12,9,794,8.8,0,1,1,0,0,0,2,0,0.3,0.3,0.4,0.7,3,64,12,0.0,0.11,0.11,0.0,0.11,0.04,0.04,0.08,0.04,0.08,Matches
336,337,Aïman Maurer,ma MAR,MFFW,Clermont Foot,18,2004,5,0,56,0.6,0,0,0,0,0,0,0,0,0.1,0.1,0.0,0.1,1,2,8,0.0,0.0,0.0,0.0,0.0,0.2,0.0,0.2,0.2,0.2,Matches
337,338,Christian Mawissa,fr FRA,DF,Toulouse,18,2005,17,12,1118,12.4,2,0,2,2,0,0,3,0,1.0,1.0,0.3,1.3,26,39,11,0.16,0.0,0.16,0.16,0.16,0.08,0.02,0.1,0.08,0.1,Matches
338,339,Noam Mayoka-Tika,be BEL,MF,Marseille,19,2003,1,0,1,0.0,0,0,0,0,0,0,0,0,0.0,0.0,0.0,0.0,0,0,0,0.0,0.0,0.0,0.0,0.0,0.0,0.0,0.0,0.0,0.0,Matches
339,340,Senny Mayulu,fr FRA,FWMF,Paris S-G,17,2006,8,3,324,3.6,0,1,1,0,0,0,0,0,0.1,0.1,0.5,0.6,4,11,38,0.0,0.28,0.28,0.0,0.28,0.04,0.13,0.17,0.04,0.17,Matches
340,341,Youssef Maziz,fr FRA,FWMF,Metz,25,1998,2,2,124,1.4,1,0,1,1,0,0,0,0,0.1,0.1,0.1,0.2,2,6,2,0.73,0.0,0.73,0.73,0.73,0.08,0.04,0.12,0.08,0.12,Matches
341,342,Ethan Mbappé,fr FRA,MFDF,Paris S-G,16,2006,3,0,48,0.5,0,0,0,0,0,0,0,0,0.1,0.1,0.0,0.1,1,1,4,0.0,0.0,0.0,0.0,0.0,0.27,0.0,0.27,0.27,0.27,Matches
342,343,Kylian Mbappé,fr FRA,FW,Paris S-G,24,1998,29,24,2158,24.0,27,7,34,21,6,8,4,0,21.0,14.5,5.7,20.2,114,122,286,1.13,0.29,1.42,0.88,1.17,0.87,0.24,1.11,0.6,0.84,Matches
343,344,Malick Mbaye,sn SEN,MFFW,Metz,19,2004,5,1,153,1.7,0,0,0,0,0,0,1,0,0.4,0.4,0.2,0.6,8,1,20,0.0,0.0,0.0,0.0,0.0,0.26,0.11,0.37,0.26,0.37,Matches
344,345,Chancel Mbemba,cd COD,DF,Marseille,28,1994,25,25,2207,24.5,2,2,4,2,0,0,1,0,1.8,1.8,1.0,2.8,16,131,10,0.08,0.08,0.16,0.08,0.16,0.07,0.04,0.12,0.07,0.12,Matches
345,346,Nolan Mbemba,cg CGO,MF,Le Havre,28,1995,6,0,22,0.2,1,0,1,1,0,0,0,0,0.0,0.0,0.0,0.0,0,5,1,4.09,0.0,4.09,4.09,4.09,0.17,0.0,0.17,0.17,0.17,Matches
346,347,Christ Mbondi,fr FRA,FW,Reims,18,2004,1,0,2,0.0,0,0,0,0,0,0,0,0,0.0,0.0,0.0,0.0,0,0,1,0.0,0.0,0.0,0.0,0.0,0.0,0.0,0.0,0.0,0.0,Matches
347,348,Facundo Medina,ar ARG,DF,Lens,24,1999,31,30,2714,30.2,1,3,4,1,0,0,11,0,1.1,1.1,1.8,2.9,51,219,20,0.03,0.1,0.13,0.03,0.13,0.04,0.06,0.1,0.04,0.1,Matches
348,349,Bamo Meïté,ci CIV,DF,Marseille,21,2001,16,6,638,7.1,0,0,0,0,0,0,1,0,0.1,0.1,0.0,0.1,11,29,5,0.0,0.0,0.0,0.0,0.0,0.01,0.0,0.01,0.01,0.01,Matches
349,350,Bamo Meïté,ci CIV,DF,Lorient,21,2001,2,2,146,1.6,0,0,0,0,0,0,0,0,0.0,0.0,0.0,0.0,0,1,0,0.0,0.0,0.0,0.0,0.0,0.0,0.0,0.0,0.0,0.0,Matches
350,351,Birger Meling,no NOR,DF,Rennes,28,1994,1,0,16,0.2,0,0,0,0,0,0,0,0,0.2,0.2,0.0,0.2,0,0,0,0.0,0.0,0.0,0.0,0.0,0.8,0.0,0.8,0.8,0.8,Matches
351,352,Nuno Mendes,pt POR,DF,Paris S-G,21,2002,6,2,267,3.0,1,1,2,1,0,0,3,0,0.3,0.3,0.4,0.7,12,21,25,0.34,0.34,0.67,0.34,0.67,0.11,0.14,0.25,0.11,0.25,Matches
352,353,Antoine Mendy,fr FRA,DF,Nice,19,2004,10,4,418,4.6,0,0,0,0,0,0,0,0,0.1,0.1,0.4,0.5,3,12,6,0.0,0.0,0.0,0.0,0.0,0.02,0.08,0.1,0.02,0.1,Matches
353,354,Benjamin Mendy,fr FRA,DF,Lorient,29,1994,15,7,711,7.9,2,1,3,2,0,0,3,0,1.1,1.1,1.9,3.0,26,34,85,0.25,0.13,0.38,0.25,0.38,0.14,0.24,0.38,0.14,0.38,Matches
354,355,Formose Mendy,sn SEN,DF,Lorient,22,2001,18,13,1256,14.0,0,0,0,0,0,0,6,0,0.3,0.3,0.1,0.4,14,61,13,0.0,0.0,0.0,0.0,0.0,0.02,0.0,0.03,0.02,0.03,Matches
355,356,Nampalys Mendy,sn SEN,MF,Lens,31,1992,16,13,1052,11.7,0,1,1,0,0,0,2,0,0.2,0.2,1.1,1.3,21,84,13,0.0,0.09,0.09,0.0,0.09,0.02,0.09,0.11,0.02,0.11,Matches
356,357,Quentin Merlin,fr FRA,DF,Marseille,21,2002,10,8,703,7.8,0,1,1,0,0,0,1,0,0.1,0.1,1.1,1.3,15,46,56,0.0,0.13,0.13,0.0,0.13,0.02,0.15,0.16,0.02,0.16,Matches
357,358,Quentin Merlin,fr FRA,DF,Nantes,21,2002,16,15,1283,14.3,0,1,1,0,0,0,0,0,0.7,0.7,1.3,2.0,34,98,62,0.0,0.07,0.07,0.0,0.07,0.05,0.09,0.14,0.05,0.14,Matches
358,359,Bastien Meupiyou,fr FRA,DF,Nantes,17,2006,1,1,8,0.1,0,0,0,0,0,0,0,1,0.0,0.0,0.0,0.0,0,0,0,0.0,0.0,0.0,0.0,0.0,0.0,0.0,0.0,0.0,0.0,Matches
359,360,Lucas Michal,fr FRA,FW,Monaco,18,2005,1,0,7,0.1,0,0,0,0,0,0,0,0,0.0,0.0,0.0,0.0,1,0,0,0.0,0.0,0.0,0.0,0.0,0.0,0.0,0.0,0.0,0.0,Matches
360,361,Georges Mikautadze,ge GEO,FW,Metz,22,2000,20,20,1747,19.4,13,4,17,10,3,3,0,1,9.5,7.2,2.4,9.5,52,51,95,0.67,0.21,0.88,0.52,0.72,0.49,0.12,0.61,0.37,0.49,Matches
361,362,Takumi Minamino,jp JPN,MF,Monaco,28,1995,30,25,2117,23.5,9,6,15,9,0,0,4,0,5.9,5.9,4.9,10.8,48,97,198,0.38,0.26,0.64,0.38,0.64,0.25,0.21,0.46,0.25,0.46,Matches
362,363,Lucas Mincarelli,fr FRA,DFMF,Montpellier,19,2004,13,12,978,10.9,1,1,2,1,0,0,1,1,0.4,0.4,0.6,0.9,24,26,40,0.09,0.09,0.18,0.09,0.18,0.03,0.05,0.09,0.03,0.09,Matches
363,364,Ignacio Miramon,ar ARG,MF,Lille,20,2003,2,1,39,0.4,0,0,0,0,0,0,0,0,0.1,0.1,0.0,0.1,1,3,0,0.0,0.0,0.0,0.0,0.0,0.12,0.0,0.12,0.12,0.12,Matches
364,365,Terem Moffi,ng NGA,FW,Nice,24,1999,30,23,1949,21.7,11,2,13,8,3,3,4,0,10.7,8.3,3.2,11.5,24,27,123,0.51,0.09,0.6,0.37,0.46,0.49,0.15,0.64,0.38,0.53,Matches
365,366,Mostafa Mohamed,eg EGY,FW,Nantes,25,1997,29,24,2002,22.2,8,2,10,5,3,3,3,1,7.8,5.5,2.4,7.8,23,25,115,0.36,0.09,0.45,0.22,0.31,0.35,0.11,0.46,0.25,0.35,Matches
366,367,Dion Moise Sahi,ci CIV,MFFW,Strasbourg,21,2001,18,7,628,7.0,3,1,4,3,0,0,0,0,4.1,4.1,1.3,5.4,13,21,42,0.43,0.14,0.57,0.43,0.57,0.58,0.19,0.77,0.58,0.77,Matches
367,368,Florent Mollet,fr FRA,MFFW,Nantes,31,1991,29,24,2083,23.1,4,4,8,4,0,0,4,0,5.9,5.9,2.5,8.4,27,96,145,0.17,0.17,0.35,0.17,0.35,0.25,0.11,0.36,0.25,0.36,Matches
368,369,Enzo Mongo,fr FRA,DF,Nantes,18,2005,1,0,10,0.1,0,0,0,0,0,0,0,0,0.0,0.0,0.0,0.0,0,0,0,0.0,0.0,0.0,0.0,0.0,0.0,0.0,0.0,0.0,0.0,Matches
369,370,Diego Moreira,pt POR,FWMF,Lyon,18,2004,7,4,270,3.0,0,0,0,0,0,0,1,0,0.7,0.7,0.3,1.0,10,12,23,0.0,0.0,0.0,0.0,0.0,0.24,0.11,0.35,0.24,0.35,Matches
370,371,Lebo Mothiba,za RSA,FW,Strasbourg,27,1996,15,5,617,6.9,3,0,3,3,0,0,0,0,4.6,4.6,0.2,4.8,8,9,27,0.44,0.0,0.44,0.44,0.44,0.67,0.02,0.7,0.67,0.7,Matches
371,372,Steve Mounié,bj BEN,FW,Brest,28,1994,32,20,1769,19.7,6,2,8,6,0,0,2,1,8.9,8.9,2.1,11.0,22,25,111,0.31,0.1,0.41,0.31,0.41,0.45,0.11,0.56,0.45,0.56,Matches
372,373,Samuel Moutoussamy,cd COD,MF,Nantes,26,1996,26,11,1107,12.3,1,0,1,1,0,0,2,0,1.8,1.8,0.6,2.3,20,59,33,0.08,0.0,0.08,0.08,0.08,0.14,0.05,0.19,0.14,0.19,Matches
373,374,Loris Mouyokolo,fr FRA,DF,Lorient,22,2001,1,1,90,1.0,0,0,0,0,0,0,0,0,0.0,0.0,0.0,0.0,1,0,0,0.0,0.0,0.0,0.0,0.0,0.0,0.0,0.0,0.0,0.0,Matches
374,375,François Mughe,cm CMR,MFDF,Marseille,19,2004,5,2,177,2.0,0,0,0,0,0,0,1,0,0.1,0.1,0.1,0.2,7,7,16,0.0,0.0,0.0,0.0,0.0,0.05,0.05,0.1,0.05,0.1,Matches
375,376,Nordi Mukiele,fr FRA,DF,Paris S-G,25,1997,16,9,796,8.8,0,0,0,0,0,0,2,0,1.3,1.3,0.1,1.4,12,32,26,0.0,0.0,0.0,0.0,0.0,0.15,0.01,0.16,0.15,0.16,Matches
376,377,Marshall Munetsi,zw ZIM,MF,Reims,27,1996,27,25,2173,24.1,4,3,7,4,0,0,5,0,6.2,6.2,1.0,7.2,19,67,81,0.17,0.12,0.29,0.17,0.29,0.26,0.04,0.3,0.26,0.3,Matches
377,378,Yvon Mvogo,ch SUI,GK,Lorient,29,1994,34,34,3060,34.0,0,0,0,0,0,0,1,0,0.0,0.0,0.0,0.0,0,0,0,0.0,0.0,0.0,0.0,0.0,0.0,0.0,0.0,0.0,0.0,Matches
378,379,Joel Mvuka,no NOR,DFFW,Lorient,20,2002,7,2,197,2.2,0,0,0,0,0,0,1,0,0.0,0.0,0.0,0.0,4,1,16,0.0,0.0,0.0,0.0,0.0,0.01,0.0,0.01,0.01,0.01,Matches
379,380,Junior Mwanga,fr FRA,MFFW,Strasbourg,20,2003,22,17,1450,16.1,1,1,2,1,0,0,3,0,1.4,1.4,0.8,2.2,28,56,37,0.06,0.06,0.12,0.06,0.12,0.09,0.05,0.14,0.09,0.14,Matches
380,381,Kévin N'Doram,fr FRA,MF,Metz,27,1996,23,18,1604,17.8,0,2,2,0,0,0,4,0,0.3,0.3,0.5,0.8,12,62,3,0.0,0.11,0.11,0.0,0.11,0.02,0.03,0.05,0.02,0.05,Matches
381,382,Bilal Nadir,fr FRA,MFFW,Marseille,19,2003,5,1,113,1.3,0,0,0,0,0,0,1,0,0.1,0.1,0.1,0.2,3,4,7,0.0,0.0,0.0,0.0,0.0,0.08,0.09,0.17,0.08,0.17,Matches
382,383,Mahamadou Nagida,cm CMR,DF,Rennes,18,2005,3,1,106,1.2,0,0,0,0,0,0,0,0,0.1,0.1,0.3,0.4,5,2,11,0.0,0.0,0.0,0.0,0.0,0.1,0.24,0.35,0.1,0.35,Matches
383,384,Keito Nakamura,jp JPN,FWMF,Reims,23,2000,25,17,1381,15.3,4,1,5,4,0,0,1,0,3.2,3.2,1.3,4.5,48,56,141,0.26,0.07,0.33,0.26,0.33,0.21,0.09,0.29,0.21,0.29,Matches
384,385,Keylor Navas,cr CRC,GK,Paris S-G,36,1986,4,4,360,4.0,0,0,0,0,0,0,0,0,0.0,0.0,0.0,0.0,0,0,0,0.0,0.0,0.0,0.0,0.0,0.0,0.0,0.0,0.0,0.0,Matches
385,386,Youssouf Ndayishimiye,bi BDI,MFDF,Nice,24,1998,23,20,1712,19.0,0,0,0,0,0,0,6,1,1.2,1.2,0.5,1.7,16,96,13,0.0,0.0,0.0,0.0,0.0,0.06,0.03,0.09,0.06,0.09,Matches
386,387,Bassirou Ndiaye,sn SEN,FW,Lorient,21,2002,5,0,152,1.7,0,0,0,0,0,0,0,0,0.0,0.0,0.2,0.2,1,1,7,0.0,0.0,0.0,0.0,0.0,0.0,0.09,0.09,0.0,0.09,Matches
387,388,Iliman Ndiaye,sn SEN,FWMF,Marseille,23,2000,30,19,1618,18.0,3,3,6,3,0,0,0,1,4.5,4.5,2.6,7.1,51,62,152,0.17,0.17,0.33,0.17,0.33,0.25,0.15,0.39,0.25,0.39,Matches
388,389,Massamba Ndiaye,sn SEN,GK,Clermont Foot,21,2001,4,4,360,4.0,0,0,0,0,0,0,0,0,0.0,0.0,0.0,0.0,0,1,0,0.0,0.0,0.0,0.0,0.0,0.0,0.0,0.0,0.0,0.0,Matches
389,390,Rassoul Ndiaye,sn SEN,MFFW,Le Havre,21,2001,19,6,526,5.8,0,0,0,0,0,0,4,2,0.2,0.2,0.3,0.5,7,25,16,0.0,0.0,0.0,0.0,0.0,0.03,0.05,0.08,0.03,0.08,Matches
390,391,Cher Ndour,it ITA,MF,Paris S-G,19,2004,3,0,28,0.3,0,0,0,0,0,0,1,0,0.0,0.0,0.0,0.0,0,2,1,0.0,0.0,0.0,0.0,0.0,0.0,0.0,0.0,0.0,0.0,Matches
391,392,Joseph Nduquidi,fr FRA,MFDF,Metz,18,2004,13,7,751,8.3,0,0,0,0,0,0,2,0,0.2,0.2,0.1,0.2,6,22,4,0.0,0.0,0.0,0.0,0.0,0.02,0.01,0.03,0.02,0.03,Matches
392,393,Loïc Nego,hu HUN,DFMF,Le Havre,32,1991,28,18,1561,17.3,0,3,3,0,0,0,3,0,1.3,1.3,1.0,2.3,30,64,102,0.0,0.17,0.17,0.0,0.17,0.08,0.06,0.13,0.08,0.13,Matches
393,394,Steve Ngoura,fr FRA,FWMF,Le Havre,18,2005,12,1,223,2.5,0,1,1,0,0,0,0,0,0.5,0.5,0.1,0.6,3,9,19,0.0,0.4,0.4,0.0,0.4,0.19,0.03,0.22,0.19,0.22,Matches
394,395,Shamar Nicholson,jm JAM,FW,Clermont Foot,26,1997,26,17,1484,16.5,4,3,7,3,1,2,2,0,5.9,4.4,1.1,5.4,18,33,110,0.24,0.18,0.42,0.18,0.36,0.36,0.07,0.43,0.26,0.33,Matches
395,396,Rasmus Nicolaisen,dk DEN,DF,Toulouse,26,1997,33,33,2925,32.5,2,0,2,2,0,0,6,1,1.1,1.1,0.6,1.7,5,95,11,0.06,0.0,0.06,0.06,0.06,0.03,0.02,0.05,0.03,0.05,Matches
396,397,Arnaud Nordin,fr FRA,FWMF,Montpellier,25,1998,20,15,1246,13.8,5,3,8,5,0,0,1,1,3.6,3.6,3.0,6.5,56,52,125,0.36,0.22,0.58,0.36,0.58,0.26,0.21,0.47,0.26,0.47,Matches
397,398,Ernest Nuamah,gh GHA,FWMF,Lyon,19,2003,29,21,1838,20.4,3,2,5,3,0,0,4,0,4.0,4.0,3.8,7.8,105,74,237,0.15,0.1,0.24,0.15,0.24,0.2,0.19,0.38,0.2,0.38,Matches
398,399,Gerzino Nyamsi,fr FRA,DF,Strasbourg,26,1997,13,13,1092,12.1,0,0,0,0,0,0,1,0,0.3,0.3,0.2,0.5,3,25,3,0.0,0.0,0.0,0.0,0.0,0.03,0.01,0.04,0.03,0.04,Matches
399,400,Rabby Nzingoula,cg CGO,MFFW,Strasbourg,17,2005,6,1,133,1.5,0,1,1,0,0,0,1,0,0.1,0.1,0.1,0.2,3,8,6,0.0,0.68,0.68,0.0,0.68,0.06,0.07,0.14,0.06,0.14,Matches
400,401,Jake O'Brien,ie IRL,DF,Lyon,22,2001,27,27,2369,26.3,4,2,6,4,0,0,4,1,3.6,3.6,1.1,4.7,15,68,2,0.15,0.08,0.23,0.15,0.23,0.14,0.04,0.18,0.14,0.18,Matches
401,402,Florent Ogier,fr FRA,DF,Clermont Foot,34,1989,14,9,943,10.5,1,1,2,1,0,0,1,0,0.6,0.6,0.5,1.1,4,17,0,0.1,0.1,0.19,0.1,0.19,0.06,0.05,0.1,0.06,0.1,Matches
402,403,Joseph Okumu,ke KEN,DF,Reims,26,1997,21,19,1743,19.4,1,0,1,1,0,0,3,0,1.5,1.5,0.0,1.5,15,94,3,0.05,0.0,0.05,0.05,0.05,0.08,0.0,0.08,0.08,0.08,Matches
403,404,Warmed Omari,fr FRA,DF,Rennes,23,2000,25,23,2071,23.0,1,0,1,1,0,0,5,1,0.7,0.7,0.3,0.9,22,123,1,0.04,0.0,0.04,0.04,0.04,0.03,0.01,0.04,0.03,0.04,Matches
404,405,Becir Omeragic,ch SUI,DFMF,Montpellier,21,2002,28,26,2312,25.7,0,0,0,0,0,0,4,0,0.5,0.5,0.7,1.2,21,71,12,0.0,0.0,0.0,0.0,0.0,0.02,0.03,0.05,0.02,0.05,Matches
405,406,Jean Onana,cm CMR,MF,Marseille,23,2000,13,5,566,6.3,1,0,1,1,0,0,1,0,0.8,0.8,0.1,0.9,9,32,9,0.16,0.0,0.16,0.16,0.16,0.13,0.01,0.15,0.13,0.15,Matches
406,407,Royce Openda Owaga,ga GAB,FW,Lorient,21,2002,1,0,16,0.2,0,0,0,0,0,0,0,0,0.0,0.0,0.0,0.0,0,0,1,0.0,0.0,0.0,0.0,0.0,0.0,0.0,0.0,0.0,0.0,Matches
407,408,Christopher Operi,ci CIV,DF,Le Havre,26,1997,28,28,2445,27.2,3,4,7,3,0,0,6,0,1.2,1.2,4.0,5.1,31,82,111,0.11,0.15,0.26,0.11,0.26,0.04,0.15,0.19,0.04,0.19,Matches
408,409,Gift Orban,ng NGA,FW,Lyon,21,2002,13,5,474,5.3,1,0,1,1,0,0,2,0,1.1,1.1,0.0,1.1,8,6,33,0.19,0.0,0.19,0.19,0.19,0.21,0.0,0.21,0.21,0.21,Matches
409,410,Kassoum Ouattara,fr FRA,DFFW,Monaco,18,2004,14,7,636,7.1,1,0,1,1,0,0,2,0,1.3,1.3,1.3,2.6,32,22,67,0.14,0.0,0.14,0.14,0.14,0.18,0.19,0.37,0.18,0.37,Matches
410,411,Alexandre Oukidja,dz ALG,GK,Metz,35,1988,34,34,2987,33.2,0,0,0,0,0,0,3,0,0.0,0.0,0.0,0.0,1,3,0,0.0,0.0,0.0,0.0,0.0,0.0,0.0,0.0,0.0,0.0,Matches
411,412,Azzedine Ounahi,ma MAR,MF,Marseille,23,2000,21,15,1209,13.4,2,0,2,2,0,0,3,0,1.0,1.0,1.4,2.4,32,98,70,0.15,0.0,0.15,0.15,0.15,0.07,0.11,0.18,0.07,0.18,Matches
412,413,Adam Ounas,dz ALG,FW,Lille,26,1996,17,3,418,4.6,1,0,1,1,0,0,0,0,0.6,0.6,1.9,2.6,20,20,40,0.22,0.0,0.22,0.22,0.22,0.14,0.41,0.55,0.14,0.55,Matches
413,414,Patrick Ouotro,ci CIV,FW,Strasbourg,17,2005,1,0,8,0.1,0,0,0,0,0,0,0,0,0.0,0.0,0.0,0.0,1,1,0,0.0,0.0,0.0,0.0,0.0,0.0,0.0,0.0,0.0,0.0,Matches
414,415,Pablo Pagis,fr FRA,MF,Lorient,20,2002,3,3,165,1.8,0,0,0,0,0,0,1,0,0.1,0.1,0.0,0.1,1,5,6,0.0,0.0,0.0,0.0,0.0,0.07,0.0,0.07,0.07,0.07,Matches
415,416,Nicolas Pallois,fr FRA,DF,Nantes,35,1987,23,17,1589,17.7,0,1,1,0,0,0,5,0,0.1,0.1,0.4,0.5,6,55,2,0.0,0.06,0.06,0.0,0.06,0.01,0.02,0.03,0.01,0.03,Matches
416,417,Andy Pelmard,fr FRA,DF,Clermont Foot,23,2000,34,33,2989,33.2,0,0,0,0,0,0,1,0,0.3,0.3,0.6,1.0,39,120,7,0.0,0.0,0.0,0.0,0.0,0.01,0.02,0.03,0.01,0.03,Matches
417,418,Aurélien Pelon,fr FRA,DF,Lorient,19,2004,1,1,90,1.0,0,0,0,0,0,0,1,0,0.0,0.0,0.0,0.0,0,1,0,0.0,0.0,0.0,0.0,0.0,0.0,0.0,0.0,0.0,0.0,Matches
418,419,Faris Pemi Moumbagna,cm CMR,FW,Marseille,23,2000,13,5,547,6.1,3,1,4,3,0,0,2,1,1.7,1.7,1.1,2.8,6,16,32,0.49,0.16,0.66,0.49,0.66,0.28,0.18,0.47,0.28,0.47,Matches
419,420,Danilo Pereira,pt POR,DF,Paris S-G,31,1991,26,22,1995,22.2,0,0,0,0,0,0,2,0,1.4,1.4,0.0,1.4,28,148,2,0.0,0.0,0.0,0.0,0.0,0.06,0.0,0.06,0.06,0.06,Matches
420,421,Mathias Pereira Lage,pt POR,FWMF,Brest,26,1996,30,12,1187,13.2,3,2,5,3,0,0,3,0,3.5,3.5,1.7,5.2,19,23,95,0.23,0.15,0.38,0.23,0.38,0.27,0.13,0.4,0.27,0.4,Matches
421,422,Romain Perraud,fr FRA,DFFW,Nice,25,1997,19,2,370,4.1,0,1,1,0,0,0,2,0,0.0,0.0,0.9,1.0,6,11,13,0.0,0.24,0.24,0.0,0.24,0.01,0.23,0.24,0.01,0.24,Matches
422,423,Lucas Perrin,fr FRA,DF,Strasbourg,24,1998,31,30,2723,30.3,0,1,1,0,0,0,3,0,0.6,0.6,0.8,1.4,17,115,8,0.0,0.03,0.03,0.0,0.03,0.02,0.03,0.05,0.02,0.05,Matches
423,424,Denis Petrić,rs SRB,GK,Nantes,35,1988,1,0,24,0.3,0,0,0,0,0,0,0,0,0.0,0.0,0.0,0.0,0,0,0,0.0,0.0,0.0,0.0,0.0,0.0,0.0,0.0,0.0,0.0,Matches
424,425,Ronaël Pierre-Gabriel,fr FRA,DF,Nantes,25,1998,12,6,598,6.6,0,0,0,0,0,0,3,0,0.3,0.3,0.8,1.2,12,17,12,0.0,0.0,0.0,0.0,0.0,0.05,0.12,0.17,0.05,0.17,Matches
425,426,Julien Ponceau,fr FRA,MF,Lorient,22,2000,32,27,2244,24.9,3,2,5,3,0,0,5,0,3.3,3.3,2.7,6.0,106,154,152,0.12,0.08,0.2,0.12,0.2,0.13,0.11,0.24,0.13,0.24,Matches
426,427,Sanjin Prcić,ba BIH,MF,Strasbourg,29,1993,3,1,88,1.0,0,0,0,0,0,0,0,0,0.0,0.0,0.2,0.2,0,5,0,0.0,0.0,0.0,0.0,0.0,0.01,0.23,0.24,0.01,0.24,Matches
427,428,Gonçalo Ramos,pt POR,FW,Paris S-G,22,2001,29,16,1419,15.8,11,1,12,10,1,1,1,0,10.9,10.2,2.4,12.5,11,29,88,0.7,0.06,0.76,0.63,0.7,0.69,0.15,0.84,0.64,0.79,Matches
428,429,Elba Rashani,xk KVX,MFFW,Clermont Foot,30,1993,24,14,1175,13.1,2,0,2,2,0,0,4,2,2.1,2.1,1.2,3.3,19,22,102,0.15,0.0,0.15,0.15,0.15,0.16,0.09,0.26,0.16,0.26,Matches
429,430,Guillaume Restes,fr FRA,GK,Toulouse,18,2005,34,34,3060,34.0,0,0,0,0,0,0,3,0,0.0,0.0,0.0,0.0,0,0,0,0.0,0.0,0.0,0.0,0.0,0.0,0.0,0.0,0.0,0.0,Matches
430,431,Alexsandro Ribeiro,br BRA,DF,Lille,23,1999,29,24,2220,24.7,0,0,0,0,0,0,6,1,2.0,2.0,0.5,2.6,15,82,7,0.0,0.0,0.0,0.0,0.0,0.08,0.02,0.1,0.08,0.1,Matches
431,432,Amir Richardson,ma MAR,MF,Reims,21,2002,28,14,1352,15.0,3,1,4,3,0,0,4,0,1.6,1.6,1.1,2.8,28,72,40,0.2,0.07,0.27,0.2,0.27,0.11,0.08,0.18,0.11,0.18,Matches
432,433,Fabian Rieder,ch SUI,MF,Rennes,21,2002,15,2,365,4.1,1,0,1,1,0,0,0,0,0.3,0.3,0.6,0.9,10,41,18,0.25,0.0,0.25,0.25,0.25,0.07,0.14,0.21,0.07,0.21,Matches
433,434,Rémy Riou,fr FRA,GK,Lyon,35,1987,3,3,270,3.0,0,0,0,0,0,0,0,0,0.0,0.0,0.0,0.0,0,0,0,0.0,0.0,0.0,0.0,0.0,0.0,0.0,0.0,0.0,0.0,Matches
434,435,Valentin Rongier,fr FRA,MF,Marseille,28,1994,10,10,851,9.5,0,0,0,0,0,0,2,0,0.6,0.6,0.8,1.4,19,73,10,0.0,0.0,0.0,0.0,0.0,0.06,0.09,0.15,0.06,0.15,Matches
435,436,Pablo Rosario,nl NED,MFDF,Nice,26,1997,30,21,2009,22.3,0,0,0,0,0,0,4,0,1.2,1.2,1.4,2.6,20,93,27,0.0,0.0,0.0,0.0,0.0,0.05,0.06,0.11,0.05,0.11,Matches
436,437,Valentin Rosier,fr FRA,DFMF,Nice,26,1996,3,0,53,0.6,0,0,0,0,0,0,0,0,0.0,0.0,0.1,0.2,3,5,2,0.0,0.0,0.0,0.0,0.0,0.07,0.23,0.31,0.07,0.31,Matches
437,438,Fabián Ruiz Peña,es ESP,MF,Paris S-G,27,1996,21,14,1197,13.3,1,3,4,1,0,0,3,0,2.0,2.0,1.2,3.1,16,78,40,0.08,0.23,0.3,0.08,0.3,0.15,0.09,0.24,0.15,0.24,Matches
438,439,Emmanuel Sabbi,us USA,FWMF,Le Havre,25,1997,30,18,1584,17.6,5,1,6,3,2,2,5,0,4.1,2.5,1.4,4.0,38,36,101,0.28,0.06,0.34,0.17,0.23,0.23,0.08,0.32,0.14,0.23,Matches
439,440,Falaye Sacko,ml MLI,DF,Montpellier,28,1995,19,15,1382,15.4,0,1,1,0,0,0,0,0,0.0,0.0,0.4,0.5,38,63,42,0.0,0.07,0.07,0.0,0.07,0.0,0.03,0.03,0.0,0.03,Matches
440,441,Modibo Sagnan,ml MLI,DF,Montpellier,24,1999,13,12,1054,11.7,2,0,2,2,0,0,5,0,1.2,1.2,0.3,1.5,7,25,5,0.17,0.0,0.17,0.17,0.17,0.1,0.03,0.13,0.1,0.13,Matches
441,442,Wesley Saïd,fr FRA,FWMF,Lens,28,1995,27,11,1020,11.3,7,1,8,7,0,0,1,0,5.7,5.7,0.9,6.6,18,26,95,0.62,0.09,0.71,0.62,0.71,0.5,0.08,0.58,0.5,0.58,Matches
442,443,Théo Sainte-Luce,fr FRA,DF,Montpellier,24,1998,6,3,346,3.8,0,0,0,0,0,0,1,0,0.1,0.1,0.1,0.2,8,15,6,0.0,0.0,0.0,0.0,0.0,0.03,0.02,0.05,0.03,0.05,Matches
443,444,Mamadou Sakho,fr FRA,DF,Montpellier,33,1990,1,0,7,0.1,0,0,0,0,0,0,0,0,0.0,0.0,0.0,0.0,0,1,0,0.0,0.0,0.0,0.0,0.0,0.0,0.0,0.0,0.0,0.0,Matches
444,445,Ibrahim Salah,ma MAR,FWMF,Rennes,21,2001,23,4,524,5.8,4,1,5,4,0,0,3,0,3.1,3.1,0.5,3.6,15,18,61,0.69,0.17,0.86,0.69,0.86,0.54,0.08,0.62,0.54,0.62,Matches
445,446,Amine Salama,fr FRA,FW,Reims,23,2000,11,2,313,3.5,0,0,0,0,0,0,0,0,0.7,0.7,0.2,1.0,10,7,33,0.0,0.0,0.0,0.0,0.0,0.21,0.07,0.27,0.21,0.27,Matches
446,447,Mohammed Salisu,gh GHA,DF,Monaco,24,1999,12,11,1035,11.5,0,1,1,0,0,0,2,0,0.2,0.2,0.2,0.5,7,72,6,0.0,0.09,0.09,0.0,0.09,0.02,0.02,0.04,0.02,0.04,Matches
447,448,Yoann Salmier,gf GUF,DF,Le Havre,30,1992,20,18,1568,17.4,1,1,2,1,0,0,3,0,1.1,1.1,0.7,1.8,8,48,8,0.06,0.06,0.11,0.06,0.11,0.06,0.04,0.1,0.06,0.1,Matches
448,449,Mama Samba Baldé,gw GNB,FWMF,Lyon,27,1995,20,4,551,6.1,2,3,5,2,0,0,1,0,3.4,3.4,2.3,5.7,23,11,73,0.33,0.49,0.82,0.33,0.82,0.55,0.38,0.94,0.55,0.94,Matches
449,450,Brice Samba,fr FRA,GK,Lens,29,1994,33,33,2970,33.0,0,0,0,0,0,0,3,0,0.0,0.0,0.2,0.2,0,4,0,0.0,0.0,0.0,0.0,0.0,0.0,0.01,0.01,0.0,0.01,Matches
450,451,Ibou Sané,sn SEN,MFFW,Metz,18,2005,9,0,128,1.4,1,0,1,1,0,0,1,0,0.7,0.7,0.0,0.7,6,7,8,0.7,0.0,0.7,0.7,0.7,0.49,0.03,0.51,0.49,0.51,Matches
451,452,Sadibou Sané,sn SEN,DF,Metz,19,2004,14,9,846,9.4,0,0,0,0,0,0,1,0,0.4,0.4,0.0,0.4,8,19,8,0.0,0.0,0.0,0.0,0.0,0.04,0.0,0.04,0.04,0.04,Matches
452,453,Arouna Sangante,sn SEN,DF,Le Havre,21,2002,30,30,2687,29.9,0,0,0,0,0,0,8,0,0.9,0.9,1.2,2.1,20,107,27,0.0,0.0,0.0,0.0,0.0,0.03,0.04,0.07,0.03,0.07,Matches
453,454,Morgan Sanson,fr FRA,MF,Nice,28,1994,29,24,1964,21.8,2,3,5,2,0,0,4,0,3.3,3.3,4.0,7.3,57,75,98,0.09,0.14,0.23,0.09,0.23,0.15,0.18,0.33,0.15,0.33,Matches
454,455,Baptiste Santamaria,fr FRA,MF,Rennes,28,1995,30,22,1926,21.4,0,1,1,0,0,0,3,0,1.9,1.9,0.6,2.5,13,134,36,0.0,0.05,0.05,0.0,0.05,0.09,0.03,0.12,0.09,0.12,Matches
455,456,Andrey Santos,br BRA,MF,Strasbourg,19,2004,11,9,831,9.2,1,0,1,1,0,0,4,0,1.0,1.0,1.0,2.0,5,48,15,0.11,0.0,0.11,0.11,0.11,0.11,0.11,0.21,0.11,0.21,Matches
456,457,Tiago Santos,pt POR,DF,Lille,21,2002,29,26,2365,26.3,1,2,3,1,0,0,6,0,1.4,1.4,2.3,3.6,89,105,137,0.04,0.08,0.11,0.04,0.11,0.05,0.09,0.14,0.05,0.14,Matches
457,458,Amin Sarr,se SWE,FWMF,Lyon,22,2001,3,1,98,1.1,0,0,0,0,0,0,0,0,0.3,0.3,0.2,0.5,3,1,8,0.0,0.0,0.0,0.0,0.0,0.31,0.14,0.45,0.31,0.45,Matches
458,459,Ismaila Sarr,sn SEN,FWMF,Marseille,25,1998,23,15,1447,16.1,3,4,7,3,0,0,1,0,3.2,3.2,2.5,5.7,49,36,152,0.19,0.25,0.44,0.19,0.44,0.2,0.15,0.35,0.2,0.35,Matches
459,460,Mamadou Sarr,fr FRA,DF,Lyon,17,2005,1,0,8,0.1,0,0,0,0,0,0,0,0,0.0,0.0,0.0,0.0,0,0,0,0.0,0.0,0.0,0.0,0.0,0.0,0.0,0.0,0.0,0.0,Matches
460,461,Martin Satriano,uy URU,FW,Brest,22,2001,33,21,1864,20.7,4,4,8,4,0,0,4,0,6.1,6.1,2.9,9.0,28,37,121,0.19,0.19,0.39,0.19,0.39,0.29,0.14,0.43,0.29,0.43,Matches
461,462,Téji Savanier,fr FRA,MF,Montpellier,31,1991,32,32,2765,30.7,9,6,15,2,7,7,8,1,9.1,3.6,6.9,10.5,39,224,108,0.29,0.2,0.49,0.07,0.26,0.29,0.22,0.52,0.12,0.34,Matches
462,463,Niklas Schmidt,de GER,MF,Toulouse,25,1998,22,15,1269,14.1,1,1,2,1,0,0,4,0,1.2,1.2,2.4,3.6,20,106,43,0.07,0.07,0.14,0.07,0.14,0.09,0.17,0.26,0.09,0.26,Matches
463,464,Jérémy Sebas,mq MTQ,FWMF,Strasbourg,20,2003,14,2,399,4.4,2,0,2,2,0,0,0,0,1.0,1.0,0.0,1.0,13,6,39,0.45,0.0,0.45,0.45,0.45,0.21,0.01,0.22,0.21,0.22,Matches
464,465,Alidu Seidu,gh GHA,DF,Rennes,23,2000,11,7,593,6.6,0,0,0,0,0,0,3,0,0.2,0.2,0.1,0.3,14,23,24,0.0,0.0,0.0,0.0,0.0,0.04,0.01,0.05,0.04,0.05,Matches
465,466,Alidu Seidu,gh GHA,DF,Clermont Foot,23,2000,14,13,1131,12.6,0,1,1,0,0,0,5,1,0.1,0.1,0.7,0.7,16,33,3,0.0,0.08,0.08,0.0,0.08,0.01,0.05,0.06,0.01,0.06,Matches
466,467,Matz Sels,be BEL,GK,Strasbourg,31,1992,19,19,1710,19.0,0,0,0,0,0,0,2,0,0.0,0.0,0.5,0.5,0,0,0,0.0,0.0,0.0,0.0,0.0,0.0,0.03,0.03,0.0,0.03,Matches
467,468,Marvin Senaya,tg TOG,DFMF,Strasbourg,22,2001,32,23,2138,23.8,1,1,2,1,0,0,5,1,1.2,1.2,2.8,4.0,48,74,81,0.04,0.04,0.08,0.04,0.08,0.05,0.12,0.17,0.05,0.17,Matches
468,469,Sofiane Sidi Ali,fr FRA,MF,Marseille,28,1995,2,0,18,0.2,0,0,0,0,0,0,0,0,0.0,0.0,0.0,0.0,0,1,3,0.0,0.0,0.0,0.0,0.0,0.12,0.0,0.12,0.12,0.12,Matches
469,470,Vincent Sierro,ch SUI,MF,Toulouse,27,1995,30,25,2261,25.1,6,2,8,2,4,5,8,0,5.9,1.9,2.3,4.2,17,135,73,0.24,0.08,0.32,0.08,0.16,0.23,0.09,0.33,0.08,0.17,Matches
470,471,Caio Henrique Oliveira Silva,br BRA,DF,Monaco,26,1997,9,7,623,6.9,0,5,5,0,0,0,0,0,0.2,0.2,1.3,1.5,16,33,54,0.0,0.72,0.72,0.0,0.72,0.03,0.18,0.22,0.03,0.22,Matches
471,472,Moses Simon,ng NGA,FWMF,Nantes,28,1995,22,21,1788,19.9,3,5,8,2,1,1,0,0,4.1,3.3,3.7,7.0,146,36,214,0.15,0.25,0.4,0.1,0.35,0.21,0.18,0.39,0.17,0.35,Matches
472,473,Wilfried Singo,ci CIV,DF,Monaco,22,2000,25,24,2187,24.3,1,1,2,1,0,0,8,1,0.8,0.8,1.0,1.9,38,145,31,0.04,0.04,0.08,0.04,0.08,0.03,0.04,0.08,0.03,0.08,Matches
473,474,Ayanda Sishuba,be BEL,MFFW,Lens,18,2005,7,0,62,0.7,0,0,0,0,0,0,0,0,0.9,0.9,0.0,0.9,7,1,10,0.0,0.0,0.0,0.0,0.0,1.27,0.04,1.31,1.27,1.31,Matches
474,475,Ibrahima Sissoko,ml MLI,MF,Strasbourg,25,1997,27,18,1642,18.2,0,1,1,0,0,0,7,0,1.0,1.0,1.7,2.6,15,88,18,0.0,0.05,0.05,0.0,0.05,0.05,0.09,0.14,0.05,0.14,Matches
475,476,Moussa Sissoko,fr FRA,MF,Nantes,33,1989,26,21,1821,20.2,0,0,0,0,0,0,7,0,1.3,1.3,1.1,2.3,30,74,59,0.0,0.0,0.0,0.0,0.0,0.06,0.05,0.12,0.06,0.12,Matches
476,477,Milan Škriniar,sk SVK,DF,Paris S-G,28,1995,24,17,1629,18.1,0,0,0,0,0,0,1,0,0.2,0.2,0.1,0.2,5,61,1,0.0,0.0,0.0,0.0,0.0,0.01,0.0,0.01,0.01,0.01,Matches
477,478,Naatan Skyttä,fi FIN,MFFW,Toulouse,21,2002,8,0,120,1.3,0,0,0,0,0,0,0,0,0.5,0.5,0.6,1.1,1,12,12,0.0,0.0,0.0,0.0,0.0,0.4,0.44,0.84,0.36,0.81,Matches
478,479,Eduard Sobol,ua UKR,DF,Strasbourg,28,1995,3,0,25,0.3,0,0,0,0,0,0,0,0,0.0,0.0,0.0,0.0,2,1,0,0.0,0.0,0.0,0.0,0.0,0.0,0.0,0.0,0.0,0.0,Matches
479,480,Emran Soglo,eng ENG,MFDF,Marseille,18,2005,3,1,109,1.2,1,1,2,1,0,0,1,0,0.1,0.1,0.2,0.2,1,3,8,0.83,0.83,1.65,0.83,1.65,0.07,0.13,0.2,0.07,0.2,Matches
480,481,Carlos Soler,es ESP,MFDF,Paris S-G,26,1997,24,12,1090,12.1,2,2,4,2,0,0,1,0,1.5,1.5,2.4,3.9,15,74,59,0.17,0.17,0.33,0.17,0.33,0.12,0.2,0.32,0.12,0.32,Matches
481,482,Florian Sotoca,fr FRA,MFFW,Lens,32,1990,32,29,2598,28.9,7,6,13,3,4,4,4,1,9.1,5.9,6.5,12.4,56,156,253,0.24,0.21,0.45,0.1,0.31,0.32,0.22,0.54,0.21,0.43,Matches
482,483,Issa Soumaré,sn SEN,FWMF,Le Havre,22,2000,7,3,237,2.6,0,0,0,0,0,0,0,0,0.4,0.4,0.6,1.0,4,4,18,0.0,0.0,0.0,0.0,0.0,0.14,0.24,0.39,0.14,0.39,Matches
483,484,Saidou Sow,gn GUI,DF,Strasbourg,21,2002,10,8,719,8.0,0,1,1,0,0,0,2,0,0.3,0.3,0.5,0.8,1,24,0,0.0,0.13,0.13,0.0,0.13,0.04,0.06,0.1,0.04,0.1,Matches
484,485,Stijn Spierings,nl NED,MF,Toulouse,27,1996,22,16,1516,16.8,0,1,1,0,0,0,5,0,0.4,0.4,0.6,1.0,16,157,22,0.0,0.06,0.06,0.0,0.06,0.02,0.03,0.06,0.02,0.06,Matches
485,486,Stijn Spierings,nl NED,MF,Lens,27,1996,4,1,118,1.3,0,0,0,0,0,0,2,0,0.0,0.0,0.0,0.0,0,9,4,0.0,0.0,0.0,0.0,0.0,0.0,0.0,0.0,0.0,0.0,Matches
486,487,Benjamin Stambouli,fr FRA,MF,Reims,32,1990,7,3,286,3.2,0,1,1,0,0,0,4,0,0.1,0.1,0.1,0.2,2,8,2,0.0,0.31,0.31,0.0,0.31,0.02,0.03,0.05,0.02,0.05,Matches
487,488,Gabriel Suazo,cl CHI,DF,Toulouse,25,1997,31,27,2357,26.2,0,4,4,0,0,0,5,0,0.7,0.7,3.0,3.7,44,114,166,0.0,0.15,0.15,0.0,0.15,0.03,0.12,0.14,0.03,0.14,Matches
488,489,Abakar Sylla,ci CIV,DF,Strasbourg,20,2002,22,19,1792,19.9,2,0,2,2,0,0,4,0,1.6,1.6,0.5,2.0,8,72,2,0.1,0.0,0.1,0.1,0.1,0.08,0.02,0.1,0.08,0.1,Matches
489,490,Dembo Sylla,gn GUI,DF,Lorient,20,2002,1,0,45,0.5,0,0,0,0,0,0,0,0,0.1,0.1,0.0,0.1,0,1,6,0.0,0.0,0.0,0.0,0.0,0.21,0.0,0.21,0.21,0.21,Matches
490,491,Issiaga Sylla,gn GUI,DFFW,Montpellier,29,1994,19,17,1455,16.2,1,2,3,1,0,0,3,0,1.4,1.4,1.7,3.1,29,43,51,0.06,0.12,0.19,0.06,0.19,0.09,0.11,0.19,0.09,0.19,Matches
491,492,Musa Al-Taamari,jo JOR,FW,Montpellier,26,1997,27,24,1928,21.4,5,2,7,5,0,0,0,0,3.6,3.6,3.5,7.1,81,54,168,0.23,0.09,0.33,0.23,0.33,0.17,0.16,0.33,0.17,0.33,Matches
492,493,Nicolás Tagliafico,ar ARG,DF,Lyon,30,1992,25,25,2123,23.6,3,1,4,3,0,0,7,1,2.6,2.6,1.0,3.5,32,105,119,0.13,0.04,0.17,0.13,0.17,0.11,0.04,0.15,0.11,0.15,Matches
493,494,Montassar Talbi,tn TUN,DF,Lorient,25,1998,25,25,2204,24.5,0,0,0,0,0,0,2,0,0.6,0.6,0.2,0.8,15,88,7,0.0,0.0,0.0,0.0,0.0,0.02,0.01,0.03,0.02,0.03,Matches
494,495,Oussama Targhalline,ma MAR,MF,Le Havre,21,2002,14,12,1025,11.4,0,0,0,0,0,0,4,1,0.2,0.2,0.4,0.6,27,70,15,0.0,0.0,0.0,0.0,0.0,0.02,0.03,0.05,0.02,0.05,Matches
495,496,Enzo Tchato,cm CMR,DF,Montpellier,20,2002,17,11,1125,12.5,0,0,0,0,0,0,2,0,0.3,0.3,0.3,0.6,26,46,57,0.0,0.0,0.0,0.0,0.0,0.03,0.03,0.05,0.03,0.05,Matches
496,497,Arnau Tenas,es ESP,GK,Paris S-G,22,2001,6,5,529,5.9,0,1,1,0,0,0,0,0,0.0,0.0,0.8,0.8,0,0,0,0.0,0.17,0.17,0.0,0.17,0.0,0.13,0.13,0.0,0.13,Matches
497,498,Martin Terrier,fr FRA,FWMF,Rennes,26,1997,24,19,1527,17.0,7,3,10,7,0,0,2,1,5.2,5.2,2.6,7.8,28,58,112,0.41,0.18,0.59,0.41,0.59,0.31,0.15,0.46,0.31,0.46,Matches
498,499,Benjamin Tetteh,gh GHA,FWMF,Metz,26,1997,12,1,278,3.1,0,0,0,0,0,0,2,0,0.3,0.3,0.1,0.3,3,6,13,0.0,0.0,0.0,0.0,0.0,0.08,0.03,0.11,0.08,0.11,Matches
499,500,Teddy Teuma,mt MLT,MF,Reims,29,1993,28,25,2113,23.5,6,3,9,5,1,1,7,0,3.1,2.3,3.7,6.0,29,157,112,0.26,0.13,0.38,0.21,0.34,0.13,0.16,0.29,0.1,0.26,Matches
500,501,Arthur Theate,be BEL,DF,Rennes,23,2000,28,27,2296,25.5,2,0,2,2,0,0,4,0,1.9,1.9,0.8,2.7,33,151,24,0.08,0.0,0.08,0.08,0.08,0.07,0.03,0.11,0.07,0.11,Matches
501,502,Adrien Thomasson,fr FRA,MF,Lens,29,1993,29,13,1193,13.3,1,2,3,1,0,0,2,1,3.8,3.8,3.9,7.7,20,68,121,0.08,0.15,0.23,0.08,0.23,0.29,0.29,0.58,0.29,0.58,Matches
502,503,Khéphren Thuram,fr FRA,MF,Nice,22,2001,27,25,2108,23.4,1,1,2,1,0,0,7,0,3.4,3.4,3.7,7.0,67,104,57,0.04,0.04,0.09,0.04,0.09,0.14,0.16,0.3,0.14,0.3,Matches
503,504,Cheikh Tidiane Sabaly,sn SEN,FWMF,Metz,24,1999,29,17,1379,15.3,3,1,4,3,0,0,4,0,2.7,2.7,1.2,3.8,37,36,75,0.2,0.07,0.26,0.2,0.26,0.17,0.08,0.25,0.17,0.25,Matches
504,505,Jean-Clair Todibo,fr FRA,DF,Nice,23,1999,30,30,2651,29.5,0,2,2,0,0,0,2,1,0.6,0.6,1.6,2.2,32,150,11,0.0,0.07,0.07,0.0,0.07,0.02,0.06,0.08,0.02,0.08,Matches
505,506,Corentin Tolisso,fr FRA,MF,Lyon,28,1994,25,21,1741,19.3,2,1,3,1,1,1,5,0,3.2,2.4,1.8,4.2,30,153,67,0.1,0.05,0.16,0.05,0.1,0.17,0.09,0.26,0.13,0.22,Matches
506,507,Abdoulaye Touré,gn GUI,MF,Le Havre,29,1994,30,27,2284,25.4,2,0,2,0,2,2,4,0,3.0,1.4,0.9,2.3,22,148,25,0.08,0.0,0.08,0.0,0.0,0.12,0.04,0.15,0.05,0.09,Matches
507,508,Souleymane Touré,fr FRA,DF,Lorient,20,2003,24,23,2051,22.8,1,1,2,1,0,0,6,0,1.7,1.7,0.4,2.2,24,73,25,0.04,0.04,0.09,0.04,0.09,0.08,0.02,0.1,0.08,0.1,Matches
508,509,Daouda Traoré,fr FRA,MF,Nice,17,2006,1,0,16,0.2,0,0,0,0,0,0,0,0,0.1,0.1,0.0,0.1,1,1,0,0.0,0.0,0.0,0.0,0.0,0.34,0.0,0.34,0.34,0.34,Matches
509,510,Ismaël Traoré,ci CIV,DF,Metz,36,1986,26,25,2220,24.7,2,0,2,2,0,0,2,0,0.8,0.8,0.2,1.0,1,32,1,0.08,0.0,0.08,0.08,0.08,0.03,0.01,0.04,0.03,0.04,Matches
510,511,Adrien Truffert,fr FRA,DF,Rennes,21,2001,30,24,2145,23.8,1,2,3,1,0,0,6,0,1.7,1.7,1.8,3.5,51,98,181,0.04,0.08,0.13,0.04,0.13,0.07,0.08,0.15,0.07,0.15,Matches
511,512,Matthieu Udol,fr FRA,DF,Metz,27,1996,30,30,2700,30.0,3,3,6,3,0,0,5,0,1.4,1.4,3.1,4.5,46,98,86,0.1,0.1,0.2,0.1,0.2,0.05,0.1,0.15,0.05,0.15,Matches
512,513,Manuel Ugarte Ribeiro,uy URU,MF,Paris S-G,22,2001,25,21,1932,21.5,0,2,2,0,0,0,5,0,0.6,0.6,0.9,1.5,16,87,24,0.0,0.09,0.09,0.0,0.09,0.03,0.04,0.07,0.03,0.07,Matches
513,514,Samuel Umtiti,fr FRA,DF,Lille,29,1993,6,2,185,2.1,0,0,0,0,0,0,0,0,0.0,0.0,0.0,0.0,0,8,0,0.0,0.0,0.0,0.0,0.0,0.0,0.0,0.0,0.0,0.0,Matches
514,515,Kévin Van Den Kerkhof,dz ALG,FWMF,Metz,27,1996,29,21,1913,21.3,1,2,3,1,0,0,2,0,1.5,1.5,3.5,5.0,65,28,145,0.05,0.09,0.14,0.05,0.14,0.07,0.16,0.24,0.07,0.24,Matches
515,516,Vanderson,br BRA,DF,Monaco,22,2001,20,20,1641,18.2,3,1,4,3,0,0,6,1,2.1,2.1,1.4,3.5,26,71,129,0.16,0.05,0.22,0.16,0.22,0.12,0.08,0.19,0.12,0.19,Matches
516,517,Jordan Veretout,fr FRA,MF,Marseille,30,1993,29,24,2183,24.3,1,2,3,1,0,0,4,0,2.9,2.9,5.0,7.9,53,194,81,0.04,0.08,0.12,0.04,0.12,0.12,0.21,0.33,0.12,0.33,Matches
517,518,Alan Virginius,fr FRA,FW,Lille,20,2003,2,1,71,0.8,0,0,0,0,0,0,0,0,0.0,0.0,0.0,0.0,1,2,4,0.0,0.0,0.0,0.0,0.0,0.0,0.02,0.02,0.0,0.02,Matches
518,519,Alan Virginius,fr FRA,FW,Clermont Foot,20,2003,14,12,934,10.4,0,2,2,0,0,0,0,0,1.3,1.3,1.5,2.8,22,21,64,0.0,0.19,0.19,0.0,0.19,0.13,0.15,0.27,0.13,0.27,Matches
519,520,Vitinha,pt POR,FW,Marseille,23,2000,18,10,923,10.3,3,2,5,3,0,0,1,0,5.1,5.1,2.9,8.0,15,23,84,0.29,0.2,0.49,0.29,0.49,0.5,0.28,0.78,0.5,0.78,Matches
520,521,Vitinha,pt POR,MF,Paris S-G,23,2000,28,23,2126,23.6,7,4,11,7,0,0,0,0,3.1,3.1,3.1,6.3,41,182,122,0.3,0.17,0.47,0.3,0.47,0.13,0.13,0.27,0.13,0.27,Matches
521,522,Elye Wahi,fr FRA,FW,Montpellier,20,2003,1,0,14,0.2,0,0,0,0,0,0,0,0,0.0,0.0,0.6,0.6,1,1,2,0.0,0.0,0.0,0.0,0.0,0.0,4.23,4.23,0.0,4.23,Matches
522,523,Elye Wahi,fr FRA,FW,Lens,20,2003,27,20,1692,18.8,9,3,12,8,1,1,10,1,11.5,10.7,2.6,13.4,52,15,171,0.48,0.16,0.64,0.43,0.59,0.61,0.14,0.75,0.57,0.71,Matches
523,524,Mateusz Wieteska,pl POL,DF,Clermont Foot,26,1997,2,2,174,1.9,1,0,1,1,0,0,0,0,0.1,0.1,0.0,0.1,0,6,1,0.52,0.0,0.52,0.52,0.52,0.05,0.0,0.05,0.05,0.05,Matches
524,525,Josh Wilson-Esbrand,eng ENG,DFMF,Reims,20,2002,11,5,461,5.1,1,1,2,1,0,0,1,0,0.1,0.1,1.0,1.1,11,19,20,0.2,0.2,0.39,0.2,0.39,0.03,0.19,0.21,0.03,0.21,Matches
525,526,Christopher Wooh,cm CMR,DF,Rennes,21,2001,18,15,1388,15.4,1,0,1,1,0,0,3,1,1.3,1.3,0.7,2.0,8,61,4,0.06,0.0,0.06,0.06,0.06,0.09,0.04,0.13,0.09,0.13,Matches
526,527,Abduqodir Xusanov,uz UZB,DF,Lens,19,2004,11,9,809,9.0,0,0,0,0,0,0,5,0,0.2,0.2,0.1,0.2,5,23,1,0.0,0.0,0.0,0.0,0.0,0.02,0.01,0.03,0.02,0.03,Matches
527,528,Yusuf Yazıcı,tr TUR,MFFW,Lille,26,1997,27,16,1312,14.6,5,2,7,5,0,0,5,0,5.4,5.4,1.9,7.3,31,48,90,0.34,0.14,0.48,0.34,0.48,0.37,0.13,0.5,0.37,0.5,Matches
528,529,Kelvin Yeboah,it ITA,FW,Montpellier,23,2000,13,0,276,3.1,0,0,0,0,0,0,0,0,0.5,0.5,0.3,0.7,9,5,25,0.0,0.0,0.0,0.0,0.0,0.15,0.08,0.24,0.15,0.24,Matches
529,530,Bertuğ Yıldırım,tr TUR,FW,Rennes,21,2002,21,2,469,5.2,0,1,1,0,0,0,3,0,1.4,1.4,0.7,2.1,9,11,29,0.0,0.19,0.19,0.0,0.19,0.27,0.13,0.4,0.27,0.4,Matches
530,531,Darlin Yongwa,cm CMR,DF,Lorient,22,2000,22,11,1159,12.9,1,1,2,1,0,0,3,0,0.7,0.7,1.4,2.1,39,43,81,0.08,0.08,0.16,0.08,0.16,0.06,0.1,0.16,0.06,0.16,Matches
531,532,Leny Yoro,fr FRA,DF,Lille,17,2005,32,30,2673,29.7,2,0,2,2,0,0,5,0,1.5,1.5,0.1,1.7,8,68,3,0.07,0.0,0.07,0.07,0.07,0.05,0.0,0.06,0.05,0.06,Matches
532,533,Etienne Youte Kinkoue,fr FRA,DF,Le Havre,21,2002,22,22,1941,21.6,0,0,0,0,0,0,1,0,0.4,0.4,0.1,0.4,12,31,3,0.0,0.0,0.0,0.0,0.0,0.02,0.0,0.02,0.02,0.02,Matches
533,534,Yoram Zague,fr FRA,DF,Paris S-G,17,2006,5,4,373,4.1,1,0,1,1,0,0,1,0,0.3,0.3,0.5,0.8,2,13,4,0.24,0.0,0.24,0.24,0.24,0.07,0.11,0.18,0.07,0.18,Matches
534,535,Warren Zaïre-Emery,fr FRA,MFDF,Paris S-G,17,2006,26,21,1962,21.8,2,3,5,2,0,0,4,0,1.4,1.4,3.2,4.5,54,116,90,0.09,0.14,0.23,0.09,0.23,0.06,0.14,0.21,0.06,0.21,Matches
535,536,Denis Zakaria,ch SUI,MFDF,Monaco,26,1996,25,24,2137,23.7,4,0,4,4,0,0,13,2,1.4,1.4,1.1,2.5,27,107,23,0.17,0.0,0.17,0.17,0.17,0.06,0.05,0.11,0.06,0.11,Matches
536,537,Mehdi Zeffane,dz ALG,DFMF,Clermont Foot,31,1992,23,15,1231,13.7,0,0,0,0,0,0,2,0,1.4,1.4,0.4,1.8,14,53,48,0.0,0.0,0.0,0.0,0.0,0.1,0.03,0.13,0.1,0.13,Matches
537,538,Nathan Zeze,fr FRA,DF,Nantes,18,2005,13,11,1022,11.4,0,0,0,0,0,0,1,0,0.3,0.3,0.0,0.3,1,30,2,0.0,0.0,0.0,0.0,0.0,0.03,0.0,0.03,0.03,0.03,Matches
538,539,Edon Zhegrova,xk KVX,FW,Lille,24,1999,33,25,2288,25.4,6,6,12,6,0,0,3,1,6.2,6.2,6.2,12.4,110,90,322,0.24,0.24,0.47,0.24,0.47,0.24,0.24,0.49,0.24,0.49,Matches
539,540,Luc Zogbé,ci CIV,DF,Brest,18,2005,1,0,11,0.1,0,0,0,0,0,0,0,0,0.0,0.0,0.0,0.0,0,0,0,0.0,0.0,0.0,0.0,0.0,0.0,0.0,0.0,0.0,0.0,Matches
